cell,gene,Ms,Mu,velocity
nc01_zumi:AAGAGGCAAGAGGATAx,elf1,0.038990986,0.08054888,0.01430843
nc01_zumi:AAGAGGCAAGGCTTAGx,elf1,0.054848738,0.191054,0.07528276
nc01_zumi:AAGAGGCAATAGCCTTx,elf1,0.76232255,0.7565797,0.0056585683
nc01_zumi:AAGAGGCACGGAGAGAx,elf1,0.7182179,0.6069881,0.020362964
nc01_zumi:AAGAGGCATATGCAGTx,elf1,0.6077145,0.42084637,0.026675941
nc01_zumi:AAGAGGCATCGCATAAx,elf1,0.43343356,0.44120952,0.0261577
nc01_zumi:AAGAGGCATCTTACGCx,elf1,0.53409636,0.75815195,0.01815025
nc01_zumi:ACTCGCTAAGAGGATAx,elf1,0.8890722,0.5660716,0.010597467
nc01_zumi:ACTCGCTAAGCTAGAAx,elf1,0.014956961,0.059303652,0.009058215
nc01_zumi:ACTCGCTAAGGCTTAGx,elf1,0.22715117,0.60555625,0.044174414
nc01_zumi:ACTCGCTAATAGCCTTx,elf1,0.0024918318,0.031545486,0.0061528157
nc01_zumi:ACTCGCTACGGAGAGAx,elf1,0.004287186,0.0020503888,0.0055638994
nc01_zumi:ACTCGCTATATGCAGTx,elf1,0.0040944247,0.0059965192,0.0064676665
nc01_zumi:ACTCGCTATCGCATAAx,elf1,0.04845445,0.19102621,0.07575413
nc01_zumi:ACTCGCTATCTTACGCx,elf1,0.004990791,0.055388097,0.009505154
nc01_zumi:ACTGAGCGAGAGGATAx,elf1,0.6003549,0.73931426,0.00892929
nc01_zumi:ACTGAGCGAGCTAGAAx,elf1,0.09018255,0.32616842,0.05069887
nc01_zumi:ACTGAGCGAGGCTTAGx,elf1,0.76813024,0.76453865,0.0057388768
nc01_zumi:ACTGAGCGATAGCCTTx,elf1,0.06489919,0.19836283,0.07529112
nc01_zumi:ACTGAGCGCGGAGAGAx,elf1,0.039613586,0.099640466,0.0756123
nc01_zumi:ACTGAGCGTATGCAGTx,elf1,0.6729936,0.5030903,0.0148044005
nc01_zumi:ACTGAGCGTCTTACGCx,elf1,0.029181303,0.06034592,0.019092007
nc01_zumi:AGGCAGAAAGAGGATAx,elf1,1.0,0.71845615,0.013668417
nc01_zumi:AGGCAGAAAGCTAGAAx,elf1,0.02680366,0.06595786,0.036374394
nc01_zumi:AGGCAGAAAGGCTTAGx,elf1,0.026659926,0.04810877,0.009740258
nc01_zumi:AGGCAGAAATAGCCTTx,elf1,0.010790445,0.029937379,0.011317174
nc01_zumi:AGGCAGAACGGAGAGAx,elf1,0.17195667,0.39489204,0.04716361
nc01_zumi:AGGCAGAATATGCAGTx,elf1,0.79593235,0.721592,0.020267872
nc01_zumi:AGGCAGAATCTTACGCx,elf1,0.548524,0.73517776,0.014985363
nc01_zumi:ATCTCAGGAGCTAGAAx,elf1,0.0044775535,0.007195824,0.005937416
nc01_zumi:ATCTCAGGAGGCTTAGx,elf1,0.53409636,0.75815195,0.018339124
nc01_zumi:ATCTCAGGATAGCCTTx,elf1,0.0044775535,0.007195824,0.0065282993
nc01_zumi:ATCTCAGGCGGAGAGAx,elf1,0.55531216,0.7859825,0.022220403
nc01_zumi:ATCTCAGGTATGCAGTx,elf1,0.73617375,0.62183774,0.012452267
nc01_zumi:ATCTCAGGTCGCATAAx,elf1,0.46327543,0.66093075,0.030115064
nc01_zumi:ATCTCAGGTCTTACGCx,elf1,0.019552235,0.14476252,0.04898942
nc01_zumi:ATGCGCAGAGAGGATAx,elf1,0.004333116,0.0035716447,0.005890896
nc01_zumi:ATGCGCAGAGCTAGAAx,elf1,0.004045099,0.028830916,0.0072105946
nc01_zumi:ATGCGCAGAGGCTTAGx,elf1,0.19254424,0.46900386,0.056610357
nc01_zumi:ATGCGCAGATAGCCTTx,elf1,0.020420864,0.13913713,0.070138715
nc01_zumi:ATGCGCAGCGGAGAGAx,elf1,0.058457408,0.113070786,0.07504567
nc01_zumi:ATGCGCAGTATGCAGTx,elf1,0.025678454,0.047138803,0.01026885
nc01_zumi:ATGCGCAGTCTTACGCx,elf1,0.5159794,0.66416544,0.027901728
nc01_zumi:CCTAAGACAGCTAGAAx,elf1,0.83084357,0.76457065,0.0051933397
nc01_zumi:CCTAAGACAGGCTTAGx,elf1,0.034829155,0.10361338,0.05125659
nc01_zumi:CCTAAGACATAGCCTTx,elf1,0.41705647,0.89615124,0.02215071
nc01_zumi:CCTAAGACCGGAGAGAx,elf1,0.83802843,0.6986454,0.008005397
nc01_zumi:CCTAAGACTATGCAGTx,elf1,0.5505012,0.78260845,0.018408842
nc01_zumi:CCTAAGACTCGCATAAx,elf1,0.0061802515,0.007195824,0.005790817
nc01_zumi:CCTAAGACTCTTACGCx,elf1,0.026113313,0.047538828,0.007980457
nc01_zumi:CGAGGCTGAGAGGATAx,elf1,0.047551367,0.15596244,0.073920816
nc01_zumi:CGAGGCTGAGCTAGAAx,elf1,0.6307278,0.73466134,0.020737972
nc01_zumi:CGAGGCTGAGGCTTAGx,elf1,0.02954225,0.12402014,0.074869104
nc01_zumi:CGAGGCTGATAGCCTTx,elf1,0.10617851,0.33126593,0.072482176
nc01_zumi:CGAGGCTGCGGAGAGAx,elf1,0.6003549,0.73931426,0.00899737
nc01_zumi:CGAGGCTGTATGCAGTx,elf1,0.055561945,0.2637531,0.07418785
nc01_zumi:CGAGGCTGTCGCATAAx,elf1,0.001440641,0.0,0.005637437
nc01_zumi:CGAGGCTGTCTTACGCx,elf1,0.5796082,0.7748069,0.017077744
nc01_zumi:CGATCAGTAGCTAGAAx,elf1,0.025446096,0.021934299,0.006051281
nc01_zumi:CGATCAGTAGGCTTAGx,elf1,0.2303069,0.536072,0.03986431
nc01_zumi:CGATCAGTATAGCCTTx,elf1,0.13291097,0.1680143,0.073136486
nc01_zumi:CGATCAGTCGGAGAGAx,elf1,0.031381372,0.1109466,0.07529499
nc01_zumi:CGATCAGTTATGCAGTx,elf1,0.02985901,0.055709492,0.008215123
nc01_zumi:CGATCAGTTCGCATAAx,elf1,0.025226975,0.062445965,0.040363345
nc01_zumi:CGATCAGTTCTTACGCx,elf1,0.055241708,0.16950063,0.07376949
nc01_zumi:CGGAGCCTAGAGGATAx,elf1,0.61847275,0.93514043,0.024928667
nc01_zumi:CGGAGCCTAGCTAGAAx,elf1,0.43075323,0.77179956,0.028964043
nc01_zumi:CGGAGCCTAGGCTTAGx,elf1,0.0866097,0.3100438,0.07230297
nc01_zumi:CGGAGCCTATAGCCTTx,elf1,0.78757215,0.6687268,0.010790953
nc01_zumi:CGGAGCCTCGGAGAGAx,elf1,0.9309109,0.6858994,0.009872287
nc01_zumi:CGGAGCCTTCGCATAAx,elf1,0.025355525,0.115208134,0.07484485
nc01_zumi:CGGAGCCTTCTTACGCx,elf1,0.60819477,0.69495976,0.019208306
nc01_zumi:CGTACTAGAGAGGATAx,elf1,0.023079013,0.050064635,0.011367998
nc01_zumi:CGTACTAGAGCTAGAAx,elf1,0.0251365,0.03515068,0.013357528
nc01_zumi:CGTACTAGAGGCTTAGx,elf1,0.018418428,0.06462784,0.017588397
nc01_zumi:CGTACTAGATAGCCTTx,elf1,0.05548505,0.17746696,0.0751639
nc01_zumi:CGTACTAGCGGAGAGAx,elf1,0.20632418,0.43375435,0.057186782
nc01_zumi:CGTACTAGTATGCAGTx,elf1,0.06440344,0.109358646,0.03375918
nc01_zumi:CGTACTAGTCGCATAAx,elf1,0.0042114086,0.0,0.0053436873
nc01_zumi:CGTACTAGTCTTACGCx,elf1,0.0007198331,0.036153715,0.0075816987
nc01_zumi:CTCTCTACAGAGGATAx,elf1,0.12129877,0.25703117,0.07610029
nc01_zumi:CTCTCTACCGGAGAGAx,elf1,0.0044775535,0.0,0.0059156283
nc01_zumi:CTCTCTACTATGCAGTx,elf1,0.9068809,0.7584609,0.011449881
nc01_zumi:CTCTCTACTCGCATAAx,elf1,0.011719725,0.06054595,0.0068825646
nc01_zumi:CTCTCTACTCTTACGCx,elf1,0.901042,0.7096288,0.01040128
nc01_zumi:GCGTAGTAAGAGGATAx,elf1,0.0041340725,0.027801245,0.005472892
nc01_zumi:GCGTAGTAATAGCCTTx,elf1,0.461657,0.7292577,0.019859573
nc01_zumi:GCGTAGTACGGAGAGAx,elf1,0.027560355,0.12878321,0.07516466
nc01_zumi:GCGTAGTATATGCAGTx,elf1,0.23431984,0.64249265,0.03352724
nc01_zumi:GCGTAGTATCGCATAAx,elf1,0.03477578,0.10879337,0.07436324
nc01_zumi:GCGTAGTATCTTACGCx,elf1,0.0026994844,0.0059965192,0.008810782
nc01_zumi:GCTCATGAAGAGGATAx,elf1,0.0014919444,0.005020342,0.0077363034
nc01_zumi:GCTCATGAAGCTAGAAx,elf1,0.79622954,0.6396576,0.012165877
nc01_zumi:GCTCATGAAGGCTTAGx,elf1,0.6205297,0.7689373,0.021933729
nc01_zumi:GCTCATGAATAGCCTTx,elf1,0.0036085423,0.028922971,0.0058141574
nc01_zumi:GCTCATGACGGAGAGAx,elf1,0.027889403,0.2788461,0.074184
nc01_zumi:GCTCATGATATGCAGTx,elf1,0.020813668,0.14302203,0.020487454
nc01_zumi:GCTCATGATCGCATAAx,elf1,0.00032681713,0.03892174,0.009535055
nc01_zumi:GCTCATGATCTTACGCx,elf1,0.0005071173,0.0069637,0.007192344
nc01_zumi:GGACTCCTAGAGGATAx,elf1,0.004197706,0.045192145,0.010141682
nc01_zumi:GGACTCCTAGCTAGAAx,elf1,0.010614009,0.051524684,0.013933976
nc01_zumi:GGACTCCTAGGCTTAGx,elf1,0.92734855,0.6677966,0.011553186
nc01_zumi:GGACTCCTATAGCCTTx,elf1,0.79932076,0.69464445,0.010511284
nc01_zumi:GGACTCCTCGGAGAGAx,elf1,0.0037064364,0.0067460844,0.010142304
nc01_zumi:GGACTCCTTATGCAGTx,elf1,0.68334615,0.69371223,0.0058076545
nc01_zumi:GGACTCCTTCGCATAAx,elf1,0.0476195,0.27113828,0.073799565
nc01_zumi:GGAGCTACAGAGGATAx,elf1,0.0014871133,0.0035716447,0.0052455966
nc01_zumi:GGAGCTACAGCTAGAAx,elf1,0.53409636,0.75815195,0.017877972
nc01_zumi:GGAGCTACAGGCTTAGx,elf1,0.02845419,0.11773827,0.0601695
nc01_zumi:GGAGCTACATAGCCTTx,elf1,0.041935664,0.14329077,0.06002725
nc01_zumi:GGAGCTACCGGAGAGAx,elf1,0.0,0.04385818,0.015241689
nc01_zumi:GGAGCTACTATGCAGTx,elf1,0.23672648,0.7615307,0.0440914
nc01_zumi:GGAGCTACTCGCATAAx,elf1,0.0354507,0.12890185,0.07485364
nc01_zumi:GGAGCTACTCTTACGCx,elf1,0.5514883,0.74279904,0.023947645
nc01_zumi:GTAGAGGAAGAGGATAx,elf1,0.03612509,0.11414557,0.07460312
nc01_zumi:GTAGAGGAAGCTAGAAx,elf1,0.4111243,0.6893366,0.024779137
nc01_zumi:GTAGAGGAATAGCCTTx,elf1,0.04772047,0.06744544,0.035554178
nc01_zumi:GTAGAGGACGGAGAGAx,elf1,0.25197384,0.5904575,0.058906928
nc01_zumi:GTAGAGGATCGCATAAx,elf1,0.38468692,0.66188085,0.02679578
nc01_zumi:GTAGAGGATCTTACGCx,elf1,0.02150746,0.15792045,0.04001379
nc01_zumi:TAAGGCGAAGAGGATAx,elf1,0.0,0.045192145,0.011974417
nc01_zumi:TAAGGCGAAGCTAGAAx,elf1,0.29280785,0.5419255,0.053968955
nc01_zumi:TAAGGCGAAGGCTTAGx,elf1,0.031582993,0.13185044,0.05304956
nc01_zumi:TAAGGCGACGGAGAGAx,elf1,0.0011879285,0.033631362,0.012227541
nc01_zumi:TAAGGCGATCTTACGCx,elf1,0.0046910304,0.026745085,0.0059194826
nc01_zumi:TACGCTGCAGAGGATAx,elf1,0.47653627,0.73471165,0.019745018
nc01_zumi:TACGCTGCAGCTAGAAx,elf1,0.0,0.04664995,0.012214878
nc01_zumi:TACGCTGCAGGCTTAGx,elf1,0.53409636,0.75815195,0.018513506
nc01_zumi:TACGCTGCATAGCCTTx,elf1,0.740891,0.61392415,0.016909687
nc01_zumi:TACGCTGCCGGAGAGAx,elf1,0.017892187,0.05877088,0.008092013
nc01_zumi:TACGCTGCTATGCAGTx,elf1,0.5554993,0.7427102,0.01695537
nc01_zumi:TACGCTGCTCGCATAAx,elf1,0.6003549,0.73931426,0.008960317
nc01_zumi:TACGCTGCTCTTACGCx,elf1,0.061450705,0.42710543,0.07334117
nc01_zumi:TAGCGCTCAGAGGATAx,elf1,0.0042092367,0.0059381034,0.0057063857
nc01_zumi:TAGCGCTCAGCTAGAAx,elf1,0.461657,0.7292577,0.020737218
nc01_zumi:TAGCGCTCAGGCTTAGx,elf1,0.5789889,0.7454353,0.012873268
nc01_zumi:TAGCGCTCATAGCCTTx,elf1,0.043158688,0.098327436,0.07112512
nc01_zumi:TAGCGCTCTATGCAGTx,elf1,0.8422593,0.7763915,0.0195678
nc01_zumi:TAGCGCTCTCGCATAAx,elf1,0.060766976,0.17607209,0.072567336
nc01_zumi:TAGCGCTCTCTTACGCx,elf1,0.10512947,0.30774754,0.07125107
nc01_zumi:TAGGCATGAGAGGATAx,elf1,0.00038449073,0.04253378,0.010997855
nc01_zumi:TAGGCATGAGCTAGAAx,elf1,0.5508323,0.764362,0.016186291
nc01_zumi:TAGGCATGAGGCTTAGx,elf1,0.0031361547,0.030769119,0.0060867257
nc01_zumi:TAGGCATGATAGCCTTx,elf1,0.039255764,0.19624947,0.074711286
nc01_zumi:TAGGCATGCGGAGAGAx,elf1,0.07034743,0.17294501,0.07458209
nc01_zumi:TAGGCATGTATGCAGTx,elf1,0.11841809,0.1870856,0.07164345
nc01_zumi:TAGGCATGTCGCATAAx,elf1,0.03152491,0.029047325,0.0073509347
nc01_zumi:TAGGCATGTCTTACGCx,elf1,0.054418642,0.11979696,0.073020846
nc01_zumi:TCCTGAGCAGAGGATAx,elf1,0.27407137,0.7947907,0.033968143
nc01_zumi:TCCTGAGCAGGCTTAGx,elf1,0.6820325,0.6915704,0.020443326
nc01_zumi:TCCTGAGCATAGCCTTx,elf1,0.39008105,0.74451655,0.0212688
nc01_zumi:TCCTGAGCCGGAGAGAx,elf1,0.86446416,0.66976243,0.010115507
nc01_zumi:TCCTGAGCTATGCAGTx,elf1,0.0049644397,0.002516386,0.0054418813
nc01_zumi:TCCTGAGCTCGCATAAx,elf1,0.24525335,0.6806612,0.039288346
nc01_zumi:TCCTGAGCTCTTACGCx,elf1,0.051045217,0.077229224,0.026004232
nc02_zumi:AAGAGGCAACTCTAGGx,elf1,0.07044458,0.05504045,0.010245074
nc02_zumi:AAGAGGCAAGAGGATAx,elf1,0.060494974,0.048547372,0.026189342
nc02_zumi:AAGAGGCAAGCTAGAAx,elf1,0.016171668,0.034955475,0.031112151
nc02_zumi:AAGAGGCAATAGAGAGx,elf1,0.0778074,0.09981874,0.03643945
nc02_zumi:AAGAGGCAATAGCCTTx,elf1,0.041261937,0.044599075,0.033989854
nc02_zumi:AAGAGGCAATTAGACGx,elf1,0.06680468,0.07748516,0.021928864
nc02_zumi:AAGAGGCACTCCTTACx,elf1,0.040560286,0.07828005,0.017999103
nc02_zumi:AAGAGGCACTTAATAGx,elf1,0.05462018,0.08962077,0.018061806
nc02_zumi:AAGAGGCATAAGGCTCx,elf1,0.015719762,0.04530118,0.011346039
nc02_zumi:AAGAGGCATCTTACGCx,elf1,0.089235045,0.12773557,0.062139753
nc02_zumi:ACTCGCTAACTCTAGGx,elf1,0.04138455,0.05302515,0.017456174
nc02_zumi:ACTCGCTAAGAGGATAx,elf1,0.050776865,0.03239358,0.028031498
nc02_zumi:ACTCGCTAAGCTAGAAx,elf1,0.015167032,0.030051375,0.0060653975
nc02_zumi:ACTCGCTAAGGCTTAGx,elf1,0.075825214,0.036451112,0.009442637
nc02_zumi:ACTCGCTAATAGAGAGx,elf1,0.07070611,0.08694828,0.01809833
nc02_zumi:ACTCGCTAATTAGACGx,elf1,0.038410712,0.06250854,0.023911417
nc02_zumi:ACTCGCTACTAGTCGAx,elf1,0.023191692,0.01775811,0.007584758
nc02_zumi:ACTCGCTACTTAATAGx,elf1,0.06477021,0.074777566,0.020071995
nc02_zumi:ACTCGCTATACTCCTTx,elf1,0.05913889,0.19275121,0.03940833
nc02_zumi:ACTCGCTATATGCAGTx,elf1,0.052843504,0.10173536,0.031333707
nc02_zumi:AGGCAGAAACTCTAGGx,elf1,0.06961125,0.1532608,0.034000084
nc02_zumi:AGGCAGAAAGCTAGAAx,elf1,0.023171218,0.04408557,0.021781899
nc02_zumi:AGGCAGAAATAGAGAGx,elf1,0.06592785,0.022602338,0.01684997
nc02_zumi:AGGCAGAAATTAGACGx,elf1,0.06527311,0.068133935,0.010252012
nc02_zumi:AGGCAGAACGGAGAGAx,elf1,0.03701712,0.022700476,0.020922264
nc02_zumi:AGGCAGAACTAGTCGAx,elf1,0.051946033,0.017461235,0.02386008
nc02_zumi:AGGCAGAACTCCTTACx,elf1,0.081588835,0.1469209,0.02579057
nc02_zumi:AGGCAGAATAAGGCTCx,elf1,0.018826813,0.0531885,0.009799281
nc02_zumi:AGGCAGAATACTCCTTx,elf1,0.06651589,0.065439954,0.018157624
nc02_zumi:AGGCAGAATCGCATAAx,elf1,0.047657445,0.015453527,0.014773762
nc02_zumi:AGGCAGAATCTTACGCx,elf1,0.054173645,0.05270202,0.027325159
nc02_zumi:CCTAAGACCTCCTTACx,elf1,0.06986385,0.029637111,0.013751068
nc02_zumi:CCTAAGACCTTAATAGx,elf1,0.06296773,0.11640283,0.020203654
nc02_zumi:CCTAAGACTAAGGCTCx,elf1,0.04566548,0.16272137,0.024963586
nc02_zumi:CCTAAGACTACTCCTTx,elf1,0.02397763,0.047908623,0.015271959
nc02_zumi:CTCTCTACACTCTAGGx,elf1,0.03472789,0.02607769,0.012391681
nc02_zumi:CTCTCTACAGAGGATAx,elf1,0.029293686,0.045055427,0.021022996
nc02_zumi:CTCTCTACAGGCTTAGx,elf1,0.09228728,0.11194839,0.035434127
nc02_zumi:CTCTCTACATAGAGAGx,elf1,0.0719856,0.12887952,0.020384539
nc02_zumi:CTCTCTACATTAGACGx,elf1,0.071989916,0.13753973,0.021187626
nc02_zumi:CTCTCTACCTAGTCGAx,elf1,0.03209357,0.10184954,0.02071062
nc02_zumi:CTCTCTACCTTAATAGx,elf1,0.06865863,0.022674086,0.011341186
nc02_zumi:CTCTCTACTATGCAGTx,elf1,0.022041207,0.022623949,0.01802357
nc02_zumi:CTCTCTACTCGCATAAx,elf1,0.01840395,0.0360864,0.023318427
nc02_zumi:CTCTCTACTCTTACGCx,elf1,0.036477692,0.04956201,0.031090021
nc02_zumi:GCGTAGTAACTCTAGGx,elf1,0.07762105,0.012210946,0.008504428
nc02_zumi:GCGTAGTATAAGGCTCx,elf1,0.06807266,0.07949358,0.014874049
nc02_zumi:GCGTAGTATACTCCTTx,elf1,0.03451055,0.031164033,0.005880467
nc02_zumi:GCTCATGAACTCTAGGx,elf1,0.052561536,0.049746387,0.013471817
nc02_zumi:GCTCATGAAGGCTTAGx,elf1,0.012338789,0.01319735,0.019555554
nc02_zumi:GCTCATGAATAGAGAGx,elf1,0.028370967,0.13866574,0.026319768
nc02_zumi:GCTCATGAATAGCCTTx,elf1,0.057008557,0.020681376,0.014409856
nc02_zumi:GCTCATGACGGAGAGAx,elf1,0.030054865,0.021573113,0.010624715
nc02_zumi:GCTCATGACTAGTCGAx,elf1,0.05682238,0.049221728,0.014214895
nc02_zumi:GCTCATGACTCCTTACx,elf1,0.06260531,0.039261464,0.021093633
nc02_zumi:GCTCATGATAAGGCTCx,elf1,0.034421638,0.0144585585,0.006923592
nc02_zumi:GCTCATGATACTCCTTx,elf1,0.039832298,0.026081603,0.012981006
nc02_zumi:GCTCATGATCTTACGCx,elf1,0.015135439,0.03860687,0.025537249
nc02_zumi:GGACTCCTACTCTAGGx,elf1,0.07649335,0.10945871,0.0148496255
nc02_zumi:GGACTCCTAGAGGATAx,elf1,0.04102328,0.061313048,0.029167248
nc02_zumi:GGACTCCTATAGAGAGx,elf1,0.044145133,0.103119515,0.023630565
nc02_zumi:GGACTCCTATAGCCTTx,elf1,0.029903999,0.056185916,0.030402359
nc02_zumi:GGACTCCTATTAGACGx,elf1,0.07165647,0.11612535,0.026162265
nc02_zumi:GGACTCCTCTAGTCGAx,elf1,0.08074163,0.09640001,0.036760557
nc02_zumi:GGACTCCTCTCCTTACx,elf1,0.08098026,0.061748117,0.024701206
nc02_zumi:GGACTCCTCTTAATAGx,elf1,0.090371504,0.08773964,0.0113955075
nc02_zumi:GGACTCCTTCGCATAAx,elf1,0.06871567,0.1306862,0.025300402
nc02_zumi:GGACTCCTTCTTACGCx,elf1,0.05760108,0.17616926,0.042890422
nc02_zumi:TAAGGCGAACTCTAGGx,elf1,0.09230416,0.031347994,0.012482084
nc02_zumi:TAAGGCGAAGAGGATAx,elf1,0.017719578,0.02194041,0.030384451
nc02_zumi:TAAGGCGAAGGCTTAGx,elf1,0.051246822,0.14710122,0.036208782
nc02_zumi:TAAGGCGAATAGAGAGx,elf1,0.017962173,0.04420016,0.015325412
nc02_zumi:TAAGGCGACTAGTCGAx,elf1,0.072845004,0.10264381,0.02456579
nc02_zumi:TAAGGCGACTTAATAGx,elf1,0.082407944,0.10832614,0.04420909
nc02_zumi:TAAGGCGATACTCCTTx,elf1,0.07317949,0.023608342,0.0072428198
nc02_zumi:TAAGGCGATATGCAGTx,elf1,0.072897986,0.17016557,0.06188721
nc02_zumi:TACGCTGCCTAGTCGAx,elf1,0.0744829,0.05940699,0.011861336
nc02_zumi:TACGCTGCCTCCTTACx,elf1,0.041100852,0.026509043,0.0063415933
nc02_zumi:TACGCTGCCTTAATAGx,elf1,0.010130363,0.012606713,0.012372834
nc02_zumi:TACGCTGCTAAGGCTCx,elf1,0.06352352,0.042318426,0.014657147
nc02_zumi:TACGCTGCTACTCCTTx,elf1,0.10117871,0.13628142,0.028937165
nc02_zumi:TAGCGCTCACTCTAGGx,elf1,0.06313933,0.08325896,0.017126229
nc02_zumi:TAGCGCTCATTAGACGx,elf1,0.064183526,0.047574785,0.011063482
nc02_zumi:TAGCGCTCCTCCTTACx,elf1,0.060050853,0.07708106,0.023179736
nc02_zumi:TAGCGCTCTAAGGCTCx,elf1,0.045745444,0.030281251,0.01927299
nc02_zumi:TAGCGCTCTACTCCTTx,elf1,0.06618263,0.11701482,0.02236984
nc02_zumi:TGCAGCTAATAGAGAGx,elf1,0.07555115,0.13459553,0.024399955
nc02_zumi:TGCAGCTACTAGTCGAx,elf1,0.066251725,0.10026032,0.025004292
nc02_zumi:TGCAGCTACTTAATAGx,elf1,0.07892764,0.0993322,0.018881466
nc03_zumi:AAGAGGCAACTCTAGGx,elf1,0.021353694,0.086123295,0.04384693
nc03_zumi:AAGAGGCAATAGAGAGx,elf1,0.04466665,0.08286699,0.05445854
nc03_zumi:AAGAGGCAATTAGACGx,elf1,0.023241317,0.12426628,0.016620427
nc03_zumi:AAGAGGCACTAGTCGAx,elf1,0.15497908,0.16878743,0.07490938
nc03_zumi:AAGAGGCACTCCTTACx,elf1,0.19892149,0.3839412,0.053815234
nc03_zumi:AAGAGGCATAAGGCTCx,elf1,0.02855557,0.18919449,0.051250212
nc03_zumi:AAGAGGCATACTCCTTx,elf1,0.027843526,0.14529064,0.0429512
nc03_zumi:ACTCGCTAACTCTAGGx,elf1,0.061231643,0.22474927,0.045083236
nc03_zumi:ACTCGCTAATTAGACGx,elf1,0.058284175,0.16550557,0.050901443
nc03_zumi:ACTCGCTACTAGTCGAx,elf1,0.37389976,0.61083144,0.039947286
nc03_zumi:ACTCGCTATAAGGCTCx,elf1,0.03561859,0.05541806,0.024768215
nc03_zumi:ACTCGCTATACTCCTTx,elf1,0.025810344,0.07705051,0.02874274
nc03_zumi:AGGCAGAAACTCTAGGx,elf1,0.026009742,0.09445332,0.024889745
nc03_zumi:AGGCAGAAATAGAGAGx,elf1,0.018684482,0.07465219,0.04840469
nc03_zumi:AGGCAGAAATTAGACGx,elf1,0.021000449,0.06678531,0.031758547
nc03_zumi:AGGCAGAACTAGTCGAx,elf1,0.024405928,0.054084245,0.031201055
nc03_zumi:AGGCAGAACTTAATAGx,elf1,0.043356366,0.16112275,0.044981733
nc03_zumi:AGGCAGAATAAGGCTCx,elf1,0.049921557,0.08299009,0.03590268
nc03_zumi:ATCTCAGGATTAGACGx,elf1,0.038201973,0.15795584,0.06591974
nc03_zumi:ATCTCAGGTACTCCTTx,elf1,0.0715243,0.40676317,0.06636111
nc03_zumi:ATGCGCAGACTCTAGGx,elf1,0.09143839,0.1732451,0.063297406
nc03_zumi:ATGCGCAGCTCCTTACx,elf1,0.020760534,0.08479126,0.04123425
nc03_zumi:ATGCGCAGCTTAATAGx,elf1,0.028412923,0.06481818,0.008310636
nc03_zumi:ATGCGCAGTACTCCTTx,elf1,0.07806279,0.10016392,0.048449863
nc03_zumi:CCTAAGACATTAGACGx,elf1,0.13000125,0.22000052,0.07247926
nc03_zumi:CCTAAGACCTAGTCGAx,elf1,0.01671475,0.15572251,0.043819748
nc03_zumi:CCTAAGACCTCCTTACx,elf1,0.016638475,0.049747866,0.0073787384
nc03_zumi:CCTAAGACCTTAATAGx,elf1,0.07994182,0.28662607,0.06774312
nc03_zumi:CCTAAGACTAAGGCTCx,elf1,0.008077408,0.08897092,0.013067839
nc03_zumi:CGAGGCTGATTAGACGx,elf1,0.07072224,0.28705913,0.069181144
nc03_zumi:CGAGGCTGCTTAATAGx,elf1,0.028943226,0.054673154,0.035200104
nc03_zumi:CGATCAGTATTAGACGx,elf1,0.006196576,0.021791456,0.011105383
nc03_zumi:CGATCAGTCTAGTCGAx,elf1,0.011779529,0.040075086,0.028961632
nc03_zumi:CGATCAGTCTTAATAGx,elf1,0.011708007,0.076995224,0.010746077
nc03_zumi:CGATCAGTTACTCCTTx,elf1,0.046391122,0.18582499,0.059194025
nc03_zumi:CGGAGCCTATTAGACGx,elf1,0.033574037,0.10782756,0.03689006
nc03_zumi:CGTACTAGCTCCTTACx,elf1,0.03354281,0.055724613,0.02054429
nc03_zumi:CGTACTAGCTTAATAGx,elf1,0.05759926,0.16382721,0.07303586
nc03_zumi:CGTACTAGTAAGGCTCx,elf1,0.0075087277,0.021144317,0.013832026
nc03_zumi:CGTACTAGTACTCCTTx,elf1,0.053642586,0.203759,0.05508232
nc03_zumi:CTCTCTACACTCTAGGx,elf1,0.02030253,0.081625864,0.04400094
nc03_zumi:CTCTCTACATAGAGAGx,elf1,0.04930006,0.15122448,0.0636514
nc03_zumi:CTCTCTACATTAGACGx,elf1,0.21257287,0.3127284,0.06681756
nc03_zumi:CTCTCTACCTAGTCGAx,elf1,0.07193947,0.15335044,0.06590257
nc03_zumi:CTCTCTACCTCCTTACx,elf1,0.18749303,0.40698573,0.059440687
nc03_zumi:CTCTCTACTAAGGCTCx,elf1,0.017759573,0.12868229,0.037455197
nc03_zumi:CTCTCTACTACTCCTTx,elf1,0.06955304,0.11302334,0.036330454
nc03_zumi:GCGTAGTAATTAGACGx,elf1,0.03295278,0.064627886,0.017390292
nc03_zumi:GCGTAGTACTAGTCGAx,elf1,0.08073107,0.1951546,0.05389224
nc03_zumi:GCGTAGTACTTAATAGx,elf1,0.08857096,0.34776503,0.0711591
nc03_zumi:GCGTAGTATAAGGCTCx,elf1,0.01952466,0.08093515,0.027800124
nc03_zumi:GCGTAGTATACTCCTTx,elf1,0.013760865,0.073797405,0.012764076
nc03_zumi:GCTCATGAATAGAGAGx,elf1,0.036483437,0.2410835,0.07468183
nc03_zumi:GCTCATGAATTAGACGx,elf1,0.025861437,0.05819369,0.058237143
nc03_zumi:GCTCATGACTAGTCGAx,elf1,0.016171172,0.17075384,0.058287855
nc03_zumi:GCTCATGACTCCTTACx,elf1,0.0317061,0.08909339,0.013804014
nc03_zumi:GCTCATGACTTAATAGx,elf1,0.02359572,0.12537876,0.040909577
nc03_zumi:GCTCATGATACTCCTTx,elf1,0.08549113,0.10275458,0.039927524
nc03_zumi:GGACTCCTATTAGACGx,elf1,0.0059261643,0.081003495,0.01664516
nc03_zumi:GGACTCCTCTAGTCGAx,elf1,0.023355603,0.06063584,0.027315058
nc03_zumi:GGACTCCTCTCCTTACx,elf1,0.05205385,0.14610772,0.044736467
nc03_zumi:GGACTCCTTAAGGCTCx,elf1,0.114759974,0.18385865,0.0410314
nc03_zumi:GGAGCTACCTTAATAGx,elf1,0.04543986,0.16768956,0.03592376
nc03_zumi:GGAGCTACTACTCCTTx,elf1,0.02410901,0.09723597,0.041375853
nc03_zumi:GTAGAGGACTAGTCGAx,elf1,0.14105813,0.17947029,0.074203365
nc03_zumi:GTAGAGGACTTAATAGx,elf1,0.12321719,0.4574164,0.070257396
nc03_zumi:GTAGAGGATAAGGCTCx,elf1,0.027370675,0.11492391,0.016180972
nc03_zumi:GTAGAGGATACTCCTTx,elf1,0.04366267,0.11527184,0.03527006
nc03_zumi:TAAGGCGAACTCTAGGx,elf1,0.06469234,0.16150126,0.033746503
nc03_zumi:TAAGGCGAATAGAGAGx,elf1,0.041981418,0.14545724,0.04318048
nc03_zumi:TAAGGCGAATTAGACGx,elf1,0.09228728,0.11194839,0.03783925
nc03_zumi:TAAGGCGACTAGTCGAx,elf1,0.02935067,0.12541921,0.05311986
nc03_zumi:TAAGGCGACTCCTTACx,elf1,0.007550622,0.016946273,0.007902923
nc03_zumi:TAAGGCGACTTAATAGx,elf1,0.036198474,0.18732855,0.059394717
nc03_zumi:TAAGGCGATAAGGCTCx,elf1,0.22031276,0.56894684,0.04808628
nc03_zumi:TAAGGCGATACTCCTTx,elf1,0.030567102,0.14271481,0.05271252
nc03_zumi:TACGCTGCACTCTAGGx,elf1,0.020854149,0.07498625,0.00767668
nc03_zumi:TACGCTGCATAGAGAGx,elf1,0.080877885,0.2840514,0.071329646
nc03_zumi:TACGCTGCATTAGACGx,elf1,0.00942091,0.10229688,0.014522768
nc03_zumi:TACGCTGCCTAGTCGAx,elf1,0.4035088,0.59539,0.041733187
nc03_zumi:TACGCTGCCTCCTTACx,elf1,0.03356142,0.15489951,0.033903122
nc03_zumi:TACGCTGCTAAGGCTCx,elf1,0.40797082,0.5204376,0.048330422
nc03_zumi:TACGCTGCTACTCCTTx,elf1,0.0112048695,0.13359696,0.038649302
nc03_zumi:TAGCGCTCACTCTAGGx,elf1,0.017085334,0.14716345,0.04292564
nc03_zumi:TAGCGCTCATAGAGAGx,elf1,0.0061142584,0.1322531,0.018302983
nc03_zumi:TAGCGCTCATTAGACGx,elf1,0.022117894,0.07358606,0.051047258
nc03_zumi:TAGCGCTCCTAGTCGAx,elf1,0.034746896,0.17147374,0.039005794
nc03_zumi:TAGCGCTCCTCCTTACx,elf1,0.17143346,0.4234936,0.060885556
nc03_zumi:TAGCGCTCTAAGGCTCx,elf1,0.024510266,0.0907853,0.041707177
nc03_zumi:TAGCGCTCTACTCCTTx,elf1,0.13026652,0.22376418,0.07250825
nc03_zumi:TAGGCATGCTAGTCGAx,elf1,0.009923674,0.05409663,0.006578341
nc03_zumi:TAGGCATGCTCCTTACx,elf1,0.009809413,0.06450951,0.010607623
nc03_zumi:TCCTGAGCCTCCTTACx,elf1,0.0102533875,0.06938574,0.013204714
nc03_zumi:TCCTGAGCTACTCCTTx,elf1,0.009372623,0.022898272,0.009636522
nc03_zumi:TGCAGCTAATTAGACGx,elf1,0.08367081,0.10917673,0.039355695
nc03_zumi:TGCAGCTACTAGTCGAx,elf1,0.11469753,0.19617496,0.06107221
nc03_zumi:TGCAGCTACTCCTTACx,elf1,0.062309265,0.1573887,0.061183833
nc03_zumi:TGCAGCTATACTCCTTx,elf1,0.033739515,0.17530146,0.03700382
nc04_zumi:AAGAGGCAAGAGGATAx,elf1,0.058113422,0.15127037,0.036161467
nc04_zumi:AAGAGGCAATAGCCTTx,elf1,0.013200142,0.059487466,0.020312907
nc04_zumi:AAGAGGCATATGCAGTx,elf1,0.043893784,0.039340883,0.018067176
nc04_zumi:ACTCGCTAAGAGGATAx,elf1,0.06253299,0.12380239,0.034616925
nc04_zumi:ACTCGCTAAGCTAGAAx,elf1,0.097304314,0.07431268,0.021713302
nc04_zumi:ACTCGCTAATAGCCTTx,elf1,0.020399097,0.031254582,0.012021956
nc04_zumi:ACTCGCTATATGCAGTx,elf1,0.085009016,0.06839463,0.0199083
nc04_zumi:ACTCGCTATCGCATAAx,elf1,0.06298537,0.07102914,0.023938967
nc04_zumi:ACTCGCTATCTTACGCx,elf1,0.055347927,0.056809995,0.027570818
nc04_zumi:ACTGAGCGCTCCTTACx,elf1,0.56406265,0.60920244,0.02514315
nc04_zumi:AGGCAGAAAGAGGATAx,elf1,0.07622603,0.014169868,0.008263444
nc04_zumi:AGGCAGAAAGCTAGAAx,elf1,0.073914796,0.1408352,0.045002166
nc04_zumi:AGGCAGAAATAGCCTTx,elf1,0.04329135,0.057464864,0.014464821
nc04_zumi:ATCTCAGGATAGAGAGx,elf1,0.004333116,0.0,0.0057995087
nc04_zumi:ATCTCAGGATTAGACGx,elf1,0.019545443,0.06593973,0.01865823
nc04_zumi:ATGCGCAGCTCCTTACx,elf1,0.023628516,0.073063985,0.008977187
nc04_zumi:ATGCGCAGTAAGGCTCx,elf1,0.05984518,0.19411588,0.07460439
nc04_zumi:ATGCGCAGTACTCCTTx,elf1,0.0026881446,0.005139874,0.0057210713
nc04_zumi:CCTAAGACAGAGGATAx,elf1,0.0530256,0.07902468,0.024212334
nc04_zumi:CCTAAGACAGCTAGAAx,elf1,0.05628245,0.04269325,0.016193394
nc04_zumi:CCTAAGACTATGCAGTx,elf1,0.06555918,0.016611634,0.0046641105
nc04_zumi:CCTAAGACTCGCATAAx,elf1,0.047388118,0.054296024,0.012899791
nc04_zumi:CCTAAGACTCTTACGCx,elf1,0.09077529,0.11568001,0.036127202
nc04_zumi:CGATCAGTATAGAGAGx,elf1,0.24581237,0.56265944,0.049426135
nc04_zumi:CGATCAGTATTAGACGx,elf1,0.0,0.045192145,0.013130204
nc04_zumi:CGATCAGTCTCCTTACx,elf1,0.69907063,0.44167075,0.020048736
nc04_zumi:CGATCAGTCTTAATAGx,elf1,0.03973282,0.07964227,0.03564011
nc04_zumi:CGGAGCCTACTCTAGGx,elf1,0.07991129,0.13918038,0.075192675
nc04_zumi:CGGAGCCTCTCCTTACx,elf1,0.03426054,0.03167674,0.017806347
nc04_zumi:CGGAGCCTCTTAATAGx,elf1,0.026523065,0.10773656,0.05419413
nc04_zumi:CGGAGCCTTAAGGCTCx,elf1,0.031012427,0.026732422,0.008927669
nc04_zumi:CGTACTAGCTAGTCGAx,elf1,0.020817377,0.056642037,0.014380272
nc04_zumi:CTCTCTACAGGCTTAGx,elf1,0.016056791,0.048018813,0.01838152
nc04_zumi:CTCTCTACATAGCCTTx,elf1,0.054420263,0.04908941,0.017748568
nc04_zumi:CTCTCTACTATGCAGTx,elf1,0.021759035,0.06521009,0.014503998
nc04_zumi:CTCTCTACTCGCATAAx,elf1,0.024076676,0.07768949,0.027328258
nc04_zumi:CTCTCTACTCTTACGCx,elf1,0.016944129,0.048098214,0.016081972
nc04_zumi:GCGTAGTAAGCTAGAAx,elf1,0.040226754,0.024486972,0.008250247
nc04_zumi:GCGTAGTAAGGCTTAGx,elf1,0.07349543,0.05875139,0.041945744
nc04_zumi:GCGTAGTACGGAGAGAx,elf1,0.061815355,0.055613298,0.02877027
nc04_zumi:GCGTAGTATCTTACGCx,elf1,0.05490881,0.06808024,0.019641722
nc04_zumi:GCTCATGAAGCTAGAAx,elf1,0.0569436,0.059111185,0.012469223
nc04_zumi:GCTCATGAAGGCTTAGx,elf1,0.060005464,0.02637324,0.026183337
nc04_zumi:GCTCATGAATAGCCTTx,elf1,0.013656218,0.04892238,0.019093568
nc04_zumi:GCTCATGATATGCAGTx,elf1,0.044259,0.03612767,0.016429741
nc04_zumi:GCTCATGATCGCATAAx,elf1,0.113047816,0.083513774,0.054988407
nc04_zumi:GGACTCCTAGCTAGAAx,elf1,0.094321735,0.08242034,0.022270694
nc04_zumi:GGACTCCTATAGCCTTx,elf1,0.025862182,0.04167799,0.016278638
nc04_zumi:GGACTCCTTATGCAGTx,elf1,0.12135414,0.09337244,0.061987586
nc04_zumi:GGACTCCTTCGCATAAx,elf1,0.034363847,0.015740054,0.009492799
nc04_zumi:GGAGCTACCTTAATAGx,elf1,0.060001995,0.2798134,0.07294005
nc04_zumi:GGAGCTACTAAGGCTCx,elf1,0.6588665,0.81790763,0.008838485
nc04_zumi:GGAGCTACTACTCCTTx,elf1,0.024809942,0.02138594,0.009311418
nc04_zumi:GTAGAGGAACTCTAGGx,elf1,0.21385987,0.6826402,0.055033956
nc04_zumi:GTAGAGGACTAGTCGAx,elf1,0.04150732,0.11095821,0.07266972
nc04_zumi:GTAGAGGACTCCTTACx,elf1,0.7017883,0.66124475,0.02129892
nc04_zumi:GTAGAGGATAAGGCTCx,elf1,0.4381491,0.5216342,0.027991429
nc04_zumi:TAAGGCGACGGAGAGAx,elf1,0.06718314,0.06391996,0.024546372
nc04_zumi:TAAGGCGATATGCAGTx,elf1,0.08825352,0.109610476,0.038147405
nc04_zumi:TAAGGCGATCTTACGCx,elf1,0.058544256,0.01999173,0.012285564
nc04_zumi:TACGCTGCAGAGGATAx,elf1,0.07967028,0.09655806,0.043743666
nc04_zumi:TACGCTGCAGCTAGAAx,elf1,0.055013075,0.04470252,0.018884836
nc04_zumi:TACGCTGCTCGCATAAx,elf1,0.071004175,0.099582605,0.033099234
nc04_zumi:TAGCGCTCAGAGGATAx,elf1,0.052413017,0.07645408,0.009744524
nc04_zumi:TAGCGCTCAGCTAGAAx,elf1,0.09639134,0.043665003,0.017819405
nc04_zumi:TAGCGCTCATAGCCTTx,elf1,0.09608296,0.100089826,0.038747456
nc04_zumi:TAGCGCTCCGGAGAGAx,elf1,0.06493806,0.091924116,0.05389437
nc04_zumi:TAGCGCTCTATGCAGTx,elf1,0.07063887,0.092187986,0.034856886
nc04_zumi:TAGCGCTCTCGCATAAx,elf1,0.049613755,0.088936865,0.018105837
nc04_zumi:TAGCGCTCTCTTACGCx,elf1,0.070705615,0.07569512,0.015350329
nc04_zumi:TAGGCATGCTCCTTACx,elf1,0.32358277,0.62704253,0.030244322
nc04_zumi:TCCTGAGCACTCTAGGx,elf1,0.065620914,0.115704104,0.06568424
nc04_zumi:TCCTGAGCCTCCTTACx,elf1,0.8728239,0.66145205,0.010069171
nc04_zumi:TCGACGTCACTCTAGGx,elf1,0.021215916,0.029604368,0.011614271
nc04_zumi:TCGACGTCATAGAGAGx,elf1,0.23495512,0.52786815,0.053419143
nc04_zumi:TCGACGTCATTAGACGx,elf1,0.0053839083,0.005020342,0.0051896553
nc04_zumi:TGCAGCTAAGAGGATAx,elf1,0.052683223,0.0512502,0.012103566
nc04_zumi:TGCAGCTAATAGCCTTx,elf1,0.10101617,0.0877919,0.06823186
nc04_zumi:TGCAGCTACGGAGAGAx,elf1,0.041254494,0.03583045,0.015700253
nc04_zumi:TGCAGCTATCTTACGCx,elf1,0.04349293,0.044714935,0.019021355
nc05_zumi:AAGAGGCAATTAGACGx,elf1,0.062011495,0.0576928,0.016549513
nc05_zumi:AAGAGGCACTAGTCGAx,elf1,0.06409633,0.043290902,0.0066585555
nc05_zumi:AAGAGGCACTCCTTACx,elf1,0.03996419,0.03418544,0.010559219
nc05_zumi:AAGAGGCATACTCCTTx,elf1,0.0075016697,0.020674653,0.006338239
nc05_zumi:ACTGAGCGAGAGGATAx,elf1,0.032631073,0.052658323,0.018856423
nc05_zumi:AGGCAGAAACTCTAGGx,elf1,0.053887486,0.03335895,0.005039096
nc05_zumi:AGGCAGAAATAGAGAGx,elf1,0.0015366839,0.0036906998,0.0043299245
nc05_zumi:AGGCAGAAATTAGACGx,elf1,0.06227063,0.072002396,0.013912309
nc05_zumi:AGGCAGAACTAGTCGAx,elf1,0.009659129,0.01732718,0.0073969206
nc05_zumi:ATCTCAGGTCGCATAAx,elf1,0.038804524,0.06068266,0.018545806
nc05_zumi:ATGCGCAGTATGCAGTx,elf1,0.030426765,0.12764725,0.02490949
nc05_zumi:ATGCGCAGTCGCATAAx,elf1,0.09057766,0.12816557,0.03451186
nc05_zumi:GCGTAGTAATTAGACGx,elf1,0.04557264,0.025133228,0.010292771
nc05_zumi:GCTCATGACTAGTCGAx,elf1,0.05079195,0.025380922,0.0072777723
nc05_zumi:GCTCATGACTTAATAGx,elf1,0.03877488,0.029399103,0.0110315485
nc05_zumi:GCTCATGATAAGGCTCx,elf1,0.07438756,0.06390563,0.013466089
nc05_zumi:GCTCATGATACTCCTTx,elf1,0.05752422,0.03184392,0.004401776
nc05_zumi:GGACTCCTACTCTAGGx,elf1,0.061997164,0.03773602,0.0048504984
nc05_zumi:GGACTCCTTACTCCTTx,elf1,0.05634208,0.038349785,0.010882777
nc05_zumi:GGAGCTACAGGCTTAGx,elf1,0.04251605,0.025281003,0.007965296
nc05_zumi:GGAGCTACCGGAGAGAx,elf1,0.064709075,0.06019563,0.01692386
nc05_zumi:GTAGAGGACGGAGAGAx,elf1,0.067211166,0.08316899,0.016803391
nc05_zumi:TACGCTGCCTCCTTACx,elf1,0.020190192,0.03907741,0.0068431306
nc05_zumi:TAGCGCTCCTCCTTACx,elf1,0.041055296,0.023019906,0.00770435
nc05_zumi:TAGGCATGAGGCTTAGx,elf1,0.038609196,0.043948352,0.012649541
nc05_zumi:TCGACGTCTATGCAGTx,elf1,0.086369865,0.11194839,0.038249772
nc05_zumi:TGCAGCTACTTAATAGx,elf1,0.06266021,0.068778075,0.018931659
nc06_zumi:AAGAGGCAAGCTAGAAx,elf1,0.101729415,0.17979547,0.07621181
nc06_zumi:AAGAGGCAAGGCTTAGx,elf1,0.013223227,0.13393836,0.042431787
nc06_zumi:AAGAGGCAATAGCCTTx,elf1,0.0062410105,0.003163457,0.005096378
nc06_zumi:AAGAGGCATATGCAGTx,elf1,0.15706651,0.37419412,0.07350147
nc06_zumi:AAGAGGCATCGCATAAx,elf1,0.14100641,0.39049608,0.06513922
nc06_zumi:AAGAGGCATCTTACGCx,elf1,0.6588665,0.81790763,0.00877824
nc06_zumi:ACTCGCTAAGAGGATAx,elf1,0.37716594,0.7142932,0.045192905
nc06_zumi:ACTCGCTAAGCTAGAAx,elf1,0.07291991,0.28408888,0.07229327
nc06_zumi:ACTCGCTAAGGCTTAGx,elf1,0.003134885,0.0035716447,0.004378677
nc06_zumi:ACTCGCTAATAGCCTTx,elf1,0.00392523,0.02759476,0.009189817
nc06_zumi:ACTCGCTATATGCAGTx,elf1,0.12818885,0.38100967,0.0688114
nc06_zumi:ACTCGCTATCGCATAAx,elf1,0.09640226,0.3895744,0.063954026
nc06_zumi:AGGCAGAAAGAGGATAx,elf1,0.31339726,0.43482214,0.0525649
nc06_zumi:AGGCAGAAAGGCTTAGx,elf1,0.78300846,0.45300743,0.012783715
nc06_zumi:AGGCAGAAATAGCCTTx,elf1,0.019781489,0.20895472,0.061711658
nc06_zumi:AGGCAGAACGGAGAGAx,elf1,0.07372618,0.16689293,0.07322855
nc06_zumi:AGGCAGAATATGCAGTx,elf1,0.7385651,0.4425766,0.019388573
nc06_zumi:AGGCAGAATCGCATAAx,elf1,0.42970642,0.3753843,0.033001456
nc06_zumi:AGGCAGAATCTTACGCx,elf1,0.6415279,0.842284,0.00974868
nc06_zumi:CCTAAGACAGAGGATAx,elf1,0.014936072,0.04429152,0.0053217397
nc06_zumi:CCTAAGACAGCTAGAAx,elf1,0.0028582774,0.0032565,0.00551054
nc06_zumi:CCTAAGACAGGCTTAGx,elf1,0.07339019,0.3053343,0.06956739
nc06_zumi:CCTAAGACATAGCCTTx,elf1,0.017278356,0.05177135,0.012208635
nc06_zumi:CCTAAGACCGGAGAGAx,elf1,0.017872067,0.10099719,0.0115089845
nc06_zumi:CCTAAGACTATGCAGTx,elf1,0.0004366844,0.034174275,0.007950457
nc06_zumi:CGATCAGTAGCTAGAAx,elf1,0.07270805,0.05111218,0.008756678
nc06_zumi:CTCTCTACAGAGGATAx,elf1,0.12239978,0.38293943,0.06568981
nc06_zumi:CTCTCTACAGCTAGAAx,elf1,0.16383106,0.51245755,0.068025425
nc06_zumi:CTCTCTACATAGCCTTx,elf1,0.2109911,0.3260315,0.0671366
nc06_zumi:CTCTCTACCGGAGAGAx,elf1,0.15137969,0.51740867,0.0582175
nc06_zumi:CTCTCTACTATGCAGTx,elf1,0.13539003,0.41112116,0.06560731
nc06_zumi:CTCTCTACTCGCATAAx,elf1,0.45253643,0.5287819,0.047745854
nc06_zumi:CTCTCTACTCTTACGCx,elf1,0.0015023801,0.036184527,0.009430028
nc06_zumi:GCGTAGTAAGAGGATAx,elf1,0.0018955047,0.028691364,0.007179573
nc06_zumi:GCGTAGTAAGCTAGAAx,elf1,0.4541936,0.6204777,0.04290327
nc06_zumi:GCGTAGTAAGGCTTAGx,elf1,0.5115412,0.55124044,0.021312088
nc06_zumi:GCGTAGTAATAGCCTTx,elf1,0.50876176,0.6931608,0.01164246
nc06_zumi:GCGTAGTACGGAGAGAx,elf1,0.3242619,0.26510292,0.05910471
nc06_zumi:GCGTAGTATATGCAGTx,elf1,0.0775,0.17957559,0.067940205
nc06_zumi:GCGTAGTATCGCATAAx,elf1,0.02614799,0.051734757,0.021833712
nc06_zumi:GCGTAGTATCTTACGCx,elf1,0.037943155,0.14351384,0.042361703
nc06_zumi:GCTCATGAAGAGGATAx,elf1,0.6166938,0.57935804,0.021144034
nc06_zumi:GCTCATGAAGCTAGAAx,elf1,0.096251644,0.18850735,0.06952649
nc06_zumi:GCTCATGAATAGCCTTx,elf1,0.08034651,0.4509976,0.058996797
nc06_zumi:GCTCATGACGGAGAGAx,elf1,0.0026283986,0.003460031,0.006385033
nc06_zumi:GCTCATGATATGCAGTx,elf1,0.093485884,0.092388175,0.050767962
nc06_zumi:GCTCATGATCGCATAAx,elf1,0.5923266,0.99999994,0.020525998
nc06_zumi:GCTCATGATCTTACGCx,elf1,0.0040560714,0.028514586,0.0072106486
nc06_zumi:GGACTCCTAGAGGATAx,elf1,0.016906532,0.069828115,0.013774871
nc06_zumi:GGACTCCTAGCTAGAAx,elf1,0.019952215,0.0804883,0.021383401
nc06_zumi:GGACTCCTAGGCTTAGx,elf1,0.04667978,0.16259913,0.074273266
nc06_zumi:GGACTCCTATAGCCTTx,elf1,0.34888116,0.31325597,0.04784764
nc06_zumi:GGACTCCTCGGAGAGAx,elf1,0.05970156,0.14042827,0.073897436
nc06_zumi:GGACTCCTTATGCAGTx,elf1,0.07138912,0.17743988,0.07376434
nc06_zumi:GGACTCCTTCGCATAAx,elf1,0.0,0.038056545,0.01075329
nc06_zumi:GGACTCCTTCTTACGCx,elf1,0.33366847,0.34212965,0.062462065
nc06_zumi:GGAGCTACATAGCCTTx,elf1,0.034570735,0.13490295,0.021326415
nc06_zumi:TAAGGCGAAGAGGATAx,elf1,0.06528565,0.17943302,0.073526494
nc06_zumi:TAAGGCGAAGCTAGAAx,elf1,0.13206269,0.31117976,0.06828567
nc06_zumi:TAAGGCGAAGGCTTAGx,elf1,0.029188165,0.02515993,0.005722576
nc06_zumi:TAAGGCGAATAGCCTTx,elf1,0.03338199,0.03899345,0.011519889
nc06_zumi:TAAGGCGATATGCAGTx,elf1,0.06918316,0.26428297,0.07323503
nc06_zumi:TACGCTGCAGAGGATAx,elf1,0.013745537,0.124247454,0.03998822
nc06_zumi:TACGCTGCAGCTAGAAx,elf1,0.018555088,0.060221434,0.014422452
nc06_zumi:TACGCTGCTCTTACGCx,elf1,0.21195723,0.6115665,0.06292342
nc06_zumi:TAGCGCTCAGCTAGAAx,elf1,0.045985762,0.12037564,0.06515831
nc06_zumi:TAGCGCTCAGGCTTAGx,elf1,0.35337073,0.5670094,0.043618135
nc06_zumi:TAGCGCTCTATGCAGTx,elf1,0.003134885,0.0,0.0068349205
nc06_zumi:TGCAGCTAAGAGGATAx,elf1,0.015895074,0.10956189,0.03665185
nc06_zumi:TGCAGCTAAGCTAGAAx,elf1,0.014822621,0.066335395,0.0120860785
nc06_zumi:TGCAGCTAAGGCTTAGx,elf1,0.0047654393,0.086056724,0.005445381
nc06_zumi:TGCAGCTAATAGCCTTx,elf1,0.0017026976,0.061651614,0.011090042
nc06_zumi:TGCAGCTACGGAGAGAx,elf1,0.06425648,0.16193475,0.07254169
nc06_zumi:TGCAGCTATATGCAGTx,elf1,0.18577664,0.5279758,0.048180595
nc06_zumi:TGCAGCTATCTTACGCx,elf1,0.07084235,0.2932261,0.066062406
nc07_zumi:AAGAGGCATAAGGCTCx,elf1,0.064066865,0.020288697,0.021878703
nc07_zumi:ACTCGCTACTAGTCGAx,elf1,0.026011528,0.03654786,0.016013118
nc07_zumi:ACTGAGCGACTCTAGGx,elf1,0.08699361,0.08713696,0.0155337835
nc07_zumi:ATGCGCAGTAAGGCTCx,elf1,0.06414115,0.11192102,0.027210148
nc07_zumi:CCTAAGACCTAGTCGAx,elf1,0.034938823,0.060823545,0.020910708
nc07_zumi:CGAGGCTGATTAGACGx,elf1,0.061285377,0.059596874,0.019013949
nc07_zumi:CGAGGCTGTACTCCTTx,elf1,0.07364806,0.06457661,0.0123166945
nc07_zumi:CGATCAGTCTAGTCGAx,elf1,0.056445707,0.0982691,0.019111035
nc07_zumi:CGATCAGTCTCCTTACx,elf1,0.024285307,0.025556866,0.0092703495
nc07_zumi:CGATCAGTTACTCCTTx,elf1,0.07425154,0.057513785,0.008134067
nc07_zumi:CGGAGCCTATTAGACGx,elf1,0.05929891,0.10394957,0.013806939
nc07_zumi:CGTACTAGACTCTAGGx,elf1,0.052697416,0.031639997,0.024411216
nc07_zumi:CGTACTAGCTAGTCGAx,elf1,0.05672436,0.04133566,0.017513053
nc07_zumi:CGTACTAGCTCCTTACx,elf1,0.026825584,0.052168295,0.014326027
nc07_zumi:CGTACTAGTACTCCTTx,elf1,0.08762818,0.07383349,0.019113759
nc07_zumi:CTCTCTACACTCTAGGx,elf1,0.09019968,0.10903499,0.045707185
nc07_zumi:CTCTCTACCTAGTCGAx,elf1,0.12434716,0.1524371,0.054884993
nc07_zumi:GCGTAGTATAAGGCTCx,elf1,0.047208566,0.03279594,0.013529843
nc07_zumi:GCTCATGACTAGTCGAx,elf1,0.07227636,0.0282572,0.006674386
nc07_zumi:GGACTCCTACTCTAGGx,elf1,0.065332904,0.057532553,0.022597097
nc07_zumi:GGACTCCTCTCCTTACx,elf1,0.026425252,0.04068505,0.01909265
nc07_zumi:GGAGCTACATTAGACGx,elf1,0.07189918,0.039009377,0.0064868922
nc07_zumi:GTAGAGGAATTAGACGx,elf1,0.05699613,0.052691575,0.020330084
nc07_zumi:GTAGAGGACTCCTTACx,elf1,0.00797756,0.03395083,0.0071556745
nc07_zumi:GTAGAGGATAAGGCTCx,elf1,0.06601802,0.012587944,0.006488198
nc07_zumi:GTAGAGGATACTCCTTx,elf1,0.014733382,0.042478185,0.017624935
nc07_zumi:TAAGGCGAATAGAGAGx,elf1,0.046750102,0.09300401,0.022489209
nc07_zumi:TACGCTGCCTTAATAGx,elf1,0.02053834,0.06491683,0.014849834
nc07_zumi:TAGCGCTCACTCTAGGx,elf1,0.09077529,0.11568001,0.03380334
nc07_zumi:TAGCGCTCATAGAGAGx,elf1,0.04379712,0.017314086,0.006901301
nc07_zumi:TAGCGCTCATTAGACGx,elf1,0.02539485,0.045787062,0.020179095
nc07_zumi:TAGGCATGATAGAGAGx,elf1,0.069140285,0.1306464,0.022067165
nc07_zumi:TAGGCATGCTAGTCGAx,elf1,0.08207149,0.076035425,0.02216443
nc07_zumi:TAGGCATGCTCCTTACx,elf1,0.07157942,0.10232782,0.026343962
nc07_zumi:TAGGCATGCTTAATAGx,elf1,0.067050226,0.020413991,0.0076482417
nc07_zumi:TAGGCATGTACTCCTTx,elf1,0.054556806,0.08675806,0.020256305
nc07_zumi:TCCTGAGCATAGAGAGx,elf1,0.05168084,0.12525715,0.032703508
nc07_zumi:TCCTGAGCATTAGACGx,elf1,0.04779131,0.046206497,0.017312953
nc07_zumi:TCCTGAGCCTTAATAGx,elf1,0.08486584,0.033538144,0.031678118
nc07_zumi:TCCTGAGCTACTCCTTx,elf1,0.07818748,0.013489494,0.009209912
nc07_zumi:TGCAGCTAATTAGACGx,elf1,0.04128649,0.024061311,0.016811589
nc07_zumi:TGCAGCTATACTCCTTx,elf1,0.022943443,0.05983706,0.0063934987
nc08_zumi:ACTGAGCGACTCTAGGx,elf1,0.11558064,0.32038254,0.07174025
nc08_zumi:ACTGAGCGAGAGGATAx,elf1,0.07815036,0.16433339,0.075490765
nc08_zumi:ACTGAGCGAGCTAGAAx,elf1,0.021770863,0.049850974,0.013811564
nc08_zumi:ACTGAGCGAGGCTTAGx,elf1,0.014969209,0.03652535,0.0047072587
nc08_zumi:ACTGAGCGATAGAGAGx,elf1,0.17338711,0.41334045,0.06640272
nc08_zumi:ACTGAGCGATTAGACGx,elf1,0.1305611,0.11149735,0.0707931
nc08_zumi:ACTGAGCGCGGAGAGAx,elf1,0.18580869,0.38387057,0.06791676
nc08_zumi:ACTGAGCGCTAGTCGAx,elf1,0.15474063,0.17163637,0.07259968
nc08_zumi:ACTGAGCGCTCCTTACx,elf1,0.08549113,0.10275458,0.03913781
nc08_zumi:ACTGAGCGCTTAATAGx,elf1,0.11673493,0.31975222,0.073560946
nc08_zumi:ACTGAGCGTAAGGCTCx,elf1,0.075974606,0.2430415,0.064267315
nc08_zumi:ACTGAGCGTACTCCTTx,elf1,0.07467886,0.30602407,0.06951121
nc08_zumi:ACTGAGCGTATGCAGTx,elf1,0.12970127,0.5245271,0.057116993
nc08_zumi:ACTGAGCGTCGCATAAx,elf1,0.13485415,0.41128963,0.06475202
nc08_zumi:ACTGAGCGTCTTACGCx,elf1,0.0042965,0.08281975,0.023615105
nc08_zumi:ATCTCAGGACTCTAGGx,elf1,0.086680576,0.29998934,0.072993815
nc08_zumi:ATCTCAGGAGAGGATAx,elf1,0.026821557,0.023119934,0.0059553226
nc08_zumi:ATCTCAGGAGCTAGAAx,elf1,0.06890367,0.16255213,0.07223155
nc08_zumi:ATCTCAGGAGGCTTAGx,elf1,0.017560437,0.10728056,0.0074113472
nc08_zumi:ATCTCAGGATAGAGAGx,elf1,0.054481994,0.16792671,0.06760925
nc08_zumi:ATCTCAGGATAGCCTTx,elf1,0.16882643,0.53182137,0.06510734
nc08_zumi:ATCTCAGGATTAGACGx,elf1,0.12359479,0.1777324,0.07133376
nc08_zumi:ATCTCAGGCGGAGAGAx,elf1,0.006146005,0.037590314,0.0045287316
nc08_zumi:ATCTCAGGTACTCCTTx,elf1,0.266696,0.35963696,0.06952588
nc08_zumi:ATCTCAGGTATGCAGTx,elf1,0.0044775535,0.0,0.005280374
nc08_zumi:ATCTCAGGTCGCATAAx,elf1,0.0059145847,0.050869524,0.0047613755
nc08_zumi:ATGCGCAGAGCTAGAAx,elf1,0.0014871133,0.0,0.0053566904
nc08_zumi:ATGCGCAGATTAGACGx,elf1,0.048720066,0.059149913,0.023711944
nc08_zumi:ATGCGCAGCTCCTTACx,elf1,0.007722302,0.058801126,0.0064658676
nc08_zumi:ATGCGCAGCTTAATAGx,elf1,0.079510756,0.30793506,0.07502083
nc08_zumi:ATGCGCAGTAAGGCTCx,elf1,0.086369865,0.11194839,0.037982482
nc08_zumi:ATGCGCAGTACTCCTTx,elf1,0.07917931,0.22638181,0.07164513
nc08_zumi:ATGCGCAGTATGCAGTx,elf1,0.058753558,0.23162352,0.071278654
nc08_zumi:ATGCGCAGTCGCATAAx,elf1,0.03067289,0.32071272,0.07281158
nc08_zumi:ATGCGCAGTCTTACGCx,elf1,0.09382811,0.37200502,0.06687504
nc08_zumi:CGAGGCTGAGAGGATAx,elf1,0.017569467,0.040230613,0.016582312
nc08_zumi:CGAGGCTGAGCTAGAAx,elf1,0.02002919,0.054193877,0.012422701
nc08_zumi:CGAGGCTGAGGCTTAGx,elf1,0.14549412,0.5551393,0.0541548
nc08_zumi:CGAGGCTGATAGCCTTx,elf1,0.06899121,0.27991885,0.07335557
nc08_zumi:CGAGGCTGCGGAGAGAx,elf1,0.032607257,0.13966519,0.06660428
nc08_zumi:CGAGGCTGCTAGTCGAx,elf1,0.009140227,0.06454062,0.007393665
nc08_zumi:CGAGGCTGCTTAATAGx,elf1,0.014944245,0.034729958,0.012567931
nc08_zumi:CGAGGCTGTAAGGCTCx,elf1,0.021089155,0.09679762,0.057896957
nc08_zumi:CGAGGCTGTCGCATAAx,elf1,0.052210536,0.36359906,0.07282462
nc08_zumi:CGAGGCTGTCTTACGCx,elf1,0.6139772,0.84825957,0.009429669
nc08_zumi:CGATCAGTACTCTAGGx,elf1,0.082522996,0.105868354,0.039416347
nc08_zumi:CGATCAGTAGAGGATAx,elf1,0.5715605,0.51387,0.006707078
nc08_zumi:CGATCAGTATAGAGAGx,elf1,0.03553546,0.08568289,0.03273208
nc08_zumi:CGATCAGTATAGCCTTx,elf1,0.09219216,0.21561873,0.07189247
nc08_zumi:CGATCAGTATTAGACGx,elf1,0.091251604,0.17036217,0.07376652
nc08_zumi:CGATCAGTCTAGTCGAx,elf1,0.047755655,0.12031965,0.030541658
nc08_zumi:CGATCAGTCTTAATAGx,elf1,0.043397136,0.0870951,0.056631315
nc08_zumi:CGATCAGTTATGCAGTx,elf1,0.15422422,0.2665154,0.07089995
nc08_zumi:CGGAGCCTACTCTAGGx,elf1,0.03630742,0.2166244,0.058005504
nc08_zumi:CGGAGCCTAGAGGATAx,elf1,0.033079922,0.028514586,0.006067026
nc08_zumi:CGGAGCCTAGCTAGAAx,elf1,0.33351573,0.6789189,0.02833905
nc08_zumi:CGGAGCCTAGGCTTAGx,elf1,0.82470167,0.7535521,0.0056242184
nc08_zumi:CGGAGCCTATAGCCTTx,elf1,0.06306872,0.19009764,0.07168285
nc08_zumi:CGGAGCCTATTAGACGx,elf1,0.082235634,0.18362728,0.07326602
nc08_zumi:CGGAGCCTCTTAATAGx,elf1,0.02410901,0.09572003,0.06500258
nc08_zumi:CGGAGCCTTACTCCTTx,elf1,0.049867805,0.077789426,0.021748139
nc08_zumi:CGGAGCCTTCGCATAAx,elf1,0.07814388,0.2817215,0.06108907
nc08_zumi:CGGAGCCTTCTTACGCx,elf1,0.0052615465,0.002516386,0.004396831
nc08_zumi:CGTACTAGACTCTAGGx,elf1,0.006472034,0.09666058,0.044891596
nc08_zumi:CGTACTAGAGAGGATAx,elf1,0.0012770231,0.0796244,0.010815011
nc08_zumi:CGTACTAGAGGCTTAGx,elf1,0.0053185965,0.09931489,0.016535422
nc08_zumi:CGTACTAGATAGCCTTx,elf1,0.500028,0.69435483,0.023700364
nc08_zumi:CGTACTAGATTAGACGx,elf1,0.104469396,0.15146549,0.068085276
nc08_zumi:CGTACTAGCTAGTCGAx,elf1,0.122163825,0.1957205,0.044318624
nc08_zumi:CGTACTAGTACTCCTTx,elf1,0.08549113,0.10275458,0.039511655
nc08_zumi:CGTACTAGTATGCAGTx,elf1,0.08523742,0.35384515,0.07235474
nc08_zumi:CGTACTAGTCGCATAAx,elf1,0.01850043,0.118063,0.059784137
nc08_zumi:CGTACTAGTCTTACGCx,elf1,0.44258285,0.7091591,0.03281163
nc08_zumi:GGAGCTACACTCTAGGx,elf1,0.03353452,0.16676728,0.029066453
nc08_zumi:GGAGCTACAGAGGATAx,elf1,0.670819,0.8274519,0.0094307335
nc08_zumi:GGAGCTACAGCTAGAAx,elf1,0.4787992,0.70646846,0.016600389
nc08_zumi:GGAGCTACATAGCCTTx,elf1,0.025181139,0.1659914,0.04728913
nc08_zumi:GGAGCTACATTAGACGx,elf1,0.013422768,0.1289672,0.061288353
nc08_zumi:GGAGCTACCGGAGAGAx,elf1,0.7550009,0.7661921,0.005876562
nc08_zumi:GGAGCTACCTAGTCGAx,elf1,0.15139237,0.32117045,0.07249013
nc08_zumi:GGAGCTACTCGCATAAx,elf1,0.0018389496,0.04390331,0.012665797
nc08_zumi:GGAGCTACTCTTACGCx,elf1,0.01853611,0.07504514,0.010927587
nc08_zumi:GTAGAGGAACTCTAGGx,elf1,0.20304464,0.26473746,0.07304016
nc08_zumi:GTAGAGGAAGAGGATAx,elf1,0.6864365,0.7313162,0.008200858
nc08_zumi:GTAGAGGAAGCTAGAAx,elf1,0.024809942,0.045960333,0.009736213
nc08_zumi:GTAGAGGAAGGCTTAGx,elf1,0.045145333,0.2540685,0.06324361
nc08_zumi:GTAGAGGAATAGCCTTx,elf1,0.029830098,0.01286821,0.0064554317
nc08_zumi:GTAGAGGACTCCTTACx,elf1,0.08950698,0.21769197,0.073198326
nc08_zumi:GTAGAGGACTTAATAGx,elf1,0.086127415,0.10931396,0.041495573
nc08_zumi:GTAGAGGATAAGGCTCx,elf1,0.043013457,0.09814189,0.044031393
nc08_zumi:GTAGAGGATACTCCTTx,elf1,0.029685823,0.043255895,0.02557354
nc08_zumi:GTAGAGGATCGCATAAx,elf1,0.17702459,0.5919102,0.047844645
nc08_zumi:GTAGAGGATCTTACGCx,elf1,0.10081055,0.3717901,0.06736331
nc08_zumi:TAGGCATGAGAGGATAx,elf1,0.203487,0.4939042,0.06908804
nc08_zumi:TAGGCATGAGCTAGAAx,elf1,0.00303692,0.0,0.0069119106
nc08_zumi:TAGGCATGAGGCTTAGx,elf1,0.0047615496,0.12685046,0.03856401
nc08_zumi:TAGGCATGATAGAGAGx,elf1,0.060736366,0.17256705,0.064134516
nc08_zumi:TAGGCATGATAGCCTTx,elf1,0.0745565,0.14916876,0.06709964
nc08_zumi:TAGGCATGATTAGACGx,elf1,0.02304729,0.1206194,0.0562513
nc08_zumi:TAGGCATGCGGAGAGAx,elf1,0.29753914,0.5671382,0.026187854
nc08_zumi:TAGGCATGCTCCTTACx,elf1,0.014815389,0.07817184,0.05188969
nc08_zumi:TAGGCATGCTTAATAGx,elf1,0.0380701,0.05136298,0.021213455
nc08_zumi:TAGGCATGTAAGGCTCx,elf1,0.02839463,0.15921901,0.049097545
nc08_zumi:TAGGCATGTCGCATAAx,elf1,0.027566602,0.059799425,0.00999038
nc08_zumi:TAGGCATGTCTTACGCx,elf1,0.01625143,0.11476485,0.0260473
nc08_zumi:TCCTGAGCACTCTAGGx,elf1,0.004692338,0.06427101,0.00601729
nc08_zumi:TCCTGAGCAGAGGATAx,elf1,0.59607595,0.7171017,0.009869678
nc08_zumi:TCCTGAGCAGCTAGAAx,elf1,0.0059036585,0.002992459,0.0058227335
nc08_zumi:TCCTGAGCAGGCTTAGx,elf1,0.0066145156,0.0061678486,0.0051921224
nc08_zumi:TCCTGAGCATAGAGAGx,elf1,0.07437753,0.040406067,0.018233899
nc08_zumi:TCCTGAGCATAGCCTTx,elf1,0.0066192537,0.0,0.005298509
nc08_zumi:TCCTGAGCATTAGACGx,elf1,0.005604737,0.07551733,0.0062004877
nc08_zumi:TCCTGAGCCGGAGAGAx,elf1,0.0457412,0.093973696,0.012180851
nc08_zumi:TCCTGAGCCTAGTCGAx,elf1,0.09395197,0.34816965,0.07303384
nc08_zumi:TCCTGAGCCTCCTTACx,elf1,0.07389064,0.21797949,0.07311812
nc08_zumi:TCCTGAGCCTTAATAGx,elf1,0.03661689,0.10015481,0.038189672
nc08_zumi:TCCTGAGCTAAGGCTCx,elf1,0.020910235,0.08541701,0.037138462
nc08_zumi:TCCTGAGCTACTCCTTx,elf1,0.10806775,0.2599737,0.06829174
nc08_zumi:TCCTGAGCTATGCAGTx,elf1,0.21938469,0.55613863,0.04704004
nc08_zumi:TCCTGAGCTCGCATAAx,elf1,0.0050110146,0.036243107,0.006308567
nc08_zumi:TCCTGAGCTCTTACGCx,elf1,0.22357276,0.60845256,0.062986836
nc08_zumi:TCGACGTCACTCTAGGx,elf1,0.08808178,0.105868354,0.03840923
nc08_zumi:TCGACGTCAGAGGATAx,elf1,0.6918549,0.59645575,0.023778906
nc08_zumi:TCGACGTCAGCTAGAAx,elf1,0.020325435,0.026732422,0.007444694
nc08_zumi:TCGACGTCAGGCTTAGx,elf1,0.01684917,0.053024605,0.015049967
nc08_zumi:TCGACGTCATAGAGAGx,elf1,0.10371882,0.113723315,0.07186884
nc08_zumi:TCGACGTCATAGCCTTx,elf1,0.52084696,0.5242703,0.027810538
nc08_zumi:TCGACGTCATTAGACGx,elf1,0.019213177,0.06048746,0.030319195
nc08_zumi:TCGACGTCTACTCCTTx,elf1,0.11747904,0.4577439,0.063887484
nc08_zumi:TCGACGTCTATGCAGTx,elf1,0.31727773,0.5229417,0.04981833
nc08_zumi:TCGACGTCTCTTACGCx,elf1,0.025584808,0.15774386,0.051355157
nc01_zumi:AAGAGGCAAGAGGATAx,nr2f5,0.3114133,0.35872218,0.055475112
nc01_zumi:AAGAGGCAAGGCTTAGx,nr2f5,0.45540875,0.2542026,-0.0073794005
nc01_zumi:AAGAGGCAATAGCCTTx,nr2f5,0.034584448,0.033201545,0.042401318
nc01_zumi:AAGAGGCACGGAGAGAx,nr2f5,0.296453,0.089469045,0.085464746
nc01_zumi:AAGAGGCATATGCAGTx,nr2f5,0.24162634,0.073579766,0.07582632
nc01_zumi:AAGAGGCATCGCATAAx,nr2f5,0.25468475,0.062498316,0.06645428
nc01_zumi:AAGAGGCATCTTACGCx,nr2f5,0.017003328,0.047631152,0.03734533
nc01_zumi:ACTCGCTAAGAGGATAx,nr2f5,0.12858675,0.0028668158,0.032844424
nc01_zumi:ACTCGCTAAGCTAGAAx,nr2f5,0.24624331,0.24741639,0.071012326
nc01_zumi:ACTCGCTAAGGCTTAGx,nr2f5,0.47110736,0.27733484,0.036876395
nc01_zumi:ACTCGCTAATAGCCTTx,nr2f5,0.18837301,0.24331133,0.063423745
nc01_zumi:ACTCGCTACGGAGAGAx,nr2f5,0.11799948,0.13835569,0.060259223
nc01_zumi:ACTCGCTATATGCAGTx,nr2f5,0.06300761,0.104471594,0.04414683
nc01_zumi:ACTCGCTATCGCATAAx,nr2f5,0.48780107,0.38373208,0.032940347
nc01_zumi:ACTCGCTATCTTACGCx,nr2f5,0.21769623,0.11653814,0.08904035
nc01_zumi:ACTGAGCGAGAGGATAx,nr2f5,0.018599316,0.039808773,0.037742663
nc01_zumi:ACTGAGCGAGCTAGAAx,nr2f5,0.39366585,0.091148846,0.07177728
nc01_zumi:ACTGAGCGAGGCTTAGx,nr2f5,0.025574222,0.034337215,0.039927013
nc01_zumi:ACTGAGCGATAGCCTTx,nr2f5,0.43253452,0.30332935,-0.008622369
nc01_zumi:ACTGAGCGCGGAGAGAx,nr2f5,0.45414346,0.16448507,-0.004817807
nc01_zumi:ACTGAGCGTATGCAGTx,nr2f5,0.21140786,0.011877278,0.046753794
nc01_zumi:ACTGAGCGTCTTACGCx,nr2f5,0.36606413,0.4110859,0.067922756
nc01_zumi:AGGCAGAAAGAGGATAx,nr2f5,0.23085941,0.01809767,0.06398424
nc01_zumi:AGGCAGAAAGCTAGAAx,nr2f5,0.35580754,0.3621873,0.061696228
nc01_zumi:AGGCAGAAAGGCTTAGx,nr2f5,0.32618743,0.43394434,0.033794403
nc01_zumi:AGGCAGAAATAGCCTTx,nr2f5,0.34307623,0.29353195,0.06831406
nc01_zumi:AGGCAGAACGGAGAGAx,nr2f5,0.4031012,0.24492408,0.08359899
nc01_zumi:AGGCAGAATATGCAGTx,nr2f5,0.356915,0.13977659,0.091528304
nc01_zumi:AGGCAGAATCTTACGCx,nr2f5,0.029402286,0.0456324,0.03825049
nc01_zumi:ATCTCAGGAGCTAGAAx,nr2f5,0.099086985,0.1568426,0.047680087
nc01_zumi:ATCTCAGGAGGCTTAGx,nr2f5,0.017003328,0.047631152,0.03760542
nc01_zumi:ATCTCAGGATAGCCTTx,nr2f5,0.09666173,0.11993775,0.04511154
nc01_zumi:ATCTCAGGCGGAGAGAx,nr2f5,0.008004144,0.041279845,0.03930852
nc01_zumi:ATCTCAGGTATGCAGTx,nr2f5,0.19501607,0.010822961,0.045012336
nc01_zumi:ATCTCAGGTCGCATAAx,nr2f5,0.38431728,0.22801928,0.06093939
nc01_zumi:ATCTCAGGTCTTACGCx,nr2f5,0.50450563,0.34294325,0.049109187
nc01_zumi:ATGCGCAGAGAGGATAx,nr2f5,0.12428154,0.082784675,0.053916752
nc01_zumi:ATGCGCAGAGCTAGAAx,nr2f5,0.17392947,0.13098252,0.0681694
nc01_zumi:ATGCGCAGAGGCTTAGx,nr2f5,0.39364243,0.3169653,0.029661395
nc01_zumi:ATGCGCAGATAGCCTTx,nr2f5,0.41191417,0.38683105,0.029441874
nc01_zumi:ATGCGCAGCGGAGAGAx,nr2f5,0.40078533,0.3083657,-0.008424776
nc01_zumi:ATGCGCAGTATGCAGTx,nr2f5,0.2622546,0.32420003,0.047791738
nc01_zumi:ATGCGCAGTCTTACGCx,nr2f5,0.09405987,0.07659393,0.0745873
nc01_zumi:CCTAAGACAGCTAGAAx,nr2f5,0.10559051,0.027778396,0.045116633
nc01_zumi:CCTAAGACAGGCTTAGx,nr2f5,0.5064826,0.63218075,0.021235116
nc01_zumi:CCTAAGACATAGCCTTx,nr2f5,0.3567173,0.12621577,0.07571541
nc01_zumi:CCTAAGACCGGAGAGAx,nr2f5,0.11890639,0.020354444,0.046950433
nc01_zumi:CCTAAGACTATGCAGTx,nr2f5,0.01600793,0.049949937,0.038200393
nc01_zumi:CCTAAGACTCGCATAAx,nr2f5,0.09779976,0.10382697,0.05181686
nc01_zumi:CCTAAGACTCTTACGCx,nr2f5,0.27204847,0.33290198,0.047665
nc01_zumi:CGAGGCTGAGAGGATAx,nr2f5,0.45120412,0.25343007,-0.002137959
nc01_zumi:CGAGGCTGAGCTAGAAx,nr2f5,0.35552263,0.12208061,0.09450434
nc01_zumi:CGAGGCTGAGGCTTAGx,nr2f5,0.4436354,0.34330896,-0.0071912147
nc01_zumi:CGAGGCTGATAGCCTTx,nr2f5,0.40091795,0.2303484,0.042919446
nc01_zumi:CGAGGCTGCGGAGAGAx,nr2f5,0.018599316,0.039808773,0.037888095
nc01_zumi:CGAGGCTGTATGCAGTx,nr2f5,0.43147814,0.21890897,0.020357598
nc01_zumi:CGAGGCTGTCGCATAAx,nr2f5,0.10625698,0.1432497,0.050190646
nc01_zumi:CGAGGCTGTCTTACGCx,nr2f5,0.07221024,0.04856679,0.061587825
nc01_zumi:CGATCAGTAGCTAGAAx,nr2f5,0.271271,0.35637414,0.042520802
nc01_zumi:CGATCAGTAGGCTTAGx,nr2f5,0.43670923,0.43064165,0.084996805
nc01_zumi:CGATCAGTATAGCCTTx,nr2f5,0.43784457,0.21672885,0.017467128
nc01_zumi:CGATCAGTCGGAGAGAx,nr2f5,0.4247464,0.25290945,-0.007113252
nc01_zumi:CGATCAGTTATGCAGTx,nr2f5,0.22922765,0.2794709,0.05237645
nc01_zumi:CGATCAGTTCGCATAAx,nr2f5,0.35019946,0.34580153,0.054456387
nc01_zumi:CGATCAGTTCTTACGCx,nr2f5,0.46064472,0.24433951,-0.005777578
nc01_zumi:CGGAGCCTAGAGGATAx,nr2f5,0.3952027,0.12529634,0.09566952
nc01_zumi:CGGAGCCTAGCTAGAAx,nr2f5,0.37741446,0.26314256,0.09057897
nc01_zumi:CGGAGCCTAGGCTTAGx,nr2f5,0.44932646,0.2459685,0.037226215
nc01_zumi:CGGAGCCTATAGCCTTx,nr2f5,0.21451183,0.035244614,0.055054724
nc01_zumi:CGGAGCCTCGGAGAGAx,nr2f5,0.13928397,0.01760863,0.052250538
nc01_zumi:CGGAGCCTTCGCATAAx,nr2f5,0.4460022,0.26676664,-0.0022214432
nc01_zumi:CGGAGCCTTCTTACGCx,nr2f5,0.30171686,0.09694713,0.09493417
nc01_zumi:CGTACTAGAGAGGATAx,nr2f5,0.31468493,0.33830017,0.05190654
nc01_zumi:CGTACTAGAGCTAGAAx,nr2f5,0.32283652,0.41879895,0.043833442
nc01_zumi:CGTACTAGAGGCTTAGx,nr2f5,0.435499,0.42126533,0.0398608
nc01_zumi:CGTACTAGATAGCCTTx,nr2f5,0.44220912,0.27145892,-0.006338439
nc01_zumi:CGTACTAGCGGAGAGAx,nr2f5,0.46919698,0.31222403,0.029254504
nc01_zumi:CGTACTAGTATGCAGTx,nr2f5,0.44873655,0.58591384,0.034293916
nc01_zumi:CGTACTAGTCGCATAAx,nr2f5,0.07555051,0.13098308,0.04067263
nc01_zumi:CGTACTAGTCTTACGCx,nr2f5,0.20586996,0.22961207,0.07384052
nc01_zumi:CTCTCTACAGAGGATAx,nr2f5,0.39027494,0.23904057,0.03700293
nc01_zumi:CTCTCTACCGGAGAGAx,nr2f5,0.112331584,0.10910323,0.043943416
nc01_zumi:CTCTCTACTATGCAGTx,nr2f5,0.16233613,0.0042223483,0.030811353
nc01_zumi:CTCTCTACTCGCATAAx,nr2f5,0.21090318,0.16965297,0.0886489
nc01_zumi:CTCTCTACTCTTACGCx,nr2f5,0.15174283,0.0038926974,0.026673043
nc01_zumi:GCGTAGTAAGAGGATAx,nr2f5,0.113464996,0.11949368,0.061699368
nc01_zumi:GCGTAGTAATAGCCTTx,nr2f5,0.02334632,0.049949937,0.036802415
nc01_zumi:GCGTAGTACGGAGAGAx,nr2f5,0.43503243,0.33447865,-0.005199117
nc01_zumi:GCGTAGTATATGCAGTx,nr2f5,0.37118924,0.24211694,0.054853205
nc01_zumi:GCGTAGTATCGCATAAx,nr2f5,0.43102372,0.26475382,-0.0013778312
nc01_zumi:GCGTAGTATCTTACGCx,nr2f5,0.103787914,0.16362914,0.055011123
nc01_zumi:GCTCATGAAGAGGATAx,nr2f5,0.16296802,0.1893828,0.055471938
nc01_zumi:GCTCATGAAGCTAGAAx,nr2f5,0.16440324,0.008191546,0.05200967
nc01_zumi:GCTCATGAAGGCTTAGx,nr2f5,0.33091623,0.12037003,0.091933675
nc01_zumi:GCTCATGAATAGCCTTx,nr2f5,0.15458308,0.20537262,0.060714558
nc01_zumi:GCTCATGACGGAGAGAx,nr2f5,0.44064492,0.23307647,0.0028425164
nc01_zumi:GCTCATGATATGCAGTx,nr2f5,0.45190716,0.27818978,0.04228549
nc01_zumi:GCTCATGATCGCATAAx,nr2f5,0.24259515,0.22011863,0.079648
nc01_zumi:GCTCATGATCTTACGCx,nr2f5,0.12711243,0.18821557,0.043163083
nc01_zumi:GGACTCCTAGAGGATAx,nr2f5,0.21480148,0.17103249,0.06103618
nc01_zumi:GGACTCCTAGCTAGAAx,nr2f5,0.37587416,0.37116057,0.047462292
nc01_zumi:GGACTCCTAGGCTTAGx,nr2f5,0.14934884,0.008546675,0.039010357
nc01_zumi:GGACTCCTATAGCCTTx,nr2f5,0.16769032,0.0042943656,0.035058483
nc01_zumi:GGACTCCTCGGAGAGAx,nr2f5,0.18489112,0.191273,0.05833467
nc01_zumi:GGACTCCTTATGCAGTx,nr2f5,0.030385971,0.034318626,0.038270585
nc01_zumi:GGACTCCTTCGCATAAx,nr2f5,0.46005875,0.3804468,0.023155233
nc01_zumi:GGAGCTACAGAGGATAx,nr2f5,0.1682403,0.23107605,0.059196353
nc01_zumi:GGAGCTACAGCTAGAAx,nr2f5,0.017003328,0.047631152,0.038008627
nc01_zumi:GGAGCTACAGGCTTAGx,nr2f5,0.45972162,0.5202258,0.019968558
nc01_zumi:GGAGCTACATAGCCTTx,nr2f5,0.5412756,0.42979577,0.053043276
nc01_zumi:GGAGCTACCGGAGAGAx,nr2f5,0.307383,0.32147714,0.089042254
nc01_zumi:GGAGCTACTATGCAGTx,nr2f5,0.43226773,0.32337844,0.057495188
nc01_zumi:GGAGCTACTCGCATAAx,nr2f5,0.4306829,0.3615166,-0.007624343
nc01_zumi:GGAGCTACTCTTACGCx,nr2f5,0.35720098,0.10492469,0.08210072
nc01_zumi:GTAGAGGAAGAGGATAx,nr2f5,0.4291011,0.26597345,-0.00856209
nc01_zumi:GTAGAGGAAGCTAGAAx,nr2f5,0.41153115,0.15725082,0.075110674
nc01_zumi:GTAGAGGAATAGCCTTx,nr2f5,0.35190982,0.36971363,0.07831541
nc01_zumi:GTAGAGGACGGAGAGAx,nr2f5,0.47576016,0.3156425,0.061303947
nc01_zumi:GTAGAGGATCGCATAAx,nr2f5,0.37957466,0.3004677,0.06941904
nc01_zumi:GTAGAGGATCTTACGCx,nr2f5,0.5029962,0.31727344,0.055022277
nc01_zumi:TAAGGCGAAGAGGATAx,nr2f5,0.22867377,0.2421823,0.06767536
nc01_zumi:TAAGGCGAAGCTAGAAx,nr2f5,0.38922244,0.33875287,0.030912045
nc01_zumi:TAAGGCGAAGGCTTAGx,nr2f5,0.4292714,0.49888518,0.01983299
nc01_zumi:TAAGGCGACGGAGAGAx,nr2f5,0.28689164,0.22381648,0.08868185
nc01_zumi:TAAGGCGATCTTACGCx,nr2f5,0.18949871,0.18494833,0.0853828
nc01_zumi:TACGCTGCAGAGGATAx,nr2f5,0.005987659,0.05202245,0.035882626
nc01_zumi:TACGCTGCAGCTAGAAx,nr2f5,0.2719785,0.29636335,0.088696904
nc01_zumi:TACGCTGCAGGCTTAGx,nr2f5,0.017003328,0.047631152,0.037695203
nc01_zumi:TACGCTGCATAGCCTTx,nr2f5,0.20861901,0.021711351,0.043563712
nc01_zumi:TACGCTGCCGGAGAGAx,nr2f5,0.28769517,0.24155383,0.08460249
nc01_zumi:TACGCTGCTATGCAGTx,nr2f5,0.012533903,0.045452908,0.038620647
nc01_zumi:TACGCTGCTCGCATAAx,nr2f5,0.018599316,0.039808773,0.03771086
nc01_zumi:TACGCTGCTCTTACGCx,nr2f5,0.36205804,0.48585978,0.071899265
nc01_zumi:TAGCGCTCAGAGGATAx,nr2f5,0.1039644,0.113919735,0.05631137
nc01_zumi:TAGCGCTCAGCTAGAAx,nr2f5,0.02334632,0.049949937,0.036431406
nc01_zumi:TAGCGCTCAGGCTTAGx,nr2f5,0.013515115,0.033744544,0.04157797
nc01_zumi:TAGCGCTCATAGCCTTx,nr2f5,0.40599406,0.2870636,-0.008623954
nc01_zumi:TAGCGCTCTATGCAGTx,nr2f5,0.28094596,0.07285435,0.08895749
nc01_zumi:TAGCGCTCTCGCATAAx,nr2f5,0.46696937,0.24450509,0.0011991471
nc01_zumi:TAGCGCTCTCTTACGCx,nr2f5,0.39385146,0.33747017,0.037690546
nc01_zumi:TAGGCATGAGAGGATAx,nr2f5,0.24504615,0.26875174,0.0809376
nc01_zumi:TAGGCATGAGCTAGAAx,nr2f5,0.0,0.049562007,0.03698448
nc01_zumi:TAGGCATGAGGCTTAGx,nr2f5,0.14043869,0.22603457,0.06251127
nc01_zumi:TAGGCATGATAGCCTTx,nr2f5,0.5288218,0.33239892,0.054142796
nc01_zumi:TAGGCATGCGGAGAGAx,nr2f5,0.4452778,0.2535925,-0.005179396
nc01_zumi:TAGGCATGTATGCAGTx,nr2f5,0.43510795,0.3232518,0.028914332
nc01_zumi:TAGGCATGTCGCATAAx,nr2f5,0.24660398,0.36307,0.046855222
nc01_zumi:TAGGCATGTCTTACGCx,nr2f5,0.3783682,0.29569614,-0.008393518
nc01_zumi:TCCTGAGCAGAGGATAx,nr2f5,0.40703946,0.27472556,0.06339094
nc01_zumi:TCCTGAGCAGGCTTAGx,nr2f5,0.33483082,0.08413684,0.096157484
nc01_zumi:TCCTGAGCATAGCCTTx,nr2f5,0.4185655,0.11703092,0.093138225
nc01_zumi:TCCTGAGCCGGAGAGAx,nr2f5,0.1841595,0.007890591,0.046111915
nc01_zumi:TCCTGAGCTATGCAGTx,nr2f5,0.10336046,0.11847162,0.049848158
nc01_zumi:TCCTGAGCTCGCATAAx,nr2f5,0.43270057,0.31430954,0.049034476
nc01_zumi:TCCTGAGCTCTTACGCx,nr2f5,0.4415542,0.61015826,0.03268933
nc02_zumi:AAGAGGCAACTCTAGGx,nr2f5,0.6919773,0.8116965,0.023936987
nc02_zumi:AAGAGGCAAGAGGATAx,nr2f5,0.8641644,0.73513675,0.01432606
nc02_zumi:AAGAGGCAAGCTAGAAx,nr2f5,0.6066641,0.47994128,0.0081481
nc02_zumi:AAGAGGCAATAGAGAGx,nr2f5,0.48943692,0.5648609,0.00760048
nc02_zumi:AAGAGGCAATAGCCTTx,nr2f5,0.33020067,0.28943995,0.09149776
nc02_zumi:AAGAGGCAATTAGACGx,nr2f5,0.7795732,0.85005575,0.0147226
nc02_zumi:AAGAGGCACTCCTTACx,nr2f5,0.6665192,0.87336165,0.023631383
nc02_zumi:AAGAGGCACTTAATAGx,nr2f5,0.65993816,0.7974333,0.021450564
nc02_zumi:AAGAGGCATAAGGCTCx,nr2f5,0.36824584,0.35224348,0.095696874
nc02_zumi:AAGAGGCATCTTACGCx,nr2f5,0.50984985,0.48326173,0.037793342
nc02_zumi:ACTCGCTAACTCTAGGx,nr2f5,0.7295926,0.6131377,0.013422134
nc02_zumi:ACTCGCTAAGAGGATAx,nr2f5,0.62419415,0.7009048,0.022901183
nc02_zumi:ACTCGCTAAGCTAGAAx,nr2f5,0.42022997,0.38734657,0.09338196
nc02_zumi:ACTCGCTAAGGCTTAGx,nr2f5,0.87515575,0.81771755,0.019473094
nc02_zumi:ACTCGCTAATAGAGAGx,nr2f5,0.7323149,0.80849946,0.012750296
nc02_zumi:ACTCGCTAATTAGACGx,nr2f5,0.60502005,0.7863159,0.024045518
nc02_zumi:ACTCGCTACTAGTCGAx,nr2f5,0.4667884,0.42945045,0.0802912
nc02_zumi:ACTCGCTACTTAATAGx,nr2f5,0.6090983,0.98124075,0.022913648
nc02_zumi:ACTCGCTATACTCCTTx,nr2f5,0.62020504,0.8803598,0.02352443
nc02_zumi:ACTCGCTATATGCAGTx,nr2f5,0.4761601,0.49041042,0.03238761
nc02_zumi:AGGCAGAAACTCTAGGx,nr2f5,0.6521138,0.8091729,0.021041248
nc02_zumi:AGGCAGAAAGCTAGAAx,nr2f5,0.7028624,0.6513155,0.0099429
nc02_zumi:AGGCAGAAATAGAGAGx,nr2f5,0.751425,0.7244236,0.025257753
nc02_zumi:AGGCAGAAATTAGACGx,nr2f5,0.7349119,0.79572445,0.02152696
nc02_zumi:AGGCAGAACGGAGAGAx,nr2f5,0.7185129,0.6077994,0.01658079
nc02_zumi:AGGCAGAACTAGTCGAx,nr2f5,0.7031252,0.77957463,0.01689509
nc02_zumi:AGGCAGAACTCCTTACx,nr2f5,0.6105754,0.9073655,0.024696771
nc02_zumi:AGGCAGAATAAGGCTCx,nr2f5,0.3401565,0.31732184,0.09713453
nc02_zumi:AGGCAGAATACTCCTTx,nr2f5,0.5926274,0.98688865,0.023151236
nc02_zumi:AGGCAGAATCGCATAAx,nr2f5,0.7503242,0.61748934,0.010577249
nc02_zumi:AGGCAGAATCTTACGCx,nr2f5,0.7619784,0.68632555,0.01414545
nc02_zumi:CCTAAGACCTCCTTACx,nr2f5,0.60131884,0.83435714,0.02866911
nc02_zumi:CCTAAGACCTTAATAGx,nr2f5,0.7191704,0.9129373,0.018683264
nc02_zumi:CCTAAGACTAAGGCTCx,nr2f5,0.6201591,0.93785244,0.02471684
nc02_zumi:CCTAAGACTACTCCTTx,nr2f5,0.39155567,0.54596555,0.09775233
nc02_zumi:CTCTCTACACTCTAGGx,nr2f5,0.6584086,0.7135072,0.031540345
nc02_zumi:CTCTCTACAGAGGATAx,nr2f5,0.3599797,0.36752638,0.07836096
nc02_zumi:CTCTCTACAGGCTTAGx,nr2f5,0.45223504,0.5382332,0.0072974465
nc02_zumi:CTCTCTACATAGAGAGx,nr2f5,0.64639395,0.8944011,0.022485672
nc02_zumi:CTCTCTACATTAGACGx,nr2f5,0.7202645,0.90075886,0.018873343
nc02_zumi:CTCTCTACCTAGTCGAx,nr2f5,0.70660925,0.64991075,0.016669465
nc02_zumi:CTCTCTACCTTAATAGx,nr2f5,0.8530604,0.8603167,0.01855663
nc02_zumi:CTCTCTACTATGCAGTx,nr2f5,0.28175157,0.32565287,0.08259755
nc02_zumi:CTCTCTACTCGCATAAx,nr2f5,0.37567806,0.363668,0.09092641
nc02_zumi:CTCTCTACTCTTACGCx,nr2f5,0.77626276,0.6231146,0.0029644545
nc02_zumi:GCGTAGTAACTCTAGGx,nr2f5,0.63064957,0.7030859,0.035673205
nc02_zumi:GCGTAGTATAAGGCTCx,nr2f5,0.74939376,0.8599446,0.017953573
nc02_zumi:GCGTAGTATACTCCTTx,nr2f5,0.3923763,0.3944372,0.07973409
nc02_zumi:GCTCATGAACTCTAGGx,nr2f5,0.59841895,0.8362686,0.026954262
nc02_zumi:GCTCATGAAGGCTTAGx,nr2f5,0.6976458,0.5415862,0.00096365117
nc02_zumi:GCTCATGAATAGAGAGx,nr2f5,0.5977269,0.7376485,0.021971827
nc02_zumi:GCTCATGAATAGCCTTx,nr2f5,0.49336106,0.6052186,0.029433891
nc02_zumi:GCTCATGACGGAGAGAx,nr2f5,0.81026775,0.84148437,0.013638709
nc02_zumi:GCTCATGACTAGTCGAx,nr2f5,0.56468105,0.8789824,0.027197009
nc02_zumi:GCTCATGACTCCTTACx,nr2f5,0.6398201,0.88159347,0.024271915
nc02_zumi:GCTCATGATAAGGCTCx,nr2f5,0.48143727,0.5778756,0.06702067
nc02_zumi:GCTCATGATACTCCTTx,nr2f5,0.44654453,0.51581836,0.07183107
nc02_zumi:GCTCATGATCTTACGCx,nr2f5,0.3475756,0.2793095,0.094507396
nc02_zumi:GGACTCCTACTCTAGGx,nr2f5,0.66286993,0.9429147,0.0233335
nc02_zumi:GGACTCCTAGAGGATAx,nr2f5,0.6739431,0.7628239,0.016037907
nc02_zumi:GGACTCCTATAGAGAGx,nr2f5,0.6816824,0.7323044,0.020478053
nc02_zumi:GGACTCCTATAGCCTTx,nr2f5,0.47900486,0.40277869,0.05069321
nc02_zumi:GGACTCCTATTAGACGx,nr2f5,0.7507499,0.8736094,0.01377034
nc02_zumi:GGACTCCTCTAGTCGAx,nr2f5,0.5312442,0.5203683,0.007541931
nc02_zumi:GGACTCCTCTCCTTACx,nr2f5,0.5306394,0.6132966,0.024506815
nc02_zumi:GGACTCCTCTTAATAGx,nr2f5,0.6127192,0.92696965,0.026634576
nc02_zumi:GGACTCCTTCGCATAAx,nr2f5,0.8606494,0.75895685,0.013210259
nc02_zumi:GGACTCCTTCTTACGCx,nr2f5,0.7156114,0.77262187,0.016529348
nc02_zumi:TAAGGCGAACTCTAGGx,nr2f5,0.77542293,0.8637106,0.018645588
nc02_zumi:TAAGGCGAAGAGGATAx,nr2f5,0.7167563,0.61119896,0.0043552965
nc02_zumi:TAAGGCGAAGGCTTAGx,nr2f5,0.7639269,0.7731304,0.012669446
nc02_zumi:TAAGGCGAATAGAGAGx,nr2f5,0.3373896,0.3077337,0.10020863
nc02_zumi:TAAGGCGACTAGTCGAx,nr2f5,0.59855133,0.9785402,0.024050025
nc02_zumi:TAAGGCGACTTAATAGx,nr2f5,0.51432955,0.49572578,0.0069972584
nc02_zumi:TAAGGCGATACTCCTTx,nr2f5,0.7632957,0.8200668,0.022728486
nc02_zumi:TAAGGCGATATGCAGTx,nr2f5,0.5422982,0.53786516,0.032546762
nc02_zumi:TACGCTGCCTAGTCGAx,nr2f5,0.7022215,0.8915266,0.021606794
nc02_zumi:TACGCTGCCTCCTTACx,nr2f5,0.46131223,0.5026828,0.077139616
nc02_zumi:TACGCTGCCTTAATAGx,nr2f5,0.34619802,0.31439683,0.0994903
nc02_zumi:TACGCTGCTAAGGCTCx,nr2f5,0.709768,0.83671045,0.023366679
nc02_zumi:TACGCTGCTACTCCTTx,nr2f5,0.5945518,0.7888704,0.020309102
nc02_zumi:TAGCGCTCACTCTAGGx,nr2f5,0.6520216,0.8092521,0.023629108
nc02_zumi:TAGCGCTCATTAGACGx,nr2f5,0.6353249,0.9220968,0.03754324
nc02_zumi:TAGCGCTCCTCCTTACx,nr2f5,0.63922125,0.73031294,0.018839369
nc02_zumi:TAGCGCTCTAAGGCTCx,nr2f5,0.6271051,0.9278472,0.024109343
nc02_zumi:TAGCGCTCTACTCCTTx,nr2f5,0.6199855,0.9052208,0.027156124
nc02_zumi:TGCAGCTAATAGAGAGx,nr2f5,0.6279555,0.8244921,0.02508501
nc02_zumi:TGCAGCTACTAGTCGAx,nr2f5,0.6670324,0.9996129,0.02117543
nc02_zumi:TGCAGCTACTTAATAGx,nr2f5,0.63594717,0.8963416,0.023444189
nc03_zumi:AAGAGGCAACTCTAGGx,nr2f5,0.39445198,0.30996272,0.090513505
nc03_zumi:AAGAGGCAATAGAGAGx,nr2f5,0.3192075,0.3094522,0.08648891
nc03_zumi:AAGAGGCAATTAGACGx,nr2f5,0.46793276,0.5899805,0.022941737
nc03_zumi:AAGAGGCACTAGTCGAx,nr2f5,0.40269548,0.4389336,0.04280267
nc03_zumi:AAGAGGCACTCCTTACx,nr2f5,0.43675226,0.23219739,0.06104298
nc03_zumi:AAGAGGCATAAGGCTCx,nr2f5,0.4628414,0.64173293,0.012805933
nc03_zumi:AAGAGGCATACTCCTTx,nr2f5,0.63230014,0.6916861,0.001087255
nc03_zumi:ACTCGCTAACTCTAGGx,nr2f5,0.4358272,0.4609541,0.021076756
nc03_zumi:ACTCGCTAATTAGACGx,nr2f5,0.4392255,0.37513092,0.016001265
nc03_zumi:ACTCGCTACTAGTCGAx,nr2f5,0.39323086,0.19188985,0.08744817
nc03_zumi:ACTCGCTATAAGGCTCx,nr2f5,0.5943405,0.5244598,0.007358203
nc03_zumi:ACTCGCTATACTCCTTx,nr2f5,0.53527075,0.5003325,0.0026014706
nc03_zumi:AGGCAGAAACTCTAGGx,nr2f5,0.53387934,0.54487836,0.0047895894
nc03_zumi:AGGCAGAAATAGAGAGx,nr2f5,0.3183815,0.3183933,0.095389366
nc03_zumi:AGGCAGAAATTAGACGx,nr2f5,0.31360185,0.2919481,0.09775767
nc03_zumi:AGGCAGAACTAGTCGAx,nr2f5,0.32988924,0.27359915,0.095957346
nc03_zumi:AGGCAGAACTTAATAGx,nr2f5,0.4845397,0.57965535,0.011672689
nc03_zumi:AGGCAGAATAAGGCTCx,nr2f5,0.36715502,0.3768853,0.076595984
nc03_zumi:ATCTCAGGATTAGACGx,nr2f5,0.48274964,0.68087286,0.0016847393
nc03_zumi:ATCTCAGGTACTCCTTx,nr2f5,0.48327994,0.41251713,0.024241287
nc03_zumi:ATGCGCAGACTCTAGGx,nr2f5,0.48783797,0.48322544,0.0153696
nc03_zumi:ATGCGCAGCTCCTTACx,nr2f5,0.40811557,0.28286785,0.08361309
nc03_zumi:ATGCGCAGCTTAATAGx,nr2f5,0.51291823,0.6276141,0.015631706
nc03_zumi:ATGCGCAGTACTCCTTx,nr2f5,0.47278506,0.6023325,0.0062348265
nc03_zumi:CCTAAGACATTAGACGx,nr2f5,0.41771948,0.4873779,0.02670571
nc03_zumi:CCTAAGACCTAGTCGAx,nr2f5,0.4593501,0.62447643,0.0056855734
nc03_zumi:CCTAAGACCTCCTTACx,nr2f5,0.52758914,0.46219596,0.00921803
nc03_zumi:CCTAAGACCTTAATAGx,nr2f5,0.4867679,0.5536224,0.014395376
nc03_zumi:CCTAAGACTAAGGCTCx,nr2f5,0.58467233,0.4944184,0.010539594
nc03_zumi:CGAGGCTGATTAGACGx,nr2f5,0.5719355,0.7028824,0.0014365369
nc03_zumi:CGAGGCTGCTTAATAGx,nr2f5,0.4248696,0.6018758,0.035034347
nc03_zumi:CGATCAGTATTAGACGx,nr2f5,0.5962459,0.5107236,0.0032078542
nc03_zumi:CGATCAGTCTAGTCGAx,nr2f5,0.7060804,0.5945539,0.00029280412
nc03_zumi:CGATCAGTCTTAATAGx,nr2f5,0.61575496,0.5642874,0.0035993406
nc03_zumi:CGATCAGTTACTCCTTx,nr2f5,0.4845444,0.60588044,0.0071173543
nc03_zumi:CGGAGCCTATTAGACGx,nr2f5,0.65693927,0.6281303,0.001088144
nc03_zumi:CGTACTAGCTCCTTACx,nr2f5,0.74962616,0.6234405,0.00044604673
nc03_zumi:CGTACTAGCTTAATAGx,nr2f5,0.42944717,0.5443894,0.0076950146
nc03_zumi:CGTACTAGTAAGGCTCx,nr2f5,0.57955766,0.5082603,0.0025087765
nc03_zumi:CGTACTAGTACTCCTTx,nr2f5,0.44116366,0.6406518,0.012159347
nc03_zumi:CTCTCTACACTCTAGGx,nr2f5,0.390104,0.30105433,0.08840057
nc03_zumi:CTCTCTACATAGAGAGx,nr2f5,0.3057322,0.45063555,0.024993364
nc03_zumi:CTCTCTACATTAGACGx,nr2f5,0.483557,0.30821133,0.05902687
nc03_zumi:CTCTCTACCTAGTCGAx,nr2f5,0.45015442,0.5186269,0.0023742437
nc03_zumi:CTCTCTACCTCCTTACx,nr2f5,0.41677493,0.2773818,0.0545973
nc03_zumi:CTCTCTACTAAGGCTCx,nr2f5,0.4662559,0.58894986,0.0027403892
nc03_zumi:CTCTCTACTACTCCTTx,nr2f5,0.5088771,0.5974118,0.0084258
nc03_zumi:GCGTAGTAATTAGACGx,nr2f5,0.73418397,0.583748,0.0022266307
nc03_zumi:GCGTAGTACTAGTCGAx,nr2f5,0.5330892,0.57579345,0.029804826
nc03_zumi:GCGTAGTACTTAATAGx,nr2f5,0.44836634,0.45944303,0.021182803
nc03_zumi:GCGTAGTATAAGGCTCx,nr2f5,0.61943936,0.594208,0.0020275288
nc03_zumi:GCGTAGTATACTCCTTx,nr2f5,0.5486761,0.502185,0.0051168185
nc03_zumi:GCTCATGAATAGAGAGx,nr2f5,0.4379171,0.44176418,0.0018528043
nc03_zumi:GCTCATGAATTAGACGx,nr2f5,0.39891827,0.43429038,0.052279897
nc03_zumi:GCTCATGACTAGTCGAx,nr2f5,0.5070168,0.6400488,0.0019325302
nc03_zumi:GCTCATGACTCCTTACx,nr2f5,0.5228053,0.7342837,0.022566473
nc03_zumi:GCTCATGACTTAATAGx,nr2f5,0.5151508,0.5755118,0.008579992
nc03_zumi:GCTCATGATACTCCTTx,nr2f5,0.5036916,0.5955621,0.006843208
nc03_zumi:GGACTCCTATTAGACGx,nr2f5,0.5143911,0.54375005,0.021499433
nc03_zumi:GGACTCCTCTAGTCGAx,nr2f5,0.29786742,0.30016807,0.09978101
nc03_zumi:GGACTCCTCTCCTTACx,nr2f5,0.5186378,0.41345122,0.009527619
nc03_zumi:GGACTCCTTAAGGCTCx,nr2f5,0.48361826,0.4927741,0.008288774
nc03_zumi:GGAGCTACCTTAATAGx,nr2f5,0.46991873,0.599198,0.016017659
nc03_zumi:GGAGCTACTACTCCTTx,nr2f5,0.39156318,0.33266038,0.09244021
nc03_zumi:GTAGAGGACTAGTCGAx,nr2f5,0.45521724,0.42827284,0.028331276
nc03_zumi:GTAGAGGACTTAATAGx,nr2f5,0.40000606,0.36880118,0.038139656
nc03_zumi:GTAGAGGATAAGGCTCx,nr2f5,0.4799714,0.6542039,0.023763675
nc03_zumi:GTAGAGGATACTCCTTx,nr2f5,0.44749856,0.42723832,0.0714769
nc03_zumi:TAAGGCGAACTCTAGGx,nr2f5,0.35609317,0.35777333,0.023803083
nc03_zumi:TAAGGCGAATAGAGAGx,nr2f5,0.42613894,0.4825032,0.015617957
nc03_zumi:TAAGGCGAATTAGACGx,nr2f5,0.47805703,0.5352898,0.0068368437
nc03_zumi:TAAGGCGACTAGTCGAx,nr2f5,0.4242577,0.33362064,0.07299551
nc03_zumi:TAAGGCGACTCCTTACx,nr2f5,0.54618716,0.41553265,0.009972124
nc03_zumi:TAAGGCGACTTAATAGx,nr2f5,0.45386434,0.35842746,0.017052524
nc03_zumi:TAAGGCGATAAGGCTCx,nr2f5,0.36482966,0.25588116,0.06917547
nc03_zumi:TAAGGCGATACTCCTTx,nr2f5,0.46617264,0.54666346,0.011855101
nc03_zumi:TACGCTGCACTCTAGGx,nr2f5,0.5655384,0.49999878,0.0075464314
nc03_zumi:TACGCTGCATAGAGAGx,nr2f5,0.44641912,0.5281028,0.005766534
nc03_zumi:TACGCTGCATTAGACGx,nr2f5,0.5726496,0.53200805,0.0038950988
nc03_zumi:TACGCTGCCTAGTCGAx,nr2f5,0.3444298,0.2257566,0.081933424
nc03_zumi:TACGCTGCCTCCTTACx,nr2f5,0.5121031,0.5696662,0.005449377
nc03_zumi:TACGCTGCTAAGGCTCx,nr2f5,0.41124773,0.29877624,0.07590547
nc03_zumi:TACGCTGCTACTCCTTx,nr2f5,0.47698075,0.65424323,0.009373945
nc03_zumi:TAGCGCTCACTCTAGGx,nr2f5,0.4797147,0.5385327,0.00985595
nc03_zumi:TAGCGCTCATAGAGAGx,nr2f5,0.5707048,0.64806277,0.003963856
nc03_zumi:TAGCGCTCATTAGACGx,nr2f5,0.32673615,0.29596713,0.09015988
nc03_zumi:TAGCGCTCCTAGTCGAx,nr2f5,0.4275692,0.5819983,0.025312122
nc03_zumi:TAGCGCTCCTCCTTACx,nr2f5,0.42831653,0.34192744,0.053554032
nc03_zumi:TAGCGCTCTAAGGCTCx,nr2f5,0.5893739,0.5832196,0.0018969094
nc03_zumi:TAGCGCTCTACTCCTTx,nr2f5,0.38460636,0.31167158,0.029211584
nc03_zumi:TAGGCATGCTAGTCGAx,nr2f5,0.5815143,0.44188586,0.007430288
nc03_zumi:TAGGCATGCTCCTTACx,nr2f5,0.60682356,0.49832848,0.005630109
nc03_zumi:TCCTGAGCCTCCTTACx,nr2f5,0.60908544,0.45127827,0.0021442203
nc03_zumi:TCCTGAGCTACTCCTTx,nr2f5,0.543065,0.5113111,0.0037441174
nc03_zumi:TGCAGCTAATTAGACGx,nr2f5,0.4956466,0.595678,0.00617122
nc03_zumi:TGCAGCTACTAGTCGAx,nr2f5,0.44025457,0.44970408,0.009844707
nc03_zumi:TGCAGCTACTCCTTACx,nr2f5,0.5342692,0.6238055,0.0007853531
nc03_zumi:TGCAGCTATACTCCTTx,nr2f5,0.39835495,0.6078993,0.01319737
nc04_zumi:AAGAGGCAAGAGGATAx,nr2f5,0.8097034,0.78351027,0.01257194
nc04_zumi:AAGAGGCAATAGCCTTx,nr2f5,0.50122046,0.41165692,0.06303738
nc04_zumi:AAGAGGCATATGCAGTx,nr2f5,0.368856,0.3232714,0.085973874
nc04_zumi:ACTCGCTAAGAGGATAx,nr2f5,0.8696813,0.83662325,0.01388822
nc04_zumi:ACTCGCTAAGCTAGAAx,nr2f5,0.71716666,0.6617267,0.02092399
nc04_zumi:ACTCGCTAATAGCCTTx,nr2f5,0.3918693,0.28087407,0.10038445
nc04_zumi:ACTCGCTATATGCAGTx,nr2f5,0.7049098,0.5905359,0.017533958
nc04_zumi:ACTCGCTATCGCATAAx,nr2f5,0.5575496,0.5589108,0.043461636
nc04_zumi:ACTCGCTATCTTACGCx,nr2f5,0.4054398,0.40751618,0.07287099
nc04_zumi:ACTGAGCGCTCCTTACx,nr2f5,0.192091,0.027033066,0.096634336
nc04_zumi:AGGCAGAAAGAGGATAx,nr2f5,0.659448,0.80709845,0.030618094
nc04_zumi:AGGCAGAAAGCTAGAAx,nr2f5,0.62351555,0.56843454,0.03656795
nc04_zumi:AGGCAGAAATAGCCTTx,nr2f5,0.90672225,0.7493586,0.00832085
nc04_zumi:ATCTCAGGATAGAGAGx,nr2f5,0.10463597,0.11584613,0.047902815
nc04_zumi:ATCTCAGGATTAGACGx,nr2f5,0.3705197,0.4079123,0.028310405
nc04_zumi:ATGCGCAGCTCCTTACx,nr2f5,0.29583782,0.3305674,0.04446543
nc04_zumi:ATGCGCAGTAAGGCTCx,nr2f5,0.43797928,0.26140523,-0.007437203
nc04_zumi:ATGCGCAGTACTCCTTx,nr2f5,0.12056352,0.18174069,0.046761684
nc04_zumi:CCTAAGACAGAGGATAx,nr2f5,0.9519239,0.76519805,0.009428871
nc04_zumi:CCTAAGACAGCTAGAAx,nr2f5,0.99999994,0.8505081,0.0109132705
nc04_zumi:CCTAAGACTATGCAGTx,nr2f5,0.8779182,0.7104261,0.016023584
nc04_zumi:CCTAAGACTCGCATAAx,nr2f5,0.9370145,0.69329876,0.004628688
nc04_zumi:CCTAAGACTCTTACGCx,nr2f5,0.53233165,0.5438516,0.006892336
nc04_zumi:CGATCAGTATAGAGAGx,nr2f5,0.42325586,0.35145518,0.038928486
nc04_zumi:CGATCAGTATTAGACGx,nr2f5,0.28249085,0.24512334,0.087362096
nc04_zumi:CGATCAGTCTCCTTACx,nr2f5,0.2278686,0.019893976,0.055261854
nc04_zumi:CGATCAGTCTTAATAGx,nr2f5,0.38392138,0.44013,0.07057197
nc04_zumi:CGGAGCCTACTCTAGGx,nr2f5,0.42327827,0.32268134,-0.003777121
nc04_zumi:CGGAGCCTCTCCTTACx,nr2f5,0.37981862,0.41116178,0.01658022
nc04_zumi:CGGAGCCTCTTAATAGx,nr2f5,0.5317054,0.5462789,0.04284565
nc04_zumi:CGGAGCCTTAAGGCTCx,nr2f5,0.2544605,0.3337053,0.062187783
nc04_zumi:CGTACTAGCTAGTCGAx,nr2f5,0.39046007,0.42087185,0.0418958
nc04_zumi:CTCTCTACAGGCTTAGx,nr2f5,0.34939158,0.31149548,0.094755575
nc04_zumi:CTCTCTACATAGCCTTx,nr2f5,0.8109732,0.6420505,0.0032372896
nc04_zumi:CTCTCTACTATGCAGTx,nr2f5,0.3248675,0.23737662,0.101895206
nc04_zumi:CTCTCTACTCGCATAAx,nr2f5,0.7523457,0.54311264,0.0035785488
nc04_zumi:CTCTCTACTCTTACGCx,nr2f5,0.3594486,0.3352442,0.09711818
nc04_zumi:GCGTAGTAAGCTAGAAx,nr2f5,0.8319457,0.8829644,0.018246396
nc04_zumi:GCGTAGTAAGGCTTAGx,nr2f5,0.53122324,0.52149385,0.036724996
nc04_zumi:GCGTAGTACGGAGAGAx,nr2f5,0.90100783,0.7743596,0.010649104
nc04_zumi:GCGTAGTATCTTACGCx,nr2f5,0.86415297,0.64790726,0.002482825
nc04_zumi:GCTCATGAAGCTAGAAx,nr2f5,0.9441696,0.76686144,0.0063146413
nc04_zumi:GCTCATGAAGGCTTAGx,nr2f5,0.71993756,0.57105285,0.0038250608
nc04_zumi:GCTCATGAATAGCCTTx,nr2f5,0.35855305,0.35646972,0.094917394
nc04_zumi:GCTCATGATATGCAGTx,nr2f5,0.88015705,0.7298848,0.007509822
nc04_zumi:GCTCATGATCGCATAAx,nr2f5,0.47302443,0.46123645,0.04451546
nc04_zumi:GGACTCCTAGCTAGAAx,nr2f5,0.79266757,0.6650905,0.004549842
nc04_zumi:GGACTCCTATAGCCTTx,nr2f5,0.35812163,0.37807664,0.09654162
nc04_zumi:GGACTCCTTATGCAGTx,nr2f5,0.5640133,0.48466393,0.035266757
nc04_zumi:GGACTCCTTCGCATAAx,nr2f5,0.8259365,0.65479624,0.00661635
nc04_zumi:GGAGCTACCTTAATAGx,nr2f5,0.46723616,0.34012315,0.0015772615
nc04_zumi:GGAGCTACTAAGGCTCx,nr2f5,0.019873843,0.03807743,0.044080257
nc04_zumi:GGAGCTACTACTCCTTx,nr2f5,0.30065984,0.3689478,0.045335803
nc04_zumi:GTAGAGGAACTCTAGGx,nr2f5,0.4493211,0.46440512,0.025662158
nc04_zumi:GTAGAGGACTAGTCGAx,nr2f5,0.3914562,0.4593661,-1.6729284e-05
nc04_zumi:GTAGAGGACTCCTTACx,nr2f5,0.35732138,0.087913185,0.096997015
nc04_zumi:GTAGAGGATAAGGCTCx,nr2f5,0.2811259,0.10566495,0.09165056
nc04_zumi:TAAGGCGACGGAGAGAx,nr2f5,0.72582936,0.92763454,0.017035749
nc04_zumi:TAAGGCGATATGCAGTx,nr2f5,0.47151005,0.48806527,0.0064091743
nc04_zumi:TAAGGCGATCTTACGCx,nr2f5,0.76533234,0.80495036,0.017767912
nc04_zumi:TACGCTGCAGAGGATAx,nr2f5,0.5212009,0.53161347,0.039613735
nc04_zumi:TACGCTGCAGCTAGAAx,nr2f5,0.9102587,0.7471588,0.0076454245
nc04_zumi:TACGCTGCTCGCATAAx,nr2f5,0.8584036,0.8296351,0.013377848
nc04_zumi:TAGCGCTCAGAGGATAx,nr2f5,0.9978382,0.78409,0.0044348976
nc04_zumi:TAGCGCTCAGCTAGAAx,nr2f5,0.68355674,0.66346943,0.027107265
nc04_zumi:TAGCGCTCATAGCCTTx,nr2f5,0.54798824,0.52058125,0.009852961
nc04_zumi:TAGCGCTCCGGAGAGAx,nr2f5,0.5898098,0.4936857,0.012979865
nc04_zumi:TAGCGCTCTATGCAGTx,nr2f5,0.5289018,0.49172035,0.024756977
nc04_zumi:TAGCGCTCTCGCATAAx,nr2f5,0.982541,0.8441188,0.00866186
nc04_zumi:TAGCGCTCTCTTACGCx,nr2f5,0.93309873,0.7760798,0.01301629
nc04_zumi:TAGGCATGCTCCTTACx,nr2f5,0.42093354,0.28340486,0.051140092
nc04_zumi:TCCTGAGCACTCTAGGx,nr2f5,0.40674508,0.28759742,-0.007839827
nc04_zumi:TCCTGAGCCTCCTTACx,nr2f5,0.1638246,0.0,0.039123032
nc04_zumi:TCGACGTCACTCTAGGx,nr2f5,0.43209797,0.36192635,0.006079243
nc04_zumi:TCGACGTCATAGAGAGx,nr2f5,0.5040592,0.5573623,0.042677782
nc04_zumi:TCGACGTCATTAGACGx,nr2f5,0.090648785,0.13728571,0.045661107
nc04_zumi:TGCAGCTAAGAGGATAx,nr2f5,0.8804911,0.71073633,0.0068863444
nc04_zumi:TGCAGCTAATAGCCTTx,nr2f5,0.41154146,0.54562485,0.0318009
nc04_zumi:TGCAGCTACGGAGAGAx,nr2f5,0.8084182,0.67793596,0.004969628
nc04_zumi:TGCAGCTATCTTACGCx,nr2f5,0.69951516,0.74910116,0.017226927
nc05_zumi:AAGAGGCAATTAGACGx,nr2f5,0.69548047,0.76394933,0.022054082
nc05_zumi:AAGAGGCACTAGTCGAx,nr2f5,0.7501617,0.8076153,0.022869231
nc05_zumi:AAGAGGCACTCCTTACx,nr2f5,0.83072215,0.72682357,0.018206555
nc05_zumi:AAGAGGCATACTCCTTx,nr2f5,0.32554305,0.41564694,0.084863916
nc05_zumi:ACTGAGCGAGAGGATAx,nr2f5,0.8975776,0.78768903,0.011573566
nc05_zumi:AGGCAGAAACTCTAGGx,nr2f5,0.4204195,0.4376475,0.08027269
nc05_zumi:AGGCAGAAATAGAGAGx,nr2f5,0.25793427,0.22914802,0.08096614
nc05_zumi:AGGCAGAAATTAGACGx,nr2f5,0.828932,0.8318278,0.017556125
nc05_zumi:AGGCAGAACTAGTCGAx,nr2f5,0.3629592,0.3766011,0.09752316
nc05_zumi:ATCTCAGGTCGCATAAx,nr2f5,0.8631421,0.82018626,0.013161906
nc05_zumi:ATGCGCAGTATGCAGTx,nr2f5,0.78375286,0.80111367,0.014183647
nc05_zumi:ATGCGCAGTCGCATAAx,nr2f5,0.5728203,0.58423537,0.0072189975
nc05_zumi:GCGTAGTAATTAGACGx,nr2f5,0.74454945,0.76235795,0.02539073
nc05_zumi:GCTCATGACTAGTCGAx,nr2f5,0.76156807,0.7501538,0.025059886
nc05_zumi:GCTCATGACTTAATAGx,nr2f5,0.7952897,0.78211194,0.019478727
nc05_zumi:GCTCATGATAAGGCTCx,nr2f5,0.7412187,0.75435764,0.020903006
nc05_zumi:GCTCATGATACTCCTTx,nr2f5,0.7520005,0.70222837,0.028873496
nc05_zumi:GGACTCCTACTCTAGGx,nr2f5,0.6792639,0.7726244,0.031238269
nc05_zumi:GGACTCCTTACTCCTTx,nr2f5,0.721307,0.75140154,0.021452237
nc05_zumi:GGAGCTACAGGCTTAGx,nr2f5,0.84998924,0.68189293,0.012144642
nc05_zumi:GGAGCTACCGGAGAGAx,nr2f5,0.8140922,0.6159527,0.0154285515
nc05_zumi:GTAGAGGACGGAGAGAx,nr2f5,0.7586405,0.7697856,0.0142318215
nc05_zumi:TACGCTGCCTCCTTACx,nr2f5,0.36164105,0.3015514,0.09681772
nc05_zumi:TAGCGCTCCTCCTTACx,nr2f5,0.7342192,0.74624044,0.02679781
nc05_zumi:TAGGCATGAGGCTTAGx,nr2f5,0.77935535,0.70103097,0.020045904
nc05_zumi:TCGACGTCTATGCAGTx,nr2f5,0.5007774,0.52596366,0.006703842
nc05_zumi:TGCAGCTACTTAATAGx,nr2f5,0.57719976,0.941229,0.023587018
nc06_zumi:AAGAGGCAAGCTAGAAx,nr2f5,0.4378491,0.24960478,0.0091006365
nc06_zumi:AAGAGGCAAGGCTTAGx,nr2f5,0.44430643,0.4405076,0.012266155
nc06_zumi:AAGAGGCAATAGCCTTx,nr2f5,0.07188083,0.14647077,0.045898594
nc06_zumi:AAGAGGCATATGCAGTx,nr2f5,0.40176064,0.30746686,0.036682107
nc06_zumi:AAGAGGCATCGCATAAx,nr2f5,0.35381335,0.29168257,0.07324181
nc06_zumi:AAGAGGCATCTTACGCx,nr2f5,0.019873843,0.03807743,0.04442854
nc06_zumi:ACTCGCTAAGAGGATAx,nr2f5,0.36645228,0.34771332,0.049018875
nc06_zumi:ACTCGCTAAGCTAGAAx,nr2f5,0.40926898,0.34510484,0.013854841
nc06_zumi:ACTCGCTAAGGCTTAGx,nr2f5,0.095106885,0.122105315,0.06422099
nc06_zumi:ACTCGCTAATAGCCTTx,nr2f5,0.24395587,0.30297723,0.06925111
nc06_zumi:ACTCGCTATATGCAGTx,nr2f5,0.4107967,0.36141384,0.026823658
nc06_zumi:ACTCGCTATCGCATAAx,nr2f5,0.39913917,0.34423497,0.024739165
nc06_zumi:AGGCAGAAAGAGGATAx,nr2f5,0.40486413,0.26083428,0.035607804
nc06_zumi:AGGCAGAAAGGCTTAGx,nr2f5,0.16977172,0.0040508676,0.03929404
nc06_zumi:AGGCAGAAATAGCCTTx,nr2f5,0.5003456,0.37629744,0.044543292
nc06_zumi:AGGCAGAACGGAGAGAx,nr2f5,0.40746707,0.27514762,0.041489847
nc06_zumi:AGGCAGAATATGCAGTx,nr2f5,0.2165332,0.0078968275,0.053522658
nc06_zumi:AGGCAGAATCGCATAAx,nr2f5,0.38610423,0.2544868,0.05952966
nc06_zumi:AGGCAGAATCTTACGCx,nr2f5,0.029039621,0.07942116,0.049250834
nc06_zumi:CCTAAGACAGAGGATAx,nr2f5,0.3229096,0.4130202,0.013332196
nc06_zumi:CCTAAGACAGCTAGAAx,nr2f5,0.12362869,0.15469654,0.062253788
nc06_zumi:CCTAAGACAGGCTTAGx,nr2f5,0.4128974,0.1566648,0.047344733
nc06_zumi:CCTAAGACATAGCCTTx,nr2f5,0.30789536,0.24862568,0.08304957
nc06_zumi:CCTAAGACCGGAGAGAx,nr2f5,0.47345322,0.34156954,0.021485277
nc06_zumi:CCTAAGACTATGCAGTx,nr2f5,0.23531686,0.18358634,0.08096293
nc06_zumi:CGATCAGTAGCTAGAAx,nr2f5,0.63953954,0.7670564,0.030889269
nc06_zumi:CTCTCTACAGAGGATAx,nr2f5,0.3991825,0.3867224,0.046199173
nc06_zumi:CTCTCTACAGCTAGAAx,nr2f5,0.44741958,0.28508684,0.05042766
nc06_zumi:CTCTCTACATAGCCTTx,nr2f5,0.44293517,0.41641796,0.02834416
nc06_zumi:CTCTCTACCGGAGAGAx,nr2f5,0.36694527,0.23025496,0.027888073
nc06_zumi:CTCTCTACTATGCAGTx,nr2f5,0.35394335,0.2930207,0.061973937
nc06_zumi:CTCTCTACTCGCATAAx,nr2f5,0.30895042,0.2653999,0.080004655
nc06_zumi:CTCTCTACTCTTACGCx,nr2f5,0.21169437,0.22516263,0.07159448
nc06_zumi:GCGTAGTAAGAGGATAx,nr2f5,0.24971397,0.24012996,0.08882994
nc06_zumi:GCGTAGTAAGCTAGAAx,nr2f5,0.42750847,0.26744545,0.04222453
nc06_zumi:GCGTAGTAAGGCTTAGx,nr2f5,0.3788733,0.12738617,0.07613533
nc06_zumi:GCGTAGTAATAGCCTTx,nr2f5,0.022087574,0.023846095,0.034252644
nc06_zumi:GCGTAGTACGGAGAGAx,nr2f5,0.35916764,0.19076052,0.056951188
nc06_zumi:GCGTAGTATATGCAGTx,nr2f5,0.39881194,0.32750124,-0.0018329778
nc06_zumi:GCGTAGTATCGCATAAx,nr2f5,0.3000449,0.25827426,0.031110894
nc06_zumi:GCGTAGTATCTTACGCx,nr2f5,0.33943808,0.490303,0.024905944
nc06_zumi:GCTCATGAAGAGGATAx,nr2f5,0.25388622,0.03123567,0.08312862
nc06_zumi:GCTCATGAAGCTAGAAx,nr2f5,0.40537548,0.48692778,0.014370457
nc06_zumi:GCTCATGAATAGCCTTx,nr2f5,0.34458572,0.1386464,0.06894399
nc06_zumi:GCTCATGACGGAGAGAx,nr2f5,0.15186061,0.1242324,0.060099486
nc06_zumi:GCTCATGATATGCAGTx,nr2f5,0.45741582,0.36022568,0.013313918
nc06_zumi:GCTCATGATCGCATAAx,nr2f5,0.27574354,0.13051325,0.086622715
nc06_zumi:GCTCATGATCTTACGCx,nr2f5,0.21759193,0.2430787,0.071502864
nc06_zumi:GGACTCCTAGAGGATAx,nr2f5,0.38061917,0.37239227,0.015721396
nc06_zumi:GGACTCCTAGCTAGAAx,nr2f5,0.39546746,0.41326585,0.0061315675
nc06_zumi:GGACTCCTAGGCTTAGx,nr2f5,0.45279187,0.23643078,-0.0037824134
nc06_zumi:GGACTCCTATAGCCTTx,nr2f5,0.3959601,0.31341735,0.06401815
nc06_zumi:GGACTCCTCGGAGAGAx,nr2f5,0.41542494,0.23439686,-0.003557698
nc06_zumi:GGACTCCTTATGCAGTx,nr2f5,0.4138165,0.28453767,-0.006624094
nc06_zumi:GGACTCCTTCGCATAAx,nr2f5,0.25189775,0.19651768,0.080317244
nc06_zumi:GGACTCCTTCTTACGCx,nr2f5,0.361243,0.4155162,0.0563835
nc06_zumi:GGAGCTACATAGCCTTx,nr2f5,0.52377516,0.8826691,0.028486254
nc06_zumi:TAAGGCGAAGAGGATAx,nr2f5,0.4128194,0.3563839,-0.0060228445
nc06_zumi:TAAGGCGAAGCTAGAAx,nr2f5,0.38534302,0.30126053,0.04907657
nc06_zumi:TAAGGCGAAGGCTTAGx,nr2f5,0.23021166,0.3390489,0.03484028
nc06_zumi:TAAGGCGAATAGCCTTx,nr2f5,0.25298572,0.38999406,0.0706193
nc06_zumi:TAAGGCGATATGCAGTx,nr2f5,0.43023068,0.3210228,0.0045978944
nc06_zumi:TACGCTGCAGAGGATAx,nr2f5,0.5019684,0.5469607,0.012596678
nc06_zumi:TACGCTGCAGCTAGAAx,nr2f5,0.3657967,0.35995653,0.024784133
nc06_zumi:TACGCTGCTCTTACGCx,nr2f5,0.39397764,0.22243968,0.042474978
nc06_zumi:TAGCGCTCAGCTAGAAx,nr2f5,0.42365766,0.31397557,0.03861943
nc06_zumi:TAGCGCTCAGGCTTAGx,nr2f5,0.4213745,0.24400838,0.03690018
nc06_zumi:TAGCGCTCTATGCAGTx,nr2f5,0.15998559,0.19021076,0.061292034
nc06_zumi:TGCAGCTAAGAGGATAx,nr2f5,0.4082064,0.39682505,0.025644949
nc06_zumi:TGCAGCTAAGCTAGAAx,nr2f5,0.3928643,0.36789957,0.0071551604
nc06_zumi:TGCAGCTAAGGCTTAGx,nr2f5,0.15715854,0.13051692,0.08912801
nc06_zumi:TGCAGCTAATAGCCTTx,nr2f5,0.25260162,0.19421896,0.07944262
nc06_zumi:TGCAGCTACGGAGAGAx,nr2f5,0.441603,0.32393253,0.0039762943
nc06_zumi:TGCAGCTATATGCAGTx,nr2f5,0.42923486,0.1632865,0.028925005
nc06_zumi:TGCAGCTATCTTACGCx,nr2f5,0.39842463,0.18025203,0.014298424
nc07_zumi:AAGAGGCATAAGGCTCx,nr2f5,0.72147053,0.67009884,0.017703313
nc07_zumi:ACTCGCTACTAGTCGAx,nr2f5,0.7690812,0.6649984,0.0121934395
nc07_zumi:ACTGAGCGACTCTAGGx,nr2f5,0.7750173,0.7646947,0.021965293
nc07_zumi:ATGCGCAGTAAGGCTCx,nr2f5,0.7348337,0.8859913,0.015253643
nc07_zumi:CCTAAGACCTAGTCGAx,nr2f5,0.36161643,0.34816435,0.054511983
nc07_zumi:CGAGGCTGATTAGACGx,nr2f5,0.5985019,0.7501852,0.027553245
nc07_zumi:CGAGGCTGTACTCCTTx,nr2f5,0.7513743,0.6991487,0.023882916
nc07_zumi:CGATCAGTCTAGTCGAx,nr2f5,0.69670737,0.8031989,0.019001648
nc07_zumi:CGATCAGTCTCCTTACx,nr2f5,0.34839624,0.28373635,0.09892611
nc07_zumi:CGATCAGTTACTCCTTx,nr2f5,0.7463526,0.88501406,0.027957827
nc07_zumi:CGGAGCCTATTAGACGx,nr2f5,0.73826516,0.78514373,0.02033064
nc07_zumi:CGTACTAGACTCTAGGx,nr2f5,0.6467346,0.8631036,0.023670087
nc07_zumi:CGTACTAGCTAGTCGAx,nr2f5,0.7563265,0.67058736,0.01216744
nc07_zumi:CGTACTAGCTCCTTACx,nr2f5,0.460593,0.7593454,0.04141712
nc07_zumi:CGTACTAGTACTCCTTx,nr2f5,0.7580197,0.8379042,0.017863324
nc07_zumi:CTCTCTACACTCTAGGx,nr2f5,0.5306451,0.5528581,0.03327598
nc07_zumi:CTCTCTACCTAGTCGAx,nr2f5,0.540755,0.6392576,0.011464984
nc07_zumi:GCGTAGTATAAGGCTCx,nr2f5,0.7112238,0.71895903,0.0073151663
nc07_zumi:GCTCATGACTAGTCGAx,nr2f5,0.7587682,0.7512145,0.018986886
nc07_zumi:GGACTCCTACTCTAGGx,nr2f5,0.7411115,0.74849826,0.0037535524
nc07_zumi:GGACTCCTCTCCTTACx,nr2f5,0.62548494,0.64466,0.019820133
nc07_zumi:GGAGCTACATTAGACGx,nr2f5,0.7634514,0.8120934,0.022046084
nc07_zumi:GTAGAGGAATTAGACGx,nr2f5,0.6223975,0.88994974,0.023597546
nc07_zumi:GTAGAGGACTCCTTACx,nr2f5,0.36915427,0.35081238,0.09737261
nc07_zumi:GTAGAGGATAAGGCTCx,nr2f5,0.72407705,0.6576757,0.029001063
nc07_zumi:GTAGAGGATACTCCTTx,nr2f5,0.35523528,0.35865664,0.097265296
nc07_zumi:TAAGGCGAATAGAGAGx,nr2f5,0.61076874,0.77094346,0.017314972
nc07_zumi:TACGCTGCCTTAATAGx,nr2f5,0.30428773,0.24900542,0.09577286
nc07_zumi:TAGCGCTCACTCTAGGx,nr2f5,0.5240668,0.5219232,0.0074236304
nc07_zumi:TAGCGCTCATAGAGAGx,nr2f5,0.8374147,0.84455675,0.020766366
nc07_zumi:TAGCGCTCATTAGACGx,nr2f5,0.8093018,0.72908425,0.011549396
nc07_zumi:TAGGCATGATAGAGAGx,nr2f5,0.6395047,1.0,0.021211233
nc07_zumi:TAGGCATGCTAGTCGAx,nr2f5,0.6639271,0.6973981,0.019573918
nc07_zumi:TAGGCATGCTCCTTACx,nr2f5,0.5501193,0.8925545,0.024485987
nc07_zumi:TAGGCATGCTTAATAGx,nr2f5,0.7337991,0.67260593,0.02515735
nc07_zumi:TAGGCATGTACTCCTTx,nr2f5,0.7402693,0.75046986,0.0139577435
nc07_zumi:TCCTGAGCATAGAGAGx,nr2f5,0.7428815,0.7659245,0.010597863
nc07_zumi:TCCTGAGCATTAGACGx,nr2f5,0.4675936,0.7973209,0.036431856
nc07_zumi:TCCTGAGCCTTAATAGx,nr2f5,0.6149548,0.7494735,0.034313884
nc07_zumi:TCCTGAGCTACTCCTTx,nr2f5,0.6231,0.73202014,0.035384722
nc07_zumi:TGCAGCTAATTAGACGx,nr2f5,0.7873742,0.7279706,0.01928496
nc07_zumi:TGCAGCTATACTCCTTx,nr2f5,0.34419483,0.38311017,0.09221689
nc08_zumi:ACTGAGCGACTCTAGGx,nr2f5,0.42197734,0.40716195,0.05077207
nc08_zumi:ACTGAGCGAGAGGATAx,nr2f5,0.43185818,0.28104052,0.023376618
nc08_zumi:ACTGAGCGAGCTAGAAx,nr2f5,0.3212105,0.4275676,0.060098555
nc08_zumi:ACTGAGCGAGGCTTAGx,nr2f5,0.3549571,0.3447538,0.04838902
nc08_zumi:ACTGAGCGATAGAGAGx,nr2f5,0.37936342,0.2771079,0.06685863
nc08_zumi:ACTGAGCGATTAGACGx,nr2f5,0.4933213,0.5043475,0.033973206
nc08_zumi:ACTGAGCGCGGAGAGAx,nr2f5,0.31629175,0.31681246,0.06586409
nc08_zumi:ACTGAGCGCTAGTCGAx,nr2f5,0.4359358,0.5067587,0.030031271
nc08_zumi:ACTGAGCGCTCCTTACx,nr2f5,0.50000584,0.56438285,0.0063862726
nc08_zumi:ACTGAGCGCTTAATAGx,nr2f5,0.4111846,0.51096857,0.06453778
nc08_zumi:ACTGAGCGTAAGGCTCx,nr2f5,0.3849526,0.3551544,0.06681511
nc08_zumi:ACTGAGCGTACTCCTTx,nr2f5,0.4475265,0.47255492,0.018469553
nc08_zumi:ACTGAGCGTATGCAGTx,nr2f5,0.42692465,0.32390004,0.071871534
nc08_zumi:ACTGAGCGTCGCATAAx,nr2f5,0.33411443,0.31775668,0.061404075
nc08_zumi:ACTGAGCGTCTTACGCx,nr2f5,0.49214792,0.43412235,0.018390741
nc08_zumi:ATCTCAGGACTCTAGGx,nr2f5,0.42023587,0.39058965,0.046308834
nc08_zumi:ATCTCAGGAGAGGATAx,nr2f5,0.23129036,0.3025343,0.042686287
nc08_zumi:ATCTCAGGAGCTAGAAx,nr2f5,0.43536317,0.35495022,-0.005863578
nc08_zumi:ATCTCAGGAGGCTTAGx,nr2f5,0.4145108,0.49688837,0.042643998
nc08_zumi:ATCTCAGGATAGAGAGx,nr2f5,0.4858833,0.34100822,0.025668822
nc08_zumi:ATCTCAGGATAGCCTTx,nr2f5,0.4411624,0.39101455,0.045533262
nc08_zumi:ATCTCAGGATTAGACGx,nr2f5,0.38834184,0.31414628,0.065545164
nc08_zumi:ATCTCAGGCGGAGAGAx,nr2f5,0.15226825,0.20873487,0.082170114
nc08_zumi:ATCTCAGGTACTCCTTx,nr2f5,0.42413402,0.37975186,0.026383836
nc08_zumi:ATCTCAGGTATGCAGTx,nr2f5,0.122091785,0.06444083,0.05565061
nc08_zumi:ATCTCAGGTCGCATAAx,nr2f5,0.25902033,0.21055877,0.08671011
nc08_zumi:ATGCGCAGAGCTAGAAx,nr2f5,0.11715658,0.14079477,0.05066021
nc08_zumi:ATGCGCAGATTAGACGx,nr2f5,0.94028753,0.8181924,0.009746949
nc08_zumi:ATGCGCAGCTCCTTACx,nr2f5,0.54513526,0.46084008,0.008064225
nc08_zumi:ATGCGCAGCTTAATAGx,nr2f5,0.4192446,0.29506654,0.039975952
nc08_zumi:ATGCGCAGTAAGGCTCx,nr2f5,0.5007774,0.52596366,0.0067427107
nc08_zumi:ATGCGCAGTACTCCTTx,nr2f5,0.47037655,0.38837808,0.06308375
nc08_zumi:ATGCGCAGTATGCAGTx,nr2f5,0.44230998,0.30378664,0.046773236
nc08_zumi:ATGCGCAGTCGCATAAx,nr2f5,0.48501676,0.41960698,0.0013374345
nc08_zumi:ATGCGCAGTCTTACGCx,nr2f5,0.39490223,0.24470027,0.032274686
nc08_zumi:CGAGGCTGAGAGGATAx,nr2f5,0.329749,0.3486099,0.036828324
nc08_zumi:CGAGGCTGAGCTAGAAx,nr2f5,0.3054387,0.33344394,0.048166327
nc08_zumi:CGAGGCTGAGGCTTAGx,nr2f5,0.33311993,0.20417263,0.042971972
nc08_zumi:CGAGGCTGATAGCCTTx,nr2f5,0.43388903,0.4147528,0.028093461
nc08_zumi:CGAGGCTGCGGAGAGAx,nr2f5,0.49435526,0.46637458,0.01582074
nc08_zumi:CGAGGCTGCTAGTCGAx,nr2f5,0.57346165,0.50029033,0.020672807
nc08_zumi:CGAGGCTGCTTAATAGx,nr2f5,0.53789836,0.559804,0.0058655376
nc08_zumi:CGAGGCTGTAAGGCTCx,nr2f5,0.3253715,0.31000528,0.07749578
nc08_zumi:CGAGGCTGTCGCATAAx,nr2f5,0.4486447,0.47794065,-0.0001989082
nc08_zumi:CGAGGCTGTCTTACGCx,nr2f5,0.005288869,0.03501147,0.04350958
nc08_zumi:CGATCAGTACTCTAGGx,nr2f5,0.51323855,0.5822203,0.006360117
nc08_zumi:CGATCAGTAGAGGATAx,nr2f5,0.10833539,0.01771797,0.047445647
nc08_zumi:CGATCAGTATAGAGAGx,nr2f5,0.45494193,0.42285627,0.023634756
nc08_zumi:CGATCAGTATAGCCTTx,nr2f5,0.3780781,0.25645474,0.0011456193
nc08_zumi:CGATCAGTATTAGACGx,nr2f5,0.45191348,0.4311559,0.028369492
nc08_zumi:CGATCAGTCTAGTCGAx,nr2f5,0.44515926,0.5572803,0.034880385
nc08_zumi:CGATCAGTCTTAATAGx,nr2f5,0.2733816,0.28514346,0.06266808
nc08_zumi:CGATCAGTTATGCAGTx,nr2f5,0.388847,0.34855354,0.032478295
nc08_zumi:CGGAGCCTACTCTAGGx,nr2f5,0.484258,0.5825075,0.01582086
nc08_zumi:CGGAGCCTAGAGGATAx,nr2f5,0.18045123,0.32476598,0.044724133
nc08_zumi:CGGAGCCTAGCTAGAAx,nr2f5,0.37931883,0.25348973,0.081273176
nc08_zumi:CGGAGCCTAGGCTTAGx,nr2f5,0.06385301,0.047774285,0.047928113
nc08_zumi:CGGAGCCTATAGCCTTx,nr2f5,0.41671544,0.36990848,-0.0047581997
nc08_zumi:CGGAGCCTATTAGACGx,nr2f5,0.40735507,0.36571413,0.06672442
nc08_zumi:CGGAGCCTCTTAATAGx,nr2f5,0.31325698,0.26810697,0.083455
nc08_zumi:CGGAGCCTTACTCCTTx,nr2f5,0.4614271,0.580484,0.026985846
nc08_zumi:CGGAGCCTTCGCATAAx,nr2f5,0.3672766,0.42407975,0.06832658
nc08_zumi:CGGAGCCTTCTTACGCx,nr2f5,0.11915068,0.103824034,0.05651086
nc08_zumi:CGTACTAGACTCTAGGx,nr2f5,0.4496928,0.4763408,0.0046331408
nc08_zumi:CGTACTAGAGAGGATAx,nr2f5,0.27050698,0.2053888,0.08902991
nc08_zumi:CGTACTAGAGGCTTAGx,nr2f5,0.5906077,0.49303195,0.013632762
nc08_zumi:CGTACTAGATAGCCTTx,nr2f5,0.37041128,0.15047702,0.095948696
nc08_zumi:CGTACTAGATTAGACGx,nr2f5,0.375229,0.49608245,0.022780884
nc08_zumi:CGTACTAGCTAGTCGAx,nr2f5,0.45524597,0.5109913,0.008772028
nc08_zumi:CGTACTAGTACTCCTTx,nr2f5,0.50000584,0.56438285,0.0063726013
nc08_zumi:CGTACTAGTATGCAGTx,nr2f5,0.42080396,0.45438752,0.018273944
nc08_zumi:CGTACTAGTCGCATAAx,nr2f5,0.4858874,0.40490285,0.02677094
nc08_zumi:CGTACTAGTCTTACGCx,nr2f5,0.38916427,0.2780577,0.044527736
nc08_zumi:GGAGCTACACTCTAGGx,nr2f5,0.42631125,0.5692865,0.019516585
nc08_zumi:GGAGCTACAGAGGATAx,nr2f5,0.036569312,0.07687184,0.0516173
nc08_zumi:GGAGCTACAGCTAGAAx,nr2f5,0.035934553,0.047816254,0.03762381
nc08_zumi:GGAGCTACATAGCCTTx,nr2f5,0.4643268,0.46727422,0.033563312
nc08_zumi:GGAGCTACATTAGACGx,nr2f5,0.39564747,0.4424835,0.028428532
nc08_zumi:GGAGCTACCGGAGAGAx,nr2f5,0.045178548,0.029479248,0.047894888
nc08_zumi:GGAGCTACCTAGTCGAx,nr2f5,0.4199853,0.42213017,0.016243154
nc08_zumi:GGAGCTACTCGCATAAx,nr2f5,0.33018434,0.2915428,0.072208904
nc08_zumi:GGAGCTACTCTTACGCx,nr2f5,0.3964786,0.3763117,0.021371359
nc08_zumi:GTAGAGGAACTCTAGGx,nr2f5,0.45691758,0.54162353,0.025815126
nc08_zumi:GTAGAGGAAGAGGATAx,nr2f5,0.077383414,0.062471837,0.061434504
nc08_zumi:GTAGAGGAAGCTAGAAx,nr2f5,0.26060122,0.33276567,0.04234497
nc08_zumi:GTAGAGGAAGGCTTAGx,nr2f5,0.39095634,0.48382345,0.0066995993
nc08_zumi:GTAGAGGAATAGCCTTx,nr2f5,0.2081518,0.34867507,0.027496366
nc08_zumi:GTAGAGGACTCCTTACx,nr2f5,0.37009388,0.37669206,0.05039052
nc08_zumi:GTAGAGGACTTAATAGx,nr2f5,0.48862255,0.5189655,0.006838514
nc08_zumi:GTAGAGGATAAGGCTCx,nr2f5,0.48008615,0.449396,0.0061600273
nc08_zumi:GTAGAGGATACTCCTTx,nr2f5,0.5164597,0.43047172,0.006515436
nc08_zumi:GTAGAGGATCGCATAAx,nr2f5,0.37403852,0.29033884,0.038729172
nc08_zumi:GTAGAGGATCTTACGCx,nr2f5,0.38002414,0.13179958,0.03247918
nc08_zumi:TAGGCATGAGAGGATAx,nr2f5,0.4207697,0.307899,0.038640335
nc08_zumi:TAGGCATGAGCTAGAAx,nr2f5,0.16470657,0.2223175,0.064422406
nc08_zumi:TAGGCATGAGGCTTAGx,nr2f5,0.50334626,0.68125117,0.009888813
nc08_zumi:TAGGCATGATAGAGAGx,nr2f5,0.5286778,0.5807742,0.019131878
nc08_zumi:TAGGCATGATAGCCTTx,nr2f5,0.40842617,0.2583114,0.064327754
nc08_zumi:TAGGCATGATTAGACGx,nr2f5,0.3101676,0.32164025,0.07268779
nc08_zumi:TAGGCATGCGGAGAGAx,nr2f5,0.29274184,0.07789576,0.094574116
nc08_zumi:TAGGCATGCTCCTTACx,nr2f5,0.38457727,0.41016048,0.07619692
nc08_zumi:TAGGCATGCTTAATAGx,nr2f5,0.9328889,0.76249105,0.0022601527
nc08_zumi:TAGGCATGTAAGGCTCx,nr2f5,0.5907429,0.64416593,-0.006646955
nc08_zumi:TAGGCATGTCGCATAAx,nr2f5,0.28317147,0.3611216,0.060295746
nc08_zumi:TAGGCATGTCTTACGCx,nr2f5,0.38998914,0.3389292,0.030638369
nc08_zumi:TCCTGAGCACTCTAGGx,nr2f5,0.51207346,0.4481727,0.009894211
nc08_zumi:TCCTGAGCAGAGGATAx,nr2f5,0.022677809,0.04163906,0.035186417
nc08_zumi:TCCTGAGCAGCTAGAAx,nr2f5,0.10756461,0.13694172,0.06570921
nc08_zumi:TCCTGAGCAGGCTTAGx,nr2f5,0.052365407,0.11499828,0.043220673
nc08_zumi:TCCTGAGCATAGAGAGx,nr2f5,0.88762873,0.8801229,0.017148878
nc08_zumi:TCCTGAGCATAGCCTTx,nr2f5,0.09341131,0.10666357,0.044461556
nc08_zumi:TCCTGAGCATTAGACGx,nr2f5,0.5154435,0.49507222,0.008657141
nc08_zumi:TCCTGAGCCGGAGAGAx,nr2f5,0.2905047,0.35900694,0.07261464
nc08_zumi:TCCTGAGCCTAGTCGAx,nr2f5,0.4440065,0.35075486,0.0230652
nc08_zumi:TCCTGAGCCTCCTTACx,nr2f5,0.4883815,0.59580433,0.01019216
nc08_zumi:TCCTGAGCCTTAATAGx,nr2f5,0.4121335,0.461453,0.053576656
nc08_zumi:TCCTGAGCTAAGGCTCx,nr2f5,0.51448864,0.5984181,0.010182062
nc08_zumi:TCCTGAGCTACTCCTTx,nr2f5,0.43650514,0.4921138,0.032377716
nc08_zumi:TCCTGAGCTATGCAGTx,nr2f5,0.37102246,0.37314692,0.053924076
nc08_zumi:TCCTGAGCTCGCATAAx,nr2f5,0.13778399,0.092616215,0.06462562
nc08_zumi:TCCTGAGCTCTTACGCx,nr2f5,0.3857137,0.36366653,0.036408786
nc08_zumi:TCGACGTCACTCTAGGx,nr2f5,0.48809773,0.5588571,0.005989386
nc08_zumi:TCGACGTCAGAGGATAx,nr2f5,0.27047485,0.09876063,0.09167616
nc08_zumi:TCGACGTCAGCTAGAAx,nr2f5,0.29818714,0.29773566,0.034339074
nc08_zumi:TCGACGTCAGGCTTAGx,nr2f5,0.3502593,0.33940747,0.04051012
nc08_zumi:TCGACGTCATAGAGAGx,nr2f5,0.4266678,0.24901025,0.051890843
nc08_zumi:TCGACGTCATAGCCTTx,nr2f5,0.22926174,0.0669603,0.09304182
nc08_zumi:TCGACGTCATTAGACGx,nr2f5,0.3017317,0.28178754,0.097936355
nc08_zumi:TCGACGTCTACTCCTTx,nr2f5,0.5076619,0.4741897,0.03230268
nc08_zumi:TCGACGTCTATGCAGTx,nr2f5,0.3965428,0.25281364,0.024190923
nc08_zumi:TCGACGTCTCTTACGCx,nr2f5,0.45107788,0.37975234,0.024155177
nc01_zumi:AAGAGGCAAGAGGATAx,BX571715.1,0.0130191855,0.0039027834,0.0024541589
nc01_zumi:AAGAGGCAAGGCTTAGx,BX571715.1,0.037460454,0.057322238,0.017775072
nc01_zumi:AAGAGGCAATAGCCTTx,BX571715.1,0.88637364,0.9401554,0.054004848
nc01_zumi:AAGAGGCACGGAGAGAx,BX571715.1,0.37832773,0.23083684,0.034224786
nc01_zumi:AAGAGGCATATGCAGTx,BX571715.1,0.34334588,0.41197443,0.02988589
nc01_zumi:AAGAGGCATCGCATAAx,BX571715.1,0.25699311,0.3848555,0.04069933
nc01_zumi:AAGAGGCATCTTACGCx,BX571715.1,0.9564952,0.73527956,0.05608538
nc01_zumi:ACTCGCTAAGAGGATAx,BX571715.1,0.57440823,0.81661236,0.06518788
nc01_zumi:ACTCGCTAAGCTAGAAx,BX571715.1,0.0014468324,0.0023341698,0.0018607206
nc01_zumi:ACTCGCTAAGGCTTAGx,BX571715.1,0.19854747,0.015709924,0.016320582
nc01_zumi:ACTCGCTAATAGCCTTx,BX571715.1,0.03951766,0.08435992,0.012379503
nc01_zumi:ACTCGCTACGGAGAGAx,BX571715.1,0.0689255,0.050914574,0.014904546
nc01_zumi:ACTCGCTATATGCAGTx,BX571715.1,0.11081407,0.078088015,0.007937813
nc01_zumi:ACTCGCTATCGCATAAx,BX571715.1,0.032429364,0.009851626,0.0074360603
nc01_zumi:ACTCGCTATCTTACGCx,BX571715.1,0.019486057,0.0017036737,0.0034018175
nc01_zumi:ACTGAGCGAGAGGATAx,BX571715.1,0.9198104,0.8606485,0.054275073
nc01_zumi:ACTGAGCGAGCTAGAAx,BX571715.1,0.118843846,0.029872872,0.014505985
nc01_zumi:ACTGAGCGAGGCTTAGx,BX571715.1,0.8942356,0.9831846,0.057886466
nc01_zumi:ACTGAGCGATAGCCTTx,BX571715.1,0.047908105,0.07001692,0.017874392
nc01_zumi:ACTGAGCGCGGAGAGAx,BX571715.1,0.08356376,0.07396417,0.01777155
nc01_zumi:ACTGAGCGTATGCAGTx,BX571715.1,0.34385937,0.65524435,0.050580144
nc01_zumi:ACTGAGCGTCTTACGCx,BX571715.1,0.0075182957,0.0023691615,0.0023506924
nc01_zumi:AGGCAGAAAGAGGATAx,BX571715.1,0.55295134,0.66025025,0.042667948
nc01_zumi:AGGCAGAAAGCTAGAAx,BX571715.1,0.010558127,0.0029481298,0.004110599
nc01_zumi:AGGCAGAAAGGCTTAGx,BX571715.1,0.039144844,0.019600961,0.006784545
nc01_zumi:AGGCAGAAATAGCCTTx,BX571715.1,0.036950942,0.017513938,0.011208982
nc01_zumi:AGGCAGAACGGAGAGAx,BX571715.1,0.28035277,0.11771887,0.021363337
nc01_zumi:AGGCAGAATATGCAGTx,BX571715.1,0.41550082,0.16212499,0.024013456
nc01_zumi:AGGCAGAATCTTACGCx,BX571715.1,0.92751056,0.80425996,0.05557877
nc01_zumi:ATCTCAGGAGCTAGAAx,BX571715.1,0.13134104,0.09370563,0.013700146
nc01_zumi:ATCTCAGGAGGCTTAGx,BX571715.1,0.9564952,0.73527956,0.056086335
nc01_zumi:ATCTCAGGATAGCCTTx,BX571715.1,0.12763494,0.09370563,0.011677176
nc01_zumi:ATCTCAGGCGGAGAGAx,BX571715.1,0.87876594,0.78429824,0.055747204
nc01_zumi:ATCTCAGGTATGCAGTx,BX571715.1,0.4188495,0.69748235,0.051257387
nc01_zumi:ATCTCAGGTCGCATAAx,BX571715.1,0.24243917,0.03193354,0.016661575
nc01_zumi:ATCTCAGGTCTTACGCx,BX571715.1,0.0138626555,0.0017498308,0.0013588847
nc01_zumi:ATGCGCAGAGAGGATAx,BX571715.1,0.11346473,0.00052307534,0.017248161
nc01_zumi:ATGCGCAGAGCTAGAAx,BX571715.1,0.07013397,0.0073094806,0.011787489
nc01_zumi:ATGCGCAGAGGCTTAGx,BX571715.1,0.011554886,0.0007219207,0.0021909578
nc01_zumi:ATGCGCAGATAGCCTTx,BX571715.1,0.009371148,0.03375469,0.0037418916
nc01_zumi:ATGCGCAGCGGAGAGAx,BX571715.1,0.04986925,0.06703338,0.0155999195
nc01_zumi:ATGCGCAGTATGCAGTx,BX571715.1,0.0016939766,0.0031754195,0.0024981003
nc01_zumi:ATGCGCAGTCTTACGCx,BX571715.1,0.79340696,0.6975801,0.033062574
nc01_zumi:CCTAAGACAGCTAGAAx,BX571715.1,0.8468013,0.9940066,0.05771647
nc01_zumi:CCTAAGACAGGCTTAGx,BX571715.1,0.009144344,0.0009774524,0.004011824
nc01_zumi:CCTAAGACATAGCCTTx,BX571715.1,0.2552667,0.07047427,0.024045968
nc01_zumi:CCTAAGACCGGAGAGAx,BX571715.1,0.5868418,0.7046243,0.06386931
nc01_zumi:CCTAAGACTATGCAGTx,BX571715.1,0.85041857,0.7589982,0.056391027
nc01_zumi:CCTAAGACTCGCATAAx,BX571715.1,0.13134104,0.09370563,0.016156122
nc01_zumi:CCTAAGACTCTTACGCx,BX571715.1,0.016082523,0.0036423928,0.003889918
nc01_zumi:CGAGGCTGAGAGGATAx,BX571715.1,0.05286687,0.046793662,0.01610543
nc01_zumi:CGAGGCTGAGCTAGAAx,BX571715.1,0.3295898,0.16579849,0.024181569
nc01_zumi:CGAGGCTGAGGCTTAGx,BX571715.1,0.06544692,0.05459261,0.018222196
nc01_zumi:CGAGGCTGATAGCCTTx,BX571715.1,0.0849428,0.057065126,0.014372138
nc01_zumi:CGAGGCTGCGGAGAGAx,BX571715.1,0.9198104,0.8606485,0.054112412
nc01_zumi:CGAGGCTGTATGCAGTx,BX571715.1,0.061827827,0.050924104,0.014865677
nc01_zumi:CGAGGCTGTCGCATAAx,BX571715.1,0.06956756,0.08591834,0.005000529
nc01_zumi:CGAGGCTGTCTTACGCx,BX571715.1,0.8795963,0.81159174,0.03471913
nc01_zumi:CGATCAGTAGCTAGAAx,BX571715.1,0.0034560624,0.009906314,0.0047465633
nc01_zumi:CGATCAGTAGGCTTAGx,BX571715.1,0.13154313,0.025425868,0.01466383
nc01_zumi:CGATCAGTATAGCCTTx,BX571715.1,0.1194438,0.051114403,0.011573552
nc01_zumi:CGATCAGTCGGAGAGAx,BX571715.1,0.06476192,0.057322238,0.01771985
nc01_zumi:CGATCAGTTATGCAGTx,BX571715.1,0.0020019724,0.0037527685,0.0028815216
nc01_zumi:CGATCAGTTCGCATAAx,BX571715.1,0.00993706,0.0027747103,0.004686496
nc01_zumi:CGATCAGTTCTTACGCx,BX571715.1,0.06642248,0.058792036,0.016439553
nc01_zumi:CGGAGCCTAGAGGATAx,BX571715.1,0.44234744,0.39022127,0.022895696
nc01_zumi:CGGAGCCTAGCTAGAAx,BX571715.1,0.20024006,0.087026045,0.023496494
nc01_zumi:CGGAGCCTAGGCTTAGx,BX571715.1,0.06230934,0.05082717,0.015524121
nc01_zumi:CGGAGCCTATAGCCTTx,BX571715.1,0.6176957,0.71078986,0.057057515
nc01_zumi:CGGAGCCTCGGAGAGAx,BX571715.1,0.68671346,0.84079105,0.06660959
nc01_zumi:CGGAGCCTTCGCATAAx,BX571715.1,0.053460527,0.046211164,0.016331103
nc01_zumi:CGGAGCCTTCTTACGCx,BX571715.1,0.36679837,0.12124179,0.031070495
nc01_zumi:CGTACTAGAGAGGATAx,BX571715.1,0.0034561523,0.0032909354,0.003492436
nc01_zumi:CGTACTAGAGCTAGAAx,BX571715.1,0.035626516,0.018063081,0.007247433
nc01_zumi:CGTACTAGAGGCTTAGx,BX571715.1,0.028191498,0.014108422,0.0057884804
nc01_zumi:CGTACTAGATAGCCTTx,BX571715.1,0.038420975,0.058792036,0.01598366
nc01_zumi:CGTACTAGCGGAGAGAx,BX571715.1,0.04227745,0.03059282,0.004945108
nc01_zumi:CGTACTAGTATGCAGTx,BX571715.1,0.008058404,0.0015606598,0.0048280354
nc01_zumi:CGTACTAGTCGCATAAx,BX571715.1,0.10189949,0.07745193,0.0059260097
nc01_zumi:CGTACTAGTCTTACGCx,BX571715.1,0.08371613,0.08475971,0.01544264
nc01_zumi:CTCTCTACAGAGGATAx,BX571715.1,0.11585583,0.014882266,0.0039871796
nc01_zumi:CTCTCTACCGGAGAGAx,BX571715.1,0.1172469,0.09036058,0.014882733
nc01_zumi:CTCTCTACTATGCAGTx,BX571715.1,0.6895713,0.86681914,0.061339457
nc01_zumi:CTCTCTACTCGCATAAx,BX571715.1,0.0662963,0.03595505,0.01276009
nc01_zumi:CTCTCTACTCTTACGCx,BX571715.1,0.721674,0.8171227,0.06636677
nc01_zumi:GCGTAGTAAGAGGATAx,BX571715.1,0.07982228,0.050199445,0.015854783
nc01_zumi:GCGTAGTAATAGCCTTx,BX571715.1,0.96112347,0.72409374,0.05588528
nc01_zumi:GCGTAGTACGGAGAGAx,BX571715.1,0.061550442,0.050229535,0.017340677
nc01_zumi:GCGTAGTATATGCAGTx,BX571715.1,0.15960392,0.03306293,0.015670678
nc01_zumi:GCGTAGTATCGCATAAx,BX571715.1,0.05140435,0.044433814,0.015417206
nc01_zumi:GCGTAGTATCTTACGCx,BX571715.1,0.035831142,0.079159394,0.0158891
nc01_zumi:GCTCATGAAGAGGATAx,BX571715.1,0.07733115,0.07274148,0.015848236
nc01_zumi:GCTCATGAAGCTAGAAx,BX571715.1,0.41202775,0.69018114,0.052324872
nc01_zumi:GCTCATGAAGGCTTAGx,BX571715.1,0.37935835,0.28180182,0.022114042
nc01_zumi:GCTCATGAATAGCCTTx,BX571715.1,0.10518667,0.06780777,0.015873916
nc01_zumi:GCTCATGACGGAGAGAx,BX571715.1,0.05816645,0.009253116,0.015757488
nc01_zumi:GCTCATGATATGCAGTx,BX571715.1,0.021955557,0.0012927596,0.0034882333
nc01_zumi:GCTCATGATCGCATAAx,BX571715.1,0.049100332,0.08475971,0.014191395
nc01_zumi:GCTCATGATCTTACGCx,BX571715.1,0.14691533,0.09965528,0.004918376
nc01_zumi:GGACTCCTAGAGGATAx,BX571715.1,0.09263906,0.011828019,0.016647078
nc01_zumi:GGACTCCTAGCTAGAAx,BX571715.1,0.022756835,0.014644292,0.011915171
nc01_zumi:GGACTCCTAGGCTTAGx,BX571715.1,0.49546182,0.8320721,0.05809794
nc01_zumi:GGACTCCTATAGCCTTx,BX571715.1,0.6984758,0.72701114,0.06360636
nc01_zumi:GGACTCCTCGGAGAGAx,BX571715.1,0.055050097,0.012334748,0.016450882
nc01_zumi:GGACTCCTTATGCAGTx,BX571715.1,0.87110037,1.0,0.057176813
nc01_zumi:GGACTCCTTCGCATAAx,BX571715.1,0.05774818,0.0021581259,0.002936898
nc01_zumi:GGAGCTACAGAGGATAx,BX571715.1,0.07402849,0.09715779,0.0118836025
nc01_zumi:GGAGCTACAGCTAGAAx,BX571715.1,0.9564952,0.73527956,0.05626766
nc01_zumi:GGAGCTACAGGCTTAGx,BX571715.1,0.011541402,0.0014084002,0.0042920397
nc01_zumi:GGAGCTACATAGCCTTx,BX571715.1,0.05495986,0.0031602033,0.0023200954
nc01_zumi:GGAGCTACCGGAGAGAx,BX571715.1,0.04848645,0.066463895,0.016034672
nc01_zumi:GGAGCTACTATGCAGTx,BX571715.1,0.13541155,0.013140582,0.011536347
nc01_zumi:GGAGCTACTCGCATAAx,BX571715.1,0.07637218,0.06601595,0.018912097
nc01_zumi:GGAGCTACTCTTACGCx,BX571715.1,0.37303182,0.3875313,0.0208754
nc01_zumi:GTAGAGGAAGAGGATAx,BX571715.1,0.07619049,0.067437924,0.018790198
nc01_zumi:GTAGAGGAAGCTAGAAx,BX571715.1,0.28587562,0.039634913,0.021872174
nc01_zumi:GTAGAGGAATAGCCTTx,BX571715.1,0.00989908,0.008516171,0.0039305957
nc01_zumi:GTAGAGGACGGAGAGAx,BX571715.1,0.12374208,0.009419529,0.0073084193
nc01_zumi:GTAGAGGATCGCATAAx,BX571715.1,0.2383895,0.08969411,0.025122114
nc01_zumi:GTAGAGGATCTTACGCx,BX571715.1,0.008586201,0.0019248138,0.0009927024
nc01_zumi:TAAGGCGAAGAGGATAx,BX571715.1,0.09398764,0.10423761,0.011141047
nc01_zumi:TAAGGCGAAGCTAGAAx,BX571715.1,0.15218043,0.034061253,0.0071943905
nc01_zumi:TAAGGCGAAGGCTTAGx,BX571715.1,0.012196216,0.009356087,0.004695051
nc01_zumi:TAAGGCGACGGAGAGAx,BX571715.1,0.044533446,0.016181078,0.007750304
nc01_zumi:TAAGGCGATCTTACGCx,BX571715.1,0.035921134,0.07152254,0.013521833
nc01_zumi:TACGCTGCAGAGGATAx,BX571715.1,0.97707784,0.71176887,0.05636822
nc01_zumi:TACGCTGCAGCTAGAAx,BX571715.1,0.053178687,0.10760011,0.016297173
nc01_zumi:TACGCTGCAGGCTTAGx,BX571715.1,0.9564952,0.73527956,0.055939816
nc01_zumi:TACGCTGCATAGCCTTx,BX571715.1,0.37937805,0.6257626,0.051831037
nc01_zumi:TACGCTGCCGGAGAGAx,BX571715.1,0.040916674,0.09974295,0.0147094475
nc01_zumi:TACGCTGCTATGCAGTx,BX571715.1,0.952777,0.75184226,0.05556074
nc01_zumi:TACGCTGCTCGCATAAx,BX571715.1,0.9198104,0.8606485,0.054301336
nc01_zumi:TACGCTGCTCTTACGCx,BX571715.1,0.039538164,0.07727661,0.019149814
nc01_zumi:TAGCGCTCAGAGGATAx,BX571715.1,0.07536003,0.051813416,0.015612074
nc01_zumi:TAGCGCTCAGCTAGAAx,BX571715.1,0.96112347,0.72409374,0.05572083
nc01_zumi:TAGCGCTCAGGCTTAGx,BX571715.1,0.973917,0.9112749,0.053271234
nc01_zumi:TAGCGCTCATAGCCTTx,BX571715.1,0.038972124,0.048945323,0.013050429
nc01_zumi:TAGCGCTCTATGCAGTx,BX571715.1,0.4420566,0.49017277,0.034710832
nc01_zumi:TAGCGCTCTCGCATAAx,BX571715.1,0.05853851,0.046790168,0.0135935405
nc01_zumi:TAGCGCTCTCTTACGCx,BX571715.1,0.07487749,0.049206544,0.01261558
nc01_zumi:TAGGCATGAGAGGATAx,BX571715.1,0.054503236,0.099240385,0.016174193
nc01_zumi:TAGGCATGAGCTAGAAx,BX571715.1,0.97178555,0.723713,0.05699552
nc01_zumi:TAGGCATGAGGCTTAGx,BX571715.1,0.1085923,0.071315296,0.013537364
nc01_zumi:TAGGCATGATAGCCTTx,BX571715.1,0.076161064,0.0085532125,0.0058607925
nc01_zumi:TAGGCATGCGGAGAGAx,BX571715.1,0.059197348,0.044296272,0.017524982
nc01_zumi:TAGGCATGTATGCAGTx,BX571715.1,0.09662585,0.013808316,0.008799227
nc01_zumi:TAGGCATGTCGCATAAx,BX571715.1,0.0014468324,0.053982913,0.005730065
nc01_zumi:TAGGCATGTCTTACGCx,BX571715.1,0.07637218,0.06601595,0.016363736
nc01_zumi:TCCTGAGCAGAGGATAx,BX571715.1,0.15842909,0.011628185,0.0098075075
nc01_zumi:TCCTGAGCAGGCTTAGx,BX571715.1,0.3445332,0.19120134,0.029983716
nc01_zumi:TCCTGAGCATAGCCTTx,BX571715.1,0.3012698,0.12088406,0.024335321
nc01_zumi:TCCTGAGCCGGAGAGAx,BX571715.1,0.5085919,0.73625207,0.055571638
nc01_zumi:TCCTGAGCTATGCAGTx,BX571715.1,0.08105641,0.061609484,0.0172436
nc01_zumi:TCCTGAGCTCGCATAAx,BX571715.1,0.16914849,0.030997263,0.012211546
nc01_zumi:TCCTGAGCTCTTACGCx,BX571715.1,0.05343462,0.022981143,0.010595786
nc02_zumi:AAGAGGCAACTCTAGGx,BX571715.1,0.049324483,0.028301015,0.012091171
nc02_zumi:AAGAGGCAAGAGGATAx,BX571715.1,0.14668283,0.014888577,0.009096584
nc02_zumi:AAGAGGCAAGCTAGAAx,BX571715.1,0.043503217,0.006319596,0.0039647073
nc02_zumi:AAGAGGCAATAGAGAGx,BX571715.1,0.112160705,0.0019527306,0.0012336245
nc02_zumi:AAGAGGCAATAGCCTTx,BX571715.1,0.015590113,0.0062484993,0.002467488
nc02_zumi:AAGAGGCAATTAGACGx,BX571715.1,0.103882946,0.019787379,0.0105024725
nc02_zumi:AAGAGGCACTCCTTACx,BX571715.1,0.03519505,0.014216117,0.008413239
nc02_zumi:AAGAGGCACTTAATAGx,BX571715.1,0.03234836,0.021991486,0.011551633
nc02_zumi:AAGAGGCATAAGGCTCx,BX571715.1,0.045537088,0.00660196,0.00308234
nc02_zumi:AAGAGGCATCTTACGCx,BX571715.1,0.06523464,0.013566878,0.0067173494
nc02_zumi:ACTCGCTAACTCTAGGx,BX571715.1,0.059429225,0.00941588,0.0038082686
nc02_zumi:ACTCGCTAAGAGGATAx,BX571715.1,0.086621724,0.017368075,0.005975664
nc02_zumi:ACTCGCTAAGCTAGAAx,BX571715.1,0.05193475,0.009434119,0.0032614323
nc02_zumi:ACTCGCTAAGGCTTAGx,BX571715.1,0.075567186,0.022559788,0.009918471
nc02_zumi:ACTCGCTAATAGAGAGx,BX571715.1,0.077259384,0.013840636,0.0075004883
nc02_zumi:ACTCGCTAATTAGACGx,BX571715.1,0.021022437,0.012990067,0.0066680578
nc02_zumi:ACTCGCTACTAGTCGAx,BX571715.1,0.050700188,0.009664576,0.0044459603
nc02_zumi:ACTCGCTACTTAATAGx,BX571715.1,0.06148445,0.02009896,0.009183919
nc02_zumi:ACTCGCTATACTCCTTx,BX571715.1,0.043643698,0.011629158,0.0034271677
nc02_zumi:ACTCGCTATATGCAGTx,BX571715.1,0.09010384,0.0056694373,0.0017163432
nc02_zumi:AGGCAGAAACTCTAGGx,BX571715.1,0.08385828,0.015116919,0.005707509
nc02_zumi:AGGCAGAAAGCTAGAAx,BX571715.1,0.024591988,0.023072353,0.014502569
nc02_zumi:AGGCAGAAATAGAGAGx,BX571715.1,0.052100383,0.011926064,0.0067193727
nc02_zumi:AGGCAGAAATTAGACGx,BX571715.1,0.04786986,0.012273105,0.009005041
nc02_zumi:AGGCAGAACGGAGAGAx,BX571715.1,0.10063402,0.009806156,0.003844357
nc02_zumi:AGGCAGAACTAGTCGAx,BX571715.1,0.13101529,0.017095275,0.008039969
nc02_zumi:AGGCAGAACTCCTTACx,BX571715.1,0.041310653,0.020823024,0.008100475
nc02_zumi:AGGCAGAATAAGGCTCx,BX571715.1,0.055656444,0.008069061,0.0038179676
nc02_zumi:AGGCAGAATACTCCTTx,BX571715.1,0.03962028,0.0135052735,0.011513862
nc02_zumi:AGGCAGAATCGCATAAx,BX571715.1,0.038422674,0.026418317,0.012442623
nc02_zumi:AGGCAGAATCTTACGCx,BX571715.1,0.09394707,0.011315827,0.008000603
nc02_zumi:CCTAAGACCTCCTTACx,BX571715.1,0.018656243,0.010761682,0.010359361
nc02_zumi:CCTAAGACCTTAATAGx,BX571715.1,0.1265196,0.02159578,0.0067543956
nc02_zumi:CCTAAGACTAAGGCTCx,BX571715.1,0.030913813,0.009458066,0.005665773
nc02_zumi:CCTAAGACTACTCCTTx,BX571715.1,0.066606045,0.0038760486,0.0022933502
nc02_zumi:CTCTCTACACTCTAGGx,BX571715.1,0.04506659,0.008531635,0.0052437973
nc02_zumi:CTCTCTACAGAGGATAx,BX571715.1,0.026773667,0.02164291,0.0060842414
nc02_zumi:CTCTCTACAGGCTTAGx,BX571715.1,0.11996451,0.0,0.0012267075
nc02_zumi:CTCTCTACATAGAGAGx,BX571715.1,0.07003148,0.039366663,0.009753355
nc02_zumi:CTCTCTACATTAGACGx,BX571715.1,0.071047954,0.022463126,0.0090046935
nc02_zumi:CTCTCTACCTAGTCGAx,BX571715.1,0.06824237,0.012868311,0.00456407
nc02_zumi:CTCTCTACCTTAATAGx,BX571715.1,0.13044403,0.019796837,0.005774064
nc02_zumi:CTCTCTACTATGCAGTx,BX571715.1,0.030575402,0.0054697837,0.006108513
nc02_zumi:CTCTCTACTCGCATAAx,BX571715.1,0.019208942,0.0063056876,0.0030063982
nc02_zumi:CTCTCTACTCTTACGCx,BX571715.1,0.022303741,0.0085468255,0.008150176
nc02_zumi:GCGTAGTAACTCTAGGx,BX571715.1,0.03802001,0.032722518,0.010441887
nc02_zumi:GCGTAGTATAAGGCTCx,BX571715.1,0.07122776,0.015418039,0.0076855505
nc02_zumi:GCGTAGTATACTCCTTx,BX571715.1,0.056320272,0.014583804,0.0055026934
nc02_zumi:GCTCATGAACTCTAGGx,BX571715.1,0.0685075,0.040647764,0.013199886
nc02_zumi:GCTCATGAAGGCTTAGx,BX571715.1,0.07478751,0.014811827,0.011699761
nc02_zumi:GCTCATGAATAGAGAGx,BX571715.1,0.075879775,0.033176698,0.011021859
nc02_zumi:GCTCATGAATAGCCTTx,BX571715.1,0.114365496,0.0546526,0.014915835
nc02_zumi:GCTCATGACGGAGAGAx,BX571715.1,0.06524602,0.043288913,0.0132267745
nc02_zumi:GCTCATGACTAGTCGAx,BX571715.1,0.030534852,0.011491761,0.013052623
nc02_zumi:GCTCATGACTCCTTACx,BX571715.1,0.070960686,0.012606503,0.006110592
nc02_zumi:GCTCATGATAAGGCTCx,BX571715.1,0.06393953,0.036363233,0.009172157
nc02_zumi:GCTCATGATACTCCTTx,BX571715.1,0.061373934,0.003879269,0.0029823272
nc02_zumi:GCTCATGATCTTACGCx,BX571715.1,0.022740629,0.0062470543,0.0023221818
nc02_zumi:GGACTCCTACTCTAGGx,BX571715.1,0.048610874,0.025227692,0.009546538
nc02_zumi:GGACTCCTAGAGGATAx,BX571715.1,0.068387024,0.035870828,0.013124586
nc02_zumi:GGACTCCTATAGAGAGx,BX571715.1,0.06864934,0.012772221,0.0037041493
nc02_zumi:GGACTCCTATAGCCTTx,BX571715.1,0.02179176,0.0029498884,0.0048277793
nc02_zumi:GGACTCCTATTAGACGx,BX571715.1,0.086213104,0.012217282,0.008867636
nc02_zumi:GGACTCCTCTAGTCGAx,BX571715.1,0.11050149,0.0023325179,0.00090918026
nc02_zumi:GGACTCCTCTCCTTACx,BX571715.1,0.07947658,0.00861029,0.0028993813
nc02_zumi:GGACTCCTCTTAATAGx,BX571715.1,0.04828068,0.049777806,0.010770955
nc02_zumi:GGACTCCTTCGCATAAx,BX571715.1,0.11633707,0.015026345,0.009127194
nc02_zumi:GGACTCCTTCTTACGCx,BX571715.1,0.14360417,0.011665035,0.0036718268
nc02_zumi:TAAGGCGAACTCTAGGx,BX571715.1,0.07925511,0.027846515,0.009668326
nc02_zumi:TAAGGCGAAGAGGATAx,BX571715.1,0.02272401,0.024867898,0.011756174
nc02_zumi:TAAGGCGAAGGCTTAGx,BX571715.1,0.14728622,0.014771928,0.002227589
nc02_zumi:TAAGGCGAATAGAGAGx,BX571715.1,0.033175766,0.0056623644,0.0016173667
nc02_zumi:TAAGGCGACTAGTCGAx,BX571715.1,0.022261038,0.009187836,0.0070913085
nc02_zumi:TAAGGCGACTTAATAGx,BX571715.1,0.11545956,0.0020101639,0.0013376367
nc02_zumi:TAAGGCGATACTCCTTx,BX571715.1,0.040307596,0.024150766,0.009681437
nc02_zumi:TAAGGCGATATGCAGTx,BX571715.1,0.05492054,0.0037497538,0.0049968
nc02_zumi:TACGCTGCCTAGTCGAx,BX571715.1,0.03939654,0.019153574,0.010611358
nc02_zumi:TACGCTGCCTCCTTACx,BX571715.1,0.053186294,0.013320182,0.0054134172
nc02_zumi:TACGCTGCCTTAATAGx,BX571715.1,0.046018,0.0033511356,0.0019523479
nc02_zumi:TACGCTGCTAAGGCTCx,BX571715.1,0.062020764,0.014405189,0.0065232874
nc02_zumi:TACGCTGCTACTCCTTx,BX571715.1,0.052678682,0.026662387,0.010159886
nc02_zumi:TAGCGCTCACTCTAGGx,BX571715.1,0.039905924,0.012919002,0.008655378
nc02_zumi:TAGCGCTCATTAGACGx,BX571715.1,0.08689277,0.01977867,0.012598517
nc02_zumi:TAGCGCTCCTCCTTACx,BX571715.1,0.07991633,0.03447442,0.009489615
nc02_zumi:TAGCGCTCTAAGGCTCx,BX571715.1,0.060979195,0.007839236,0.006781416
nc02_zumi:TAGCGCTCTACTCCTTx,BX571715.1,0.034247223,0.0138457045,0.007167368
nc02_zumi:TGCAGCTAATAGAGAGx,BX571715.1,0.04039829,0.01774015,0.007906146
nc02_zumi:TGCAGCTACTAGTCGAx,BX571715.1,0.0471437,0.022847272,0.005741696
nc02_zumi:TGCAGCTACTTAATAGx,BX571715.1,0.02995316,0.012560327,0.009683431
nc03_zumi:AAGAGGCAACTCTAGGx,BX571715.1,0.019379804,0.0033453992,0.002912379
nc03_zumi:AAGAGGCAATAGAGAGx,BX571715.1,0.041144986,0.0054060263,0.0017322818
nc03_zumi:AAGAGGCAATTAGACGx,BX571715.1,0.04635105,0.01372384,0.012174391
nc03_zumi:AAGAGGCACTAGTCGAx,BX571715.1,0.053673156,0.0020354309,0.008723747
nc03_zumi:AAGAGGCACTCCTTACx,BX571715.1,0.14296097,0.090457164,0.022654274
nc03_zumi:AAGAGGCATAAGGCTCx,BX571715.1,0.030445116,0.008395072,0.0038963484
nc03_zumi:AAGAGGCATACTCCTTx,BX571715.1,0.022204647,0.0067415847,0.002563631
nc03_zumi:ACTCGCTAACTCTAGGx,BX571715.1,0.029410854,0.021394921,0.006730425
nc03_zumi:ACTCGCTAATTAGACGx,BX571715.1,0.0057742544,0.006641515,0.0023959414
nc03_zumi:ACTCGCTACTAGTCGAx,BX571715.1,0.2703561,0.14095084,0.026083497
nc03_zumi:ACTCGCTATAAGGCTCx,BX571715.1,0.018126242,0.040922754,0.013112032
nc03_zumi:ACTCGCTATACTCCTTx,BX571715.1,0.038748242,0.03225627,0.010972874
nc03_zumi:AGGCAGAAACTCTAGGx,BX571715.1,0.015053997,0.0052775075,0.004600719
nc03_zumi:AGGCAGAAATAGAGAGx,BX571715.1,0.029000191,0.0033158544,0.0013433421
nc03_zumi:AGGCAGAAATTAGACGx,BX571715.1,0.023295667,0.0030845157,0.0020127734
nc03_zumi:AGGCAGAACTAGTCGAx,BX571715.1,0.014054033,0.0031645668,0.0021722591
nc03_zumi:AGGCAGAACTTAATAGx,BX571715.1,0.052197143,0.022623781,0.014022901
nc03_zumi:AGGCAGAATAAGGCTCx,BX571715.1,0.045985565,0.0060420292,0.0015673176
nc03_zumi:ATCTCAGGATTAGACGx,BX571715.1,0.011357458,0.006926333,0.0025762198
nc03_zumi:ATCTCAGGTACTCCTTx,BX571715.1,0.04033812,0.0061609824,0.008200579
nc03_zumi:ATGCGCAGACTCTAGGx,BX571715.1,0.065945394,0.0038774568,0.0025624416
nc03_zumi:ATGCGCAGCTCCTTACx,BX571715.1,0.014444423,0.0032524718,0.001883597
nc03_zumi:ATGCGCAGCTTAATAGx,BX571715.1,0.038438506,0.046847705,0.015629305
nc03_zumi:ATGCGCAGTACTCCTTx,BX571715.1,0.112160705,0.0019527306,0.0030454518
nc03_zumi:CCTAAGACATTAGACGx,BX571715.1,0.037813265,0.0014856159,0.0014206113
nc03_zumi:CCTAAGACCTAGTCGAx,BX571715.1,0.0040681404,0.007769319,0.0035222033
nc03_zumi:CCTAAGACCTCCTTACx,BX571715.1,0.06067244,0.046454825,0.013091186
nc03_zumi:CCTAAGACCTTAATAGx,BX571715.1,0.14276561,0.018652344,0.015021424
nc03_zumi:CCTAAGACTAAGGCTCx,BX571715.1,0.020289674,0.015276261,0.004923606
nc03_zumi:CGAGGCTGATTAGACGx,BX571715.1,0.039111473,0.009042352,0.011552997
nc03_zumi:CGAGGCTGCTTAATAGx,BX571715.1,0.012773057,0.017499566,0.0036149684
nc03_zumi:CGATCAGTATTAGACGx,BX571715.1,0.028143741,0.061417792,0.018300459
nc03_zumi:CGATCAGTCTAGTCGAx,BX571715.1,0.043471254,0.05751393,0.01364873
nc03_zumi:CGATCAGTCTTAATAGx,BX571715.1,0.028143741,0.061417792,0.016287792
nc03_zumi:CGATCAGTTACTCCTTx,BX571715.1,0.029117191,0.020745115,0.009272178
nc03_zumi:CGGAGCCTATTAGACGx,BX571715.1,0.04667531,0.011154939,0.012088046
nc03_zumi:CGTACTAGCTCCTTACx,BX571715.1,0.028143741,0.010275564,0.011817322
nc03_zumi:CGTACTAGCTTAATAGx,BX571715.1,0.042743664,0.002278186,0.013355221
nc03_zumi:CGTACTAGTAAGGCTCx,BX571715.1,0.049504116,0.06214858,0.018482387
nc03_zumi:CGTACTAGTACTCCTTx,BX571715.1,0.018667607,0.008688788,0.0033862062
nc03_zumi:CTCTCTACACTCTAGGx,BX571715.1,0.018332247,0.0031645668,0.0027379496
nc03_zumi:CTCTCTACATAGAGAGx,BX571715.1,0.0,0.010161947,0.003603439
nc03_zumi:CTCTCTACATTAGACGx,BX571715.1,0.14016293,0.105914906,0.022881698
nc03_zumi:CTCTCTACCTAGTCGAx,BX571715.1,0.028448775,0.015114855,0.0030043377
nc03_zumi:CTCTCTACCTCCTTACx,BX571715.1,0.16374984,0.09838724,0.02351038
nc03_zumi:CTCTCTACTAAGGCTCx,BX571715.1,0.06114037,0.04577575,0.0109400265
nc03_zumi:CTCTCTACTACTCCTTx,BX571715.1,0.12216097,0.002135799,0.0016714487
nc03_zumi:GCGTAGTAATTAGACGx,BX571715.1,0.040863097,0.013094989,0.01019392
nc03_zumi:GCGTAGTACTAGTCGAx,BX571715.1,0.047355026,0.0084385425,0.011960569
nc03_zumi:GCGTAGTACTTAATAGx,BX571715.1,0.09427393,0.04704885,0.015999284
nc03_zumi:GCGTAGTATAAGGCTCx,BX571715.1,0.04733872,0.010270347,0.007442264
nc03_zumi:GCGTAGTATACTCCTTx,BX571715.1,0.057795405,0.020378262,0.00854901
nc03_zumi:GCTCATGAATAGAGAGx,BX571715.1,0.023300305,0.013420907,0.00875713
nc03_zumi:GCTCATGAATTAGACGx,BX571715.1,0.011663484,0.00044172164,0.0013239789
nc03_zumi:GCTCATGACTAGTCGAx,BX571715.1,0.008935491,0.013853225,0.004706892
nc03_zumi:GCTCATGACTCCTTACx,BX571715.1,0.038387325,0.01946798,0.009298808
nc03_zumi:GCTCATGACTTAATAGx,BX571715.1,0.021662606,0.011824665,0.003153716
nc03_zumi:GCTCATGATACTCCTTx,BX571715.1,0.11545956,0.0020101639,0.0015499584
nc03_zumi:GGACTCCTATTAGACGx,BX571715.1,0.023373313,0.008194025,0.0031526682
nc03_zumi:GGACTCCTCTAGTCGAx,BX571715.1,0.06002321,0.006905443,0.00090992026
nc03_zumi:GGACTCCTCTCCTTACx,BX571715.1,0.06918362,0.017201267,0.016885664
nc03_zumi:GGACTCCTTAAGGCTCx,BX571715.1,0.11319315,0.0,0.0014816417
nc03_zumi:GGAGCTACCTTAATAGx,BX571715.1,0.034031354,0.040376194,0.0147570325
nc03_zumi:GGAGCTACTACTCCTTx,BX571715.1,0.021880424,0.0037770637,0.002247182
nc03_zumi:GTAGAGGACTAGTCGAx,BX571715.1,0.04966723,0.0019254077,0.007926766
nc03_zumi:GTAGAGGACTTAATAGx,BX571715.1,0.0365963,0.04674006,0.011535514
nc03_zumi:GTAGAGGATAAGGCTCx,BX571715.1,0.039078325,0.040929507,0.0083713345
nc03_zumi:GTAGAGGATACTCCTTx,BX571715.1,0.016541056,0.006939895,0.0015694599
nc03_zumi:TAAGGCGAACTCTAGGx,BX571715.1,0.016483726,0.021904357,0.007676194
nc03_zumi:TAAGGCGAATAGAGAGx,BX571715.1,0.035076857,0.014061674,0.0018495704
nc03_zumi:TAAGGCGAATTAGACGx,BX571715.1,0.11996451,0.0,0.0011586797
nc03_zumi:TAAGGCGACTAGTCGAx,BX571715.1,0.021880986,0.008533427,0.0029666268
nc03_zumi:TAAGGCGACTCCTTACx,BX571715.1,0.021383464,0.04139025,0.008453283
nc03_zumi:TAAGGCGACTTAATAGx,BX571715.1,0.092010856,0.023199368,0.016143933
nc03_zumi:TAAGGCGATAAGGCTCx,BX571715.1,0.1835921,0.07604822,0.020707503
nc03_zumi:TAAGGCGATACTCCTTx,BX571715.1,0.03002322,0.011062343,0.0035632302
nc03_zumi:TACGCTGCACTCTAGGx,BX571715.1,0.023579892,0.05145815,0.009623035
nc03_zumi:TACGCTGCATAGAGAGx,BX571715.1,0.016153531,0.0020630509,0.0011931922
nc03_zumi:TACGCTGCATTAGACGx,BX571715.1,0.023908522,0.014015267,0.008323494
nc03_zumi:TACGCTGCCTAGTCGAx,BX571715.1,0.21720487,0.10785499,0.025222436
nc03_zumi:TACGCTGCCTCCTTACx,BX571715.1,0.03259486,0.017129248,0.008372594
nc03_zumi:TACGCTGCTAAGGCTCx,BX571715.1,0.31900835,0.15064774,0.01970794
nc03_zumi:TACGCTGCTACTCCTTx,BX571715.1,0.0056739864,0.009781537,0.0038174945
nc03_zumi:TAGCGCTCACTCTAGGx,BX571715.1,0.0075698784,0.011372051,0.0035706996
nc03_zumi:TAGCGCTCATAGAGAGx,BX571715.1,0.026438061,0.009435544,0.0055533154
nc03_zumi:TAGCGCTCATTAGACGx,BX571715.1,0.016543735,0.0028558285,0.0026115167
nc03_zumi:TAGCGCTCCTAGTCGAx,BX571715.1,0.050724104,0.020640269,0.0068220883
nc03_zumi:TAGCGCTCCTCCTTACx,BX571715.1,0.1521464,0.06399992,0.021975925
nc03_zumi:TAGCGCTCTAAGGCTCx,BX571715.1,0.04073647,0.03419291,0.01203832
nc03_zumi:TAGCGCTCTACTCCTTx,BX571715.1,0.06062729,0.0064115888,0.0027091913
nc03_zumi:TAGGCATGCTAGTCGAx,BX571715.1,0.026380844,0.0606038,0.018127713
nc03_zumi:TAGGCATGCTCCTTACx,BX571715.1,0.023579892,0.05145815,0.014524115
nc03_zumi:TCCTGAGCCTCCTTACx,BX571715.1,0.026438061,0.057695504,0.018013544
nc03_zumi:TCCTGAGCTACTCCTTx,BX571715.1,0.039174635,0.052746158,0.018365767
nc03_zumi:TGCAGCTAATTAGACGx,BX571715.1,0.11673043,0.0,0.0014535795
nc03_zumi:TGCAGCTACTAGTCGAx,BX571715.1,0.07391975,0.0,0.003935057
nc03_zumi:TGCAGCTACTCCTTACx,BX571715.1,0.041551184,0.014592731,0.0050738347
nc03_zumi:TGCAGCTATACTCCTTx,BX571715.1,0.008976902,0.011629854,0.008221748
nc04_zumi:AAGAGGCAAGAGGATAx,BX571715.1,0.10783984,0.0130977575,0.008969404
nc04_zumi:AAGAGGCAATAGCCTTx,BX571715.1,0.015757551,0.0035481506,0.005702229
nc04_zumi:AAGAGGCATATGCAGTx,BX571715.1,0.042683095,0.009026972,0.0041121873
nc04_zumi:ACTCGCTAAGAGGATAx,BX571715.1,0.084452584,0.026441736,0.010646797
nc04_zumi:ACTCGCTAAGCTAGAAx,BX571715.1,0.059508305,0.021856403,0.008170488
nc04_zumi:ACTCGCTAATAGCCTTx,BX571715.1,0.06002321,0.003949772,0.0013680514
nc04_zumi:ACTCGCTATATGCAGTx,BX571715.1,0.028619831,0.016277445,0.015049028
nc04_zumi:ACTCGCTATCGCATAAx,BX571715.1,0.08640872,0.04388671,0.016801836
nc04_zumi:ACTCGCTATCTTACGCx,BX571715.1,0.08154747,0.018169234,0.0021433122
nc04_zumi:ACTGAGCGCTCCTTACx,BX571715.1,0.35432187,0.56233966,0.046630487
nc04_zumi:AGGCAGAAAGAGGATAx,BX571715.1,0.022507697,0.03817184,0.011177507
nc04_zumi:AGGCAGAAAGCTAGAAx,BX571715.1,0.055939805,0.018541401,0.016029421
nc04_zumi:AGGCAGAAATAGCCTTx,BX571715.1,0.10188377,0.016877703,0.012748946
nc04_zumi:ATCTCAGGATAGAGAGx,BX571715.1,0.11346473,0.08744571,0.016081577
nc04_zumi:ATCTCAGGATTAGACGx,BX571715.1,0.009361819,0.044446148,0.00655691
nc04_zumi:ATGCGCAGCTCCTTACx,BX571715.1,0.014230459,0.008119592,0.004182889
nc04_zumi:ATGCGCAGTAAGGCTCx,BX571715.1,0.07195769,0.06369137,0.018662335
nc04_zumi:ATGCGCAGTACTCCTTx,BX571715.1,0.11213979,0.07447342,0.0042586788
nc04_zumi:CCTAAGACAGAGGATAx,BX571715.1,0.10635743,0.0087732375,0.009635631
nc04_zumi:CCTAAGACAGCTAGAAx,BX571715.1,0.10601701,0.0065259244,0.010359692
nc04_zumi:CCTAAGACTATGCAGTx,BX571715.1,0.034523807,0.023851842,0.01354181
nc04_zumi:CCTAAGACTCGCATAAx,BX571715.1,0.10128967,0.009122596,0.008888763
nc04_zumi:CCTAAGACTCTTACGCx,BX571715.1,0.13085417,0.002278186,0.0010587395
nc04_zumi:CGATCAGTATAGAGAGx,BX571715.1,0.18097639,0.045568794,0.014280458
nc04_zumi:CGATCAGTATTAGACGx,BX571715.1,0.05984181,0.021743324,0.014188404
nc04_zumi:CGATCAGTCTCCTTACx,BX571715.1,0.29253316,0.61872303,0.052307002
nc04_zumi:CGATCAGTCTTAATAGx,BX571715.1,0.007526357,0.00055215205,0.0019374145
nc04_zumi:CGGAGCCTACTCTAGGx,BX571715.1,0.0737447,0.06148322,0.01833477
nc04_zumi:CGGAGCCTCTCCTTACx,BX571715.1,0.022009207,0.004378552,0.0027234294
nc04_zumi:CGGAGCCTCTTAATAGx,BX571715.1,0.014120584,0.0065236217,0.0067052054
nc04_zumi:CGGAGCCTTAAGGCTCx,BX571715.1,0.002064534,0.0038700427,0.0017985407
nc04_zumi:CGTACTAGCTAGTCGAx,BX571715.1,0.02382456,0.03968959,0.0070041893
nc04_zumi:CTCTCTACAGGCTTAGx,BX571715.1,0.023578323,0.006939895,0.002943821
nc04_zumi:CTCTCTACATAGCCTTx,BX571715.1,0.026343161,0.009023945,0.009840347
nc04_zumi:CTCTCTACTATGCAGTx,BX571715.1,0.06402477,0.007365807,0.0009353789
nc04_zumi:CTCTCTACTCGCATAAx,BX571715.1,0.020714553,0.0010454308,0.007536667
nc04_zumi:CTCTCTACTCTTACGCx,BX571715.1,0.050090794,0.01018938,0.0027283586
nc04_zumi:GCGTAGTAAGCTAGAAx,BX571715.1,0.07208767,0.028455438,0.011087254
nc04_zumi:GCGTAGTAAGGCTTAGx,BX571715.1,0.06881929,0.0034526843,0.0019196761
nc04_zumi:GCGTAGTACGGAGAGAx,BX571715.1,0.12834747,0.013027504,0.0058387434
nc04_zumi:GCGTAGTATCTTACGCx,BX571715.1,0.07625893,0.0047816685,0.00808899
nc04_zumi:GCTCATGAAGCTAGAAx,BX571715.1,0.17383468,0.015878908,0.00472955
nc04_zumi:GCTCATGAAGGCTTAGx,BX571715.1,0.034324132,0.011214914,0.009578737
nc04_zumi:GCTCATGAATAGCCTTx,BX571715.1,0.048408207,0.0070497696,0.0037644922
nc04_zumi:GCTCATGATATGCAGTx,BX571715.1,0.090310924,0.00739738,0.004713967
nc04_zumi:GCTCATGATCGCATAAx,BX571715.1,0.09492059,0.0032814774,0.0047279405
nc04_zumi:GGACTCCTAGCTAGAAx,BX571715.1,0.037412293,0.0035274809,0.003201404
nc04_zumi:GGACTCCTATAGCCTTx,BX571715.1,0.064632304,0.006051796,0.002314843
nc04_zumi:GGACTCCTTATGCAGTx,BX571715.1,0.056730125,0.019977994,0.009285262
nc04_zumi:GGACTCCTTCGCATAAx,BX571715.1,0.05210041,0.020355644,0.016201843
nc04_zumi:GGAGCTACCTTAATAGx,BX571715.1,0.054531053,0.04386578,0.016715633
nc04_zumi:GGAGCTACTAAGGCTCx,BX571715.1,0.9509151,0.8753676,0.049407646
nc04_zumi:GGAGCTACTACTCCTTx,BX571715.1,0.0016516274,0.0030960343,0.0026292668
nc04_zumi:GTAGAGGAACTCTAGGx,BX571715.1,0.05832262,0.0037620282,0.0019473319
nc04_zumi:GTAGAGGACTAGTCGAx,BX571715.1,0.014488165,0.08089301,0.018002085
nc04_zumi:GTAGAGGACTCCTTACx,BX571715.1,0.38622403,0.19536896,0.027710157
nc04_zumi:GTAGAGGATAAGGCTCx,BX571715.1,0.29062393,0.28574476,0.036362782
nc04_zumi:TAAGGCGACGGAGAGAx,BX571715.1,0.10827431,0.016997002,0.0067107426
nc04_zumi:TAAGGCGATATGCAGTx,BX571715.1,0.12396335,0.0,0.0012100193
nc04_zumi:TAAGGCGATCTTACGCx,BX571715.1,0.025663732,0.01907038,0.00807504
nc04_zumi:TACGCTGCAGAGGATAx,BX571715.1,0.10188778,0.004380464,0.0027767846
nc04_zumi:TACGCTGCAGCTAGAAx,BX571715.1,0.11789295,0.010167247,0.0051595327
nc04_zumi:TACGCTGCTCGCATAAx,BX571715.1,0.14430322,0.013434313,0.004993631
nc04_zumi:TAGCGCTCAGAGGATAx,BX571715.1,0.10046598,0.0060663424,0.011619972
nc04_zumi:TAGCGCTCAGCTAGAAx,BX571715.1,0.057914473,0.01836207,0.005977044
nc04_zumi:TAGCGCTCATAGCCTTx,BX571715.1,0.112160705,0.0019527306,0.001206659
nc04_zumi:TAGCGCTCCGGAGAGAx,BX571715.1,0.06339611,0.016326914,0.00768798
nc04_zumi:TAGCGCTCTATGCAGTx,BX571715.1,0.10330593,0.0029075234,0.0026081454
nc04_zumi:TAGCGCTCTCGCATAAx,BX571715.1,0.1596179,0.026441736,0.012790673
nc04_zumi:TAGCGCTCTCTTACGCx,BX571715.1,0.09622814,0.007937691,0.007109886
nc04_zumi:TAGGCATGCTCCTTACx,BX571715.1,0.14380391,0.011402398,0.020327983
nc04_zumi:TCCTGAGCACTCTAGGx,BX571715.1,0.10570752,0.07010683,0.019422147
nc04_zumi:TCCTGAGCCTCCTTACx,BX571715.1,0.65148795,0.7607318,0.062025826
nc04_zumi:TCGACGTCACTCTAGGx,BX571715.1,0.028143741,0.061417792,0.017644342
nc04_zumi:TCGACGTCATAGAGAGx,BX571715.1,0.1027061,0.006978872,0.0033527785
nc04_zumi:TCGACGTCATTAGACGx,BX571715.1,0.09639075,0.06627298,0.015034402
nc04_zumi:TGCAGCTAAGAGGATAx,BX571715.1,0.088252336,0.017464872,0.010703325
nc04_zumi:TGCAGCTAATAGCCTTx,BX571715.1,0.049780056,0.022721304,0.005129669
nc04_zumi:TGCAGCTACGGAGAGAx,BX571715.1,0.052962273,0.03656498,0.014977644
nc04_zumi:TGCAGCTATCTTACGCx,BX571715.1,0.057779673,0.03306736,0.014111379
nc05_zumi:AAGAGGCAATTAGACGx,BX571715.1,0.04159485,0.0128461765,0.0022756185
nc05_zumi:AAGAGGCACTAGTCGAx,BX571715.1,0.03925191,0.011756984,0.0057486054
nc05_zumi:AAGAGGCACTCCTTACx,BX571715.1,0.060670063,0.013043796,0.002947156
nc05_zumi:AAGAGGCATACTCCTTx,BX571715.1,0.033660796,0.010538868,0.0038992155
nc05_zumi:ACTGAGCGAGAGGATAx,BX571715.1,0.095268995,0.01031984,0.0067705573
nc05_zumi:AGGCAGAAACTCTAGGx,BX571715.1,0.050369836,0.010291408,0.0039634504
nc05_zumi:AGGCAGAAATAGAGAGx,BX571715.1,0.027497152,0.099855885,0.0116674015
nc05_zumi:AGGCAGAAATTAGACGx,BX571715.1,0.08629787,0.018120972,0.002329597
nc05_zumi:AGGCAGAACTAGTCGAx,BX571715.1,0.062292423,0.009667688,0.0036908344
nc05_zumi:ATCTCAGGTCGCATAAx,BX571715.1,0.1125864,0.012272242,0.006047367
nc05_zumi:ATGCGCAGTATGCAGTx,BX571715.1,0.14638706,0.014716671,0.0024270967
nc05_zumi:ATGCGCAGTCGCATAAx,BX571715.1,0.105216734,0.00043402982,0.00055700017
nc05_zumi:GCGTAGTAATTAGACGx,BX571715.1,0.04546013,0.010385315,0.0031849323
nc05_zumi:GCTCATGACTAGTCGAx,BX571715.1,0.025277326,0.015749635,0.006597016
nc05_zumi:GCTCATGACTTAATAGx,BX571715.1,0.0686156,0.013625637,0.0033917837
nc05_zumi:GCTCATGATAAGGCTCx,BX571715.1,0.042957354,0.019113123,0.0025191796
nc05_zumi:GCTCATGATACTCCTTx,BX571715.1,0.03683075,0.026265617,0.007140825
nc05_zumi:GGACTCCTACTCTAGGx,BX571715.1,0.031598654,0.021135235,0.008312416
nc05_zumi:GGACTCCTTACTCCTTx,BX571715.1,0.032271862,0.009586313,0.005841834
nc05_zumi:GGAGCTACAGGCTTAGx,BX571715.1,0.02966158,0.01412084,0.00381139
nc05_zumi:GGAGCTACCGGAGAGAx,BX571715.1,0.074590825,0.01633173,0.006420886
nc05_zumi:GTAGAGGACGGAGAGAx,BX571715.1,0.011921166,0.0064813527,0.0015827208
nc05_zumi:TACGCTGCCTCCTTACx,BX571715.1,0.066787735,0.009682874,0.0026431868
nc05_zumi:TAGCGCTCCTCCTTACx,BX571715.1,0.030622466,0.011528001,0.0039333664
nc05_zumi:TAGGCATGAGGCTTAGx,BX571715.1,0.08630868,0.018120972,0.006365119
nc05_zumi:TCGACGTCTATGCAGTx,BX571715.1,0.12049592,0.0,0.0011582423
nc05_zumi:TGCAGCTACTTAATAGx,BX571715.1,0.039901502,0.010994781,0.00890911
nc06_zumi:AAGAGGCAAGCTAGAAx,BX571715.1,0.0762462,0.06201864,0.015460392
nc06_zumi:AAGAGGCAAGGCTTAGx,BX571715.1,0.014760333,0.026584575,0.0041959346
nc06_zumi:AAGAGGCAATAGCCTTx,BX571715.1,0.10189949,0.07745193,0.01474147
nc06_zumi:AAGAGGCATATGCAGTx,BX571715.1,0.052256703,0.04277422,0.007071127
nc06_zumi:AAGAGGCATCGCATAAx,BX571715.1,0.12231248,0.05634805,0.021098308
nc06_zumi:AAGAGGCATCTTACGCx,BX571715.1,0.9509151,0.8753676,0.04930005
nc06_zumi:ACTCGCTAAGAGGATAx,BX571715.1,0.1564255,0.033913076,0.0070467354
nc06_zumi:ACTCGCTAAGCTAGAAx,BX571715.1,0.049193595,0.04093899,0.013910835
nc06_zumi:ACTCGCTAAGGCTTAGx,BX571715.1,0.057603963,0.08868989,0.016706316
nc06_zumi:ACTCGCTAATAGCCTTx,BX571715.1,0.0014468324,0.0023341698,0.0015402453
nc06_zumi:ACTCGCTATATGCAGTx,BX571715.1,0.030005388,0.00068066805,0.002068262
nc06_zumi:ACTCGCTATCGCATAAx,BX571715.1,0.054355603,0.038644332,0.0032204096
nc06_zumi:AGGCAGAAAGAGGATAx,BX571715.1,0.18469377,0.01689001,0.008766705
nc06_zumi:AGGCAGAAAGGCTTAGx,BX571715.1,0.42404845,0.7596614,0.05850877
nc06_zumi:AGGCAGAAATAGCCTTx,BX571715.1,0.0138626555,0.00053542014,0.0027288655
nc06_zumi:AGGCAGAACGGAGAGAx,BX571715.1,0.046647303,0.0047662593,0.005208779
nc06_zumi:AGGCAGAATATGCAGTx,BX571715.1,0.34709513,0.6241038,0.052618895
nc06_zumi:AGGCAGAATCGCATAAx,BX571715.1,0.073082,0.041536957,0.02029607
nc06_zumi:AGGCAGAATCTTACGCx,BX571715.1,0.9258909,0.8523315,0.045369428
nc06_zumi:CCTAAGACAGAGGATAx,BX571715.1,0.060511943,0.016812956,0.0078019556
nc06_zumi:CCTAAGACAGCTAGAAx,BX571715.1,0.02877294,0.08086431,0.015812159
nc06_zumi:CCTAAGACAGGCTTAGx,BX571715.1,0.07041503,0.011075593,0.012242677
nc06_zumi:CCTAAGACATAGCCTTx,BX571715.1,0.048757695,0.018366784,0.015191704
nc06_zumi:CCTAAGACCGGAGAGAx,BX571715.1,0.063564666,0.04655605,0.010370755
nc06_zumi:CCTAAGACTATGCAGTx,BX571715.1,0.079909585,0.016539864,0.015538476
nc06_zumi:CGATCAGTAGCTAGAAx,BX571715.1,0.063729174,0.027633892,0.007933742
nc06_zumi:CTCTCTACAGAGGATAx,BX571715.1,0.034531698,0.0006617606,0.0020174035
nc06_zumi:CTCTCTACAGCTAGAAx,BX571715.1,0.03432202,0.004420928,0.0013287015
nc06_zumi:CTCTCTACATAGCCTTx,BX571715.1,0.11349286,0.010386126,0.0031824657
nc06_zumi:CTCTCTACCGGAGAGAx,BX571715.1,0.0860765,0.007026335,0.004287682
nc06_zumi:CTCTCTACTATGCAGTx,BX571715.1,0.012910965,0.0007684962,0.0036777274
nc06_zumi:CTCTCTACTCGCATAAx,BX571715.1,0.25670996,0.12615237,0.025878469
nc06_zumi:CTCTCTACTCTTACGCx,BX571715.1,0.043885686,0.096765794,0.0153324865
nc06_zumi:GCGTAGTAAGAGGATAx,BX571715.1,0.037057087,0.012424756,0.008047438
nc06_zumi:GCGTAGTAAGCTAGAAx,BX571715.1,0.09697055,0.038304098,0.0058184857
nc06_zumi:GCGTAGTAAGGCTTAGx,BX571715.1,0.07563821,0.036974177,0.02142589
nc06_zumi:GCGTAGTAATAGCCTTx,BX571715.1,0.9903684,0.74375254,0.052162834
nc06_zumi:GCGTAGTACGGAGAGAx,BX571715.1,0.12428362,0.010296338,0.012072756
nc06_zumi:GCGTAGTATATGCAGTx,BX571715.1,0.05965683,0.04746029,0.016876426
nc06_zumi:GCGTAGTATCGCATAAx,BX571715.1,0.009313949,0.004332963,0.00267254
nc06_zumi:GCGTAGTATCTTACGCx,BX571715.1,0.017514102,0.012855106,0.0046524433
nc06_zumi:GCTCATGAAGAGGATAx,BX571715.1,0.31309596,0.47408813,0.039866447
nc06_zumi:GCTCATGAAGCTAGAAx,BX571715.1,0.043812357,0.0038645347,0.00257894
nc06_zumi:GCTCATGAATAGCCTTx,BX571715.1,0.035177495,0.03349666,0.009593653
nc06_zumi:GCTCATGACGGAGAGAx,BX571715.1,0.054270238,0.08591834,0.010810308
nc06_zumi:GCTCATGATATGCAGTx,BX571715.1,0.039043218,0.008551338,0.0033759158
nc06_zumi:GCTCATGATCGCATAAx,BX571715.1,0.26596496,0.13668115,0.02675716
nc06_zumi:GCTCATGATCTTACGCx,BX571715.1,0.0014950604,0.0024119758,0.002293997
nc06_zumi:GGACTCCTAGAGGATAx,BX571715.1,0.011830673,0.012739309,0.0061369585
nc06_zumi:GGACTCCTAGCTAGAAx,BX571715.1,0.02861061,0.05327264,0.008308837
nc06_zumi:GGACTCCTAGGCTTAGx,BX571715.1,0.055116523,0.048784878,0.01634457
nc06_zumi:GGACTCCTATAGCCTTx,BX571715.1,0.08971253,0.0133493645,0.014522268
nc06_zumi:GGACTCCTCGGAGAGAx,BX571715.1,0.039432056,0.060339194,0.015093831
nc06_zumi:GGACTCCTTATGCAGTx,BX571715.1,0.047117602,0.06644441,0.018300233
nc06_zumi:GGACTCCTTCGCATAAx,BX571715.1,0.046301123,0.08820576,0.01496399
nc06_zumi:GGACTCCTTCTTACGCx,BX571715.1,0.18242125,0.022767104,0.019008972
nc06_zumi:GGAGCTACATAGCCTTx,BX571715.1,0.0388832,0.020338386,0.010987923
nc06_zumi:TAAGGCGAAGAGGATAx,BX571715.1,0.078499295,0.06948149,0.019309033
nc06_zumi:TAAGGCGAAGCTAGAAx,BX571715.1,0.005948359,0.0007444807,0.0025972065
nc06_zumi:TAAGGCGAAGGCTTAGx,BX571715.1,0.0019430908,0.0036423928,0.0037896428
nc06_zumi:TAAGGCGAATAGCCTTx,BX571715.1,0.0014950604,0.0024119758,0.0021740946
nc06_zumi:TAAGGCGATATGCAGTx,BX571715.1,0.045061808,0.03758835,0.015305186
nc06_zumi:TACGCTGCAGAGGATAx,BX571715.1,0.020741237,0.009752064,0.0047650733
nc06_zumi:TACGCTGCAGCTAGAAx,BX571715.1,0.003694223,0.00664244,0.003558018
nc06_zumi:TACGCTGCTCTTACGCx,BX571715.1,0.021716814,0.032876696,0.00356844
nc06_zumi:TAGCGCTCAGCTAGAAx,BX571715.1,0.030565403,0.013221064,0.0066117323
nc06_zumi:TAGCGCTCAGGCTTAGx,BX571715.1,0.16517866,0.009330965,0.008160307
nc06_zumi:TAGCGCTCTATGCAGTx,BX571715.1,0.0123934,0.09715779,0.014873841
nc06_zumi:TGCAGCTAAGAGGATAx,BX571715.1,0.011028018,0.0058387853,0.0014826532
nc06_zumi:TGCAGCTAAGCTAGAAx,BX571715.1,0.028633542,0.00701381,0.004661019
nc06_zumi:TGCAGCTAAGGCTTAGx,BX571715.1,0.056417827,0.001565538,0.007344491
nc06_zumi:TGCAGCTAATAGCCTTx,BX571715.1,0.0036967811,0.0005405113,0.0053470843
nc06_zumi:TGCAGCTACGGAGAGAx,BX571715.1,0.05690904,0.039162006,0.013202812
nc06_zumi:TGCAGCTATATGCAGTx,BX571715.1,0.041186646,0.03085535,0.0071281637
nc06_zumi:TGCAGCTATCTTACGCx,BX571715.1,0.07040584,0.055771906,0.011212427
nc07_zumi:AAGAGGCATAAGGCTCx,BX571715.1,0.09845851,0.023811514,0.011224332
nc07_zumi:ACTCGCTACTAGTCGAx,BX571715.1,0.04245954,0.010596737,0.0065124664
nc07_zumi:ACTGAGCGACTCTAGGx,BX571715.1,0.04463816,0.016941179,0.0053217323
nc07_zumi:ATGCGCAGTAAGGCTCx,BX571715.1,0.112386055,0.019612478,0.006650544
nc07_zumi:CCTAAGACCTAGTCGAx,BX571715.1,0.01915757,0.027197696,0.010922532
nc07_zumi:CGAGGCTGATTAGACGx,BX571715.1,0.041131575,0.03198375,0.013818792
nc07_zumi:CGAGGCTGTACTCCTTx,BX571715.1,0.037555058,0.018363422,0.009613432
nc07_zumi:CGATCAGTCTAGTCGAx,BX571715.1,0.055446684,0.011934976,0.008788843
nc07_zumi:CGATCAGTCTCCTTACx,BX571715.1,0.053981226,0.012350763,0.0012817062
nc07_zumi:CGATCAGTTACTCCTTx,BX571715.1,0.041302394,0.024058567,0.0060984413
nc07_zumi:CGGAGCCTATTAGACGx,BX571715.1,0.05586702,0.021564245,0.008267581
nc07_zumi:CGTACTAGACTCTAGGx,BX571715.1,0.025737599,0.0057395515,0.0047865133
nc07_zumi:CGTACTAGCTAGTCGAx,BX571715.1,0.058050614,0.013738522,0.007142719
nc07_zumi:CGTACTAGCTCCTTACx,BX571715.1,0.010853919,0.014654202,0.013015863
nc07_zumi:CGTACTAGTACTCCTTx,BX571715.1,0.06522515,0.023692722,0.010634595
nc07_zumi:CTCTCTACACTCTAGGx,BX571715.1,0.1236403,0.0,0.0034419838
nc07_zumi:CTCTCTACCTAGTCGAx,BX571715.1,0.12329659,0.017703116,0.0034270722
nc07_zumi:GCGTAGTATAAGGCTCx,BX571715.1,0.07143791,0.024762169,0.007844225
nc07_zumi:GCTCATGACTAGTCGAx,BX571715.1,0.038604908,0.049745083,0.016520498
nc07_zumi:GGACTCCTACTCTAGGx,BX571715.1,0.032497235,0.01602651,0.009339848
nc07_zumi:GGACTCCTCTCCTTACx,BX571715.1,0.06295228,0.037218787,0.012845271
nc07_zumi:GGAGCTACATTAGACGx,BX571715.1,0.03328971,0.015984215,0.007298688
nc07_zumi:GTAGAGGAATTAGACGx,BX571715.1,0.06155418,0.02119178,0.009372646
nc07_zumi:GTAGAGGACTCCTTACx,BX571715.1,0.057246625,0.008299607,0.0027532387
nc07_zumi:GTAGAGGATAAGGCTCx,BX571715.1,0.04028892,0.036420066,0.012317339
nc07_zumi:GTAGAGGATACTCCTTx,BX571715.1,0.038531385,0.007837985,0.0024561419
nc07_zumi:TAAGGCGAATAGAGAGx,BX571715.1,0.045528974,0.043020047,0.015794229
nc07_zumi:TACGCTGCCTTAATAGx,BX571715.1,0.021775773,0.009673793,0.0034793545
nc07_zumi:TAGCGCTCACTCTAGGx,BX571715.1,0.13085417,0.002278186,0.0011211012
nc07_zumi:TAGCGCTCATAGAGAGx,BX571715.1,0.07447903,0.01701157,0.010182576
nc07_zumi:TAGCGCTCATTAGACGx,BX571715.1,0.14258158,0.015720375,0.011319719
nc07_zumi:TAGGCATGATAGAGAGx,BX571715.1,0.03702403,0.017591542,0.009116668
nc07_zumi:TAGGCATGCTAGTCGAx,BX571715.1,0.05573281,0.017582415,0.005801018
nc07_zumi:TAGGCATGCTCCTTACx,BX571715.1,0.047011353,0.020217603,0.007527885
nc07_zumi:TAGGCATGCTTAATAGx,BX571715.1,0.05099508,0.018519241,0.008883785
nc07_zumi:TAGGCATGTACTCCTTx,BX571715.1,0.085567944,0.006802609,0.0029714615
nc07_zumi:TCCTGAGCATAGAGAGx,BX571715.1,0.11098224,0.016128689,0.003502266
nc07_zumi:TCCTGAGCATTAGACGx,BX571715.1,0.01796808,0.005529725,0.007602042
nc07_zumi:TCCTGAGCCTTAATAGx,BX571715.1,0.052558977,0.012810945,0.004615166
nc07_zumi:TCCTGAGCTACTCCTTx,BX571715.1,0.04866751,0.031002447,0.010497293
nc07_zumi:TGCAGCTAATTAGACGx,BX571715.1,0.18970902,0.023757812,0.006059256
nc07_zumi:TGCAGCTATACTCCTTx,BX571715.1,0.033087138,0.010629584,0.005013971
nc08_zumi:ACTGAGCGACTCTAGGx,BX571715.1,0.07630422,0.03472733,0.00996884
nc08_zumi:ACTGAGCGAGAGGATAx,BX571715.1,0.053998735,0.044338595,0.014171811
nc08_zumi:ACTGAGCGAGCTAGAAx,BX571715.1,0.008810654,0.012385099,0.0037136066
nc08_zumi:ACTGAGCGAGGCTTAGx,BX571715.1,0.060401663,0.015602355,0.008371912
nc08_zumi:ACTGAGCGATAGAGAGx,BX571715.1,0.15391327,0.089177236,0.021551708
nc08_zumi:ACTGAGCGATTAGACGx,BX571715.1,0.096861064,0.017655902,0.011826976
nc08_zumi:ACTGAGCGCGGAGAGAx,BX571715.1,0.019065857,0.005560372,0.0016926158
nc08_zumi:ACTGAGCGCTAGTCGAx,BX571715.1,0.04863748,0.0009324577,0.0032559352
nc08_zumi:ACTGAGCGCTCCTTACx,BX571715.1,0.11545956,0.0020101639,0.0016560291
nc08_zumi:ACTGAGCGCTTAATAGx,BX571715.1,0.096373506,0.02018447,0.012000667
nc08_zumi:ACTGAGCGTAAGGCTCx,BX571715.1,0.04917581,0.048227623,0.010413946
nc08_zumi:ACTGAGCGTACTCCTTx,BX571715.1,0.07819939,0.039853074,0.013144719
nc08_zumi:ACTGAGCGTATGCAGTx,BX571715.1,0.22347759,0.114051335,0.020565776
nc08_zumi:ACTGAGCGTCGCATAAx,BX571715.1,0.012910965,0.0007684962,0.0034192498
nc08_zumi:ACTGAGCGTCTTACGCx,BX571715.1,0.020289674,0.043917075,0.0046935407
nc08_zumi:ATCTCAGGACTCTAGGx,BX571715.1,0.083115324,0.008422384,0.009410248
nc08_zumi:ATCTCAGGAGAGGATAx,BX571715.1,0.0017855429,0.003347064,0.003579386
nc08_zumi:ATCTCAGGAGCTAGAAx,BX571715.1,0.05965683,0.04746029,0.017447956
nc08_zumi:ATCTCAGGAGGCTTAGx,BX571715.1,0.015393218,0.012299651,0.006442909
nc08_zumi:ATCTCAGGATAGAGAGx,BX571715.1,0.15681858,0.036010966,0.013431926
nc08_zumi:ATCTCAGGATAGCCTTx,BX571715.1,0.12540846,0.042262938,0.01253177
nc08_zumi:ATCTCAGGATTAGACGx,BX571715.1,0.04016328,0.0007941128,0.0036442734
nc08_zumi:ATCTCAGGCGGAGAGAx,BX571715.1,0.10805804,0.00043825238,0.010606175
nc08_zumi:ATCTCAGGTACTCCTTx,BX571715.1,0.13043164,0.051308855,0.018066313
nc08_zumi:ATCTCAGGTATGCAGTx,BX571715.1,0.1172469,0.09036058,0.017402114
nc08_zumi:ATCTCAGGTCGCATAAx,BX571715.1,0.0058443896,0.0015243394,0.0066186544
nc08_zumi:ATGCGCAGAGCTAGAAx,BX571715.1,0.071811676,0.08868989,0.0042400416
nc08_zumi:ATGCGCAGATTAGACGx,BX571715.1,0.15198402,0.014736757,0.010338277
nc08_zumi:ATGCGCAGCTCCTTACx,BX571715.1,0.05934108,0.047602914,0.012475197
nc08_zumi:ATGCGCAGCTTAATAGx,BX571715.1,0.09542819,0.03153862,0.015516128
nc08_zumi:ATGCGCAGTAAGGCTCx,BX571715.1,0.12049592,0.0,0.001161561
nc08_zumi:ATGCGCAGTACTCCTTx,BX571715.1,0.08764216,0.06430194,0.015449269
nc08_zumi:ATGCGCAGTATGCAGTx,BX571715.1,0.107765235,0.06965775,0.019459011
nc08_zumi:ATGCGCAGTCGCATAAx,BX571715.1,0.025217328,0.014879083,0.004430069
nc08_zumi:ATGCGCAGTCTTACGCx,BX571715.1,0.031875413,0.00061085593,0.0016367988
nc08_zumi:CGAGGCTGAGAGGATAx,BX571715.1,0.0072511886,0.009889346,0.004415113
nc08_zumi:CGAGGCTGAGCTAGAAx,BX571715.1,0.0039897608,0.007173835,0.004569401
nc08_zumi:CGAGGCTGAGGCTTAGx,BX571715.1,0.05864,0.0025080186,0.0026655449
nc08_zumi:CGAGGCTGATAGCCTTx,BX571715.1,0.15312405,0.058253378,0.015561123
nc08_zumi:CGAGGCTGCGGAGAGAx,BX571715.1,0.012012965,0.0044626845,0.0016566772
nc08_zumi:CGAGGCTGCTAGTCGAx,BX571715.1,0.022959368,0.0075047575,0.008579438
nc08_zumi:CGAGGCTGCTTAATAGx,BX571715.1,0.07132199,0.027847892,0.015923036
nc08_zumi:CGAGGCTGTAAGGCTCx,BX571715.1,0.01577426,0.010758027,0.0024645058
nc08_zumi:CGAGGCTGTCGCATAAx,BX571715.1,0.037420385,0.01994758,0.007939782
nc08_zumi:CGAGGCTGTCTTACGCx,BX571715.1,1.0,0.8484314,0.051228803
nc08_zumi:CGATCAGTACTCTAGGx,BX571715.1,0.11895833,0.002071078,0.0015386107
nc08_zumi:CGATCAGTAGAGGATAx,BX571715.1,0.6366603,0.6645366,0.06023819
nc08_zumi:CGATCAGTATAGAGAGx,BX571715.1,0.049910504,0.03736796,0.013957741
nc08_zumi:CGATCAGTATAGCCTTx,BX571715.1,0.078167535,0.058270317,0.013715771
nc08_zumi:CGATCAGTATTAGACGx,BX571715.1,0.073034145,0.027914466,0.0096356785
nc08_zumi:CGATCAGTCTAGTCGAx,BX571715.1,0.06559446,0.04219772,0.014217379
nc08_zumi:CGATCAGTCTTAATAGx,BX571715.1,0.013727357,0.009597395,0.0036391092
nc08_zumi:CGATCAGTTATGCAGTx,BX571715.1,0.12635267,0.015028312,0.007887087
nc08_zumi:CGGAGCCTACTCTAGGx,BX571715.1,0.055972192,0.018521564,0.0074273995
nc08_zumi:CGGAGCCTAGAGGATAx,BX571715.1,0.0014950604,0.0024119758,0.0038797283
nc08_zumi:CGGAGCCTAGCTAGAAx,BX571715.1,0.20280269,0.07096737,0.019670662
nc08_zumi:CGGAGCCTAGGCTTAGx,BX571715.1,0.7343101,0.71760875,0.06632635
nc08_zumi:CGGAGCCTATAGCCTTx,BX571715.1,0.075982034,0.052426606,0.018717729
nc08_zumi:CGGAGCCTATTAGACGx,BX571715.1,0.08804668,0.06267333,0.014839461
nc08_zumi:CGGAGCCTCTTAATAGx,BX571715.1,0.021880424,0.0037770637,0.0020587535
nc08_zumi:CGGAGCCTTACTCCTTx,BX571715.1,0.05491215,0.020674698,0.014234343
nc08_zumi:CGGAGCCTTCGCATAAx,BX571715.1,0.0113727525,0.0007941128,0.001515553
nc08_zumi:CGGAGCCTTCTTACGCx,BX571715.1,0.08459039,0.062486067,0.016323857
nc08_zumi:CGTACTAGACTCTAGGx,BX571715.1,0.005710902,0.009871607,0.008018628
nc08_zumi:CGTACTAGAGAGGATAx,BX571715.1,0.07796271,0.01643042,0.007584328
nc08_zumi:CGTACTAGAGGCTTAGx,BX571715.1,0.024927316,0.0088963695,0.0038623533
nc08_zumi:CGTACTAGATAGCCTTx,BX571715.1,0.31197536,0.16765876,0.023784267
nc08_zumi:CGTACTAGATTAGACGx,BX571715.1,0.07153524,0.0,0.00697996
nc08_zumi:CGTACTAGCTAGTCGAx,BX571715.1,0.12049592,0.0,0.0014807414
nc08_zumi:CGTACTAGTACTCCTTx,BX571715.1,0.11545956,0.0020101639,0.001666509
nc08_zumi:CGTACTAGTATGCAGTx,BX571715.1,0.06278277,0.033247083,0.012444083
nc08_zumi:CGTACTAGTCGCATAAx,BX571715.1,0.016135557,0.003278707,0.0015589612
nc08_zumi:CGTACTAGTCTTACGCx,BX571715.1,0.10772791,0.043186426,0.020068813
nc08_zumi:GGAGCTACACTCTAGGx,BX571715.1,0.049592543,0.019581797,0.01050447
nc08_zumi:GGAGCTACAGAGGATAx,BX571715.1,0.90660137,0.83454275,0.04511463
nc08_zumi:GGAGCTACAGCTAGAAx,BX571715.1,0.9310883,0.79557943,0.055516873
nc08_zumi:GGAGCTACATAGCCTTx,BX571715.1,0.012242361,0.0004908018,0.001268967
nc08_zumi:GGAGCTACATTAGACGx,BX571715.1,0.017987456,0.0038645347,0.0010310726
nc08_zumi:GGAGCTACCGGAGAGAx,BX571715.1,0.8647596,0.9161426,0.05274501
nc08_zumi:GGAGCTACCTAGTCGAx,BX571715.1,0.059870742,0.004480698,0.0038889975
nc08_zumi:GGAGCTACTCGCATAAx,BX571715.1,0.03022194,0.015861724,0.012549253
nc08_zumi:GGAGCTACTCTTACGCx,BX571715.1,0.016042264,0.010849406,0.0036098438
nc08_zumi:GTAGAGGAACTCTAGGx,BX571715.1,0.06557848,0.009899401,0.00689272
nc08_zumi:GTAGAGGAAGAGGATAx,BX571715.1,0.7728454,0.853646,0.043207195
nc08_zumi:GTAGAGGAAGCTAGAAx,BX571715.1,0.0029234646,0.008525571,0.0033173566
nc08_zumi:GTAGAGGAAGGCTTAGx,BX571715.1,0.010672893,0.010787134,0.006126031
nc08_zumi:GTAGAGGAATAGCCTTx,BX571715.1,0.00220217,0.0041280454,0.0070740324
nc08_zumi:GTAGAGGACTCCTTACx,BX571715.1,0.058100507,0.01995558,0.013021942
nc08_zumi:GTAGAGGACTTAATAGx,BX571715.1,0.11673043,0.0,0.0012678454
nc08_zumi:GTAGAGGATAAGGCTCx,BX571715.1,0.07049843,0.029152378,0.012418681
nc08_zumi:GTAGAGGATACTCCTTx,BX571715.1,0.08377369,0.05263409,0.017556824
nc08_zumi:GTAGAGGATCGCATAAx,BX571715.1,0.018767104,0.036640733,0.004552449
nc08_zumi:GTAGAGGATCTTACGCx,BX571715.1,0.06887935,0.01256739,0.012259109
nc08_zumi:TAGGCATGAGAGGATAx,BX571715.1,0.030170288,0.0007006877,0.0034133017
nc08_zumi:TAGGCATGAGCTAGAAx,BX571715.1,0.012006107,0.09412162,0.015984245
nc08_zumi:TAGGCATGAGGCTTAGx,BX571715.1,0.009037849,0.01197208,0.0044543766
nc08_zumi:TAGGCATGATAGAGAGx,BX571715.1,0.09394332,0.022759669,0.015587559
nc08_zumi:TAGGCATGATAGCCTTx,BX571715.1,0.07654777,0.0012974801,0.012472711
nc08_zumi:TAGGCATGATTAGACGx,BX571715.1,0.07105825,0.0066093653,0.0009372954
nc08_zumi:TAGGCATGCGGAGAGAx,BX571715.1,0.1372459,0.1320628,0.029087113
nc08_zumi:TAGGCATGCTCCTTACx,BX571715.1,0.033291876,0.0026030038,0.00096006854
nc08_zumi:TAGGCATGCTTAATAGx,BX571715.1,0.1399229,0.011707536,0.0050327824
nc08_zumi:TAGGCATGTAAGGCTCx,BX571715.1,0.08826688,0.018564582,0.010866695
nc08_zumi:TAGGCATGTCGCATAAx,BX571715.1,0.0012458835,0.0020099797,0.0026442886
nc08_zumi:TAGGCATGTCTTACGCx,BX571715.1,0.022166539,0.0065812585,0.009614889
nc08_zumi:TCCTGAGCACTCTAGGx,BX571715.1,0.027606202,0.044277944,0.013153763
nc08_zumi:TCCTGAGCAGAGGATAx,BX571715.1,0.89833254,0.7949265,0.0552037
nc08_zumi:TCCTGAGCAGCTAGAAx,BX571715.1,0.10059399,0.0014806718,0.011045089
nc08_zumi:TCCTGAGCAGGCTTAGx,BX571715.1,0.11398019,0.08031911,0.009543786
nc08_zumi:TCCTGAGCATAGAGAGx,BX571715.1,0.10890883,0.007699387,0.008095519
nc08_zumi:TCCTGAGCATAGCCTTx,BX571715.1,0.10658809,0.08214599,0.016514381
nc08_zumi:TCCTGAGCATTAGACGx,BX571715.1,0.027323317,0.007921689,0.009824124
nc08_zumi:TCCTGAGCCGGAGAGAx,BX571715.1,0.014599792,0.0020099797,0.00120633
nc08_zumi:TCCTGAGCCTAGTCGAx,BX571715.1,0.17307927,0.031039618,0.016422184
nc08_zumi:TCCTGAGCCTCCTTACx,BX571715.1,0.08898962,0.022158485,0.013374686
nc08_zumi:TCCTGAGCCTTAATAGx,BX571715.1,0.011616944,0.0008600201,0.0006004607
nc08_zumi:TCCTGAGCTAAGGCTCx,BX571715.1,0.005715266,0.010103505,0.004119431
nc08_zumi:TCCTGAGCTACTCCTTx,BX571715.1,0.068146646,0.016008051,0.009070441
nc08_zumi:TCCTGAGCTATGCAGTx,BX571715.1,0.042164087,0.03346131,0.0043463106
nc08_zumi:TCCTGAGCTCGCATAAx,BX571715.1,0.09314933,0.00043825238,0.012755522
nc08_zumi:TCCTGAGCTCTTACGCx,BX571715.1,0.09171726,0.031717688,0.0049122884
nc08_zumi:TCGACGTCACTCTAGGx,BX571715.1,0.11845913,0.002071078,0.0016307656
nc08_zumi:TCGACGTCAGAGGATAx,BX571715.1,0.349497,0.43300512,0.03881555
nc08_zumi:TCGACGTCAGCTAGAAx,BX571715.1,0.0015897965,0.007338792,0.004684903
nc08_zumi:TCGACGTCAGGCTTAGx,BX571715.1,0.0092943935,0.0059781964,0.003128381
nc08_zumi:TCGACGTCATAGAGAGx,BX571715.1,0.04747087,0.016960844,0.003489688
nc08_zumi:TCGACGTCATAGCCTTx,BX571715.1,0.2258467,0.43463278,0.04594703
nc08_zumi:TCGACGTCATTAGACGx,BX571715.1,0.035392422,0.008192929,0.001771995
nc08_zumi:TCGACGTCTACTCCTTx,BX571715.1,0.07790804,0.015721923,0.007871832
nc08_zumi:TCGACGTCTATGCAGTx,BX571715.1,0.14091669,0.025499871,0.0065313475
nc08_zumi:TCGACGTCTCTTACGCx,BX571715.1,0.0072208066,0.011516875,0.0030735927
