epoch,validation_loss,elbo_validation,reconstruction_loss_validation,kl_local_validation,kl_global_validation,train_loss_epoch,elbo_train,reconstruction_loss_train,kl_local_train,kl_global_train,train_loss_step
0,2970.657958984375,1006.5783081054688,992.192138671875,14.386178016662598,0.0,6691.283203125,4653.75830078125,4649.0869140625,4.671535968780518,0.0,
1,2790.952392578125,912.770263671875,878.7041625976562,34.06612777709961,0.0,2885.050048828125,942.4371337890624,915.6306762695312,26.80645179748535,0.0,
2,2696.463623046875,899.2825317382812,847.731201171875,51.55131149291992,0.0,2765.194580078125,910.643310546875,861.4722290039062,49.17110824584961,0.0,
3,2586.806640625,861.308349609375,797.6224365234375,63.68588638305664,0.0,2656.30126953125,884.72705078125,815.506103515625,69.22093963623047,0.0,2682.82958984375
4,2490.96337890625,830.78662109375,757.2420654296875,73.54452514648438,0.0,2554.6123046875,860.8768920898438,772.8276977539062,88.04920196533203,0.0,
5,2410.380126953125,810.2361450195312,728.323486328125,81.91265869140625,0.0,2457.806640625,830.5848388671875,731.138671875,99.44617462158205,0.0,
6,2320.691162109375,773.6841430664062,686.73876953125,86.94535827636719,0.0,2369.587158203125,803.1493530273438,694.2442016601562,108.90515899658205,0.0,2366.58642578125
7,2251.53662109375,751.1087646484375,661.134521484375,89.97425842285156,0.0,2289.05419921875,774.5091552734375,661.78173828125,112.72743225097656,0.0,
8,2176.6640625,718.7733764648438,625.2030029296875,93.57038116455078,0.0,2216.025390625,749.1519165039062,631.7933959960938,117.35850524902344,0.0,
9,2103.478271484375,683.050048828125,588.6666870117188,94.3833465576172,0.0,2144.05615234375,719.1754760742188,598.7971801757812,120.3782958984375,0.0,2114.489501953125
10,2032.7052001953125,645.2332763671875,553.427490234375,91.80581665039062,0.0,2074.165771484375,684.9559326171875,566.0918579101562,118.86406707763672,0.0,
11,1969.4508056640625,612.0900268554688,524.5712280273438,87.5188217163086,0.0,2006.377197265625,646.097900390625,534.383056640625,111.71482849121094,0.0,
12,1900.00390625,567.8502807617188,488.1221008300781,79.72819519042969,0.0,1940.031005859375,606.4065551757812,502.8886413574219,103.51790618896484,0.0,
13,1836.146484375,530.7922973632812,456.6507568359375,74.14156341552734,0.0,1873.067626953125,560.3587646484375,469.5924072265625,90.7663803100586,0.0,1891.0224609375
14,1773.238525390625,491.7353210449219,425.7462158203125,65.98909759521484,0.0,1806.5972900390625,517.5391845703125,436.0860900878906,81.453125,0.0,
15,1711.8743896484375,455.3257446289063,395.4925842285156,59.83317184448242,0.0,1741.311279296875,473.5516662597656,403.32415771484375,70.22750854492188,0.0,
16,1646.8724365234375,414.3938598632813,359.97491455078125,54.41895294189453,0.0,1678.045166015625,433.8211669921875,371.4137268066406,62.40743255615234,0.0,1673.8828125
17,1597.06005859375,390.8607177734375,337.43603515625,53.42469024658203,0.0,1617.935546875,396.1199645996094,340.69061279296875,55.42934036254883,0.0,
18,1534.036376953125,350.0933532714844,300.2723388671875,49.82101440429688,0.0,1559.5394287109375,364.2263488769531,309.3003234863281,54.926029205322266,0.0,
19,1483.6776123046875,325.5980834960937,273.70684814453125,51.89122772216797,0.0,1504.759765625,331.3695068359375,280.1527709960937,51.21672058105469,0.0,1483.899169921875
20,1427.880615234375,293.224609375,241.14227294921875,52.08233642578125,0.0,1449.6083984375,302.23779296875,248.8643951416016,53.37339401245117,0.0,
21,1374.6309814453125,262.3753967285156,210.66896057128903,51.70643615722656,0.0,1394.83642578125,269.39239501953125,217.35646057128903,52.03593444824219,0.0,
22,1316.9920654296875,225.46188354492188,175.90658569335938,49.55529022216797,0.0,1340.3746337890625,237.2557678222656,185.83901977539065,51.416748046875,0.0,
23,1266.9300537109375,195.326416015625,147.85784912109375,47.46855926513672,0.0,1287.4906005859375,203.7381591796875,155.71337890625,48.02478790283203,0.0,1308.2467041015625
24,1212.15771484375,159.75440979003906,115.09789276123048,44.656517028808594,0.0,1232.3033447265625,168.7366943359375,122.55792236328124,46.17877960205078,0.0,
25,1159.5604248046875,126.78712463378906,84.05110931396484,42.73601150512695,0.0,1178.4000244140625,133.86172485351562,90.50968933105467,43.35204315185547,0.0,
26,1104.7178955078125,89.95643615722656,49.967403411865234,39.989036560058594,0.0,1125.687255859375,100.90531158447266,59.12486267089844,41.78044891357422,0.0,1124.108642578125
27,1052.5048828125,56.6810302734375,17.396310806274414,39.28471755981445,0.0,1073.4217529296875,66.44677734375,27.362106323242188,39.08466720581055,0.0,
28,1003.905029296875,26.421384811401367,-12.132928848266602,38.55431365966797,0.0,1020.5728759765624,32.82418441772461,-6.047913551330566,38.87209701538086,0.0,
29,947.9361572265624,-11.632976531982422,-49.171871185302734,37.53889465332031,0.0,968.976806640625,-0.8352737426757812,-38.5903549194336,37.75508117675781,0.0,950.5549926757812
30,902.16064453125,-40.18048858642578,-76.58647155761719,36.405982971191406,0.0,919.1613159179688,-32.77860641479492,-69.61433410644531,36.83572769165039,0.0,
31,850.02880859375,-76.86114501953125,-111.0343246459961,34.17318344116211,0.0,870.5087280273438,-64.94895935058594,-100.13282775878906,35.183868408203125,0.0,
32,806.1085815429688,-104.14356994628906,-138.26181030273438,34.11824417114258,0.0,819.8462524414062,-100.23075103759766,-133.4792022705078,33.24845123291016,0.0,
33,757.2092895507812,-137.71987915039062,-171.42654418945312,33.706661224365234,0.0,773.6594848632812,-129.60684204101562,-163.37826538085938,33.77142333984375,0.0,785.5447998046875
34,710.68994140625,-169.2474365234375,-202.86672973632807,33.61928939819336,0.0,727.400146484375,-160.7393035888672,-194.20782470703125,33.46852493286133,0.0,
35,667.493896484375,-197.79885864257807,-231.6497344970703,33.85087585449219,0.0,683.3817749023438,-189.81842041015625,-223.4080352783203,33.58961486816406,0.0,
36,626.6639404296875,-225.47113037109372,-258.82647705078125,33.3553466796875,0.0,640.5982666015625,-218.2842254638672,-252.0826568603516,33.79843521118164,0.0,637.1463623046875
37,581.7254638671875,-258.6902160644531,-290.2714233398437,31.58120346069336,0.0,595.9703979492188,-250.3394775390625,-283.1987609863281,32.859283447265625,0.0,
38,540.80859375,-286.3350524902344,-318.3287048339844,31.99365997314453,0.0,555.1888427734375,-279.2894897460937,-310.7186889648437,31.42918968200684,0.0,
39,500.1254577636719,-313.75262451171875,-347.0470275878906,33.294410705566406,0.0,514.2294921875,-306.9217224121094,-339.18475341796875,32.263038635253906,0.0,492.3844604492188
40,463.9197692871094,-337.8574523925781,-372.06005859375,34.202606201171875,0.0,472.942626953125,-335.098876953125,-368.7377624511719,33.63887405395508,0.0,
41,428.1451416015625,-363.5059509277344,-397.1864013671875,33.680458068847656,0.0,435.8193664550781,-360.7846374511719,-394.9189758300781,34.134334564208984,0.0,
42,387.3810729980469,-395.2185668945313,-427.3101806640625,32.09162521362305,0.0,398.74407958984375,-388.1655883789063,-421.4202270507813,33.25463104248047,0.0,
43,355.9710998535156,-417.2835388183594,-448.8067932128906,31.523250579833984,0.0,362.6004638671875,-415.3568420410156,-447.18798828125,31.831134796142575,0.0,377.1571350097656
44,319.39801025390625,-443.995361328125,-475.7080993652344,31.71274185180664,0.0,325.6955261230469,-442.7251892089844,-474.3182373046875,31.59304618835449,0.0,
45,283.5630187988281,-469.50189208984375,-502.3026428222656,32.80076599121094,0.0,292.310302734375,-466.3953857421875,-498.1378479003906,31.74245262145996,0.0,
46,245.9294586181641,-498.671875,-530.8231811523438,32.15129470825195,0.0,254.6731414794922,-493.8833618164063,-526.686279296875,32.802913665771484,0.0,247.8159637451172
47,215.12014770507807,-521.3907470703125,-552.4873046875,31.096546173095703,0.0,220.1858062744141,-520.1539306640625,-552.0438232421875,31.88990974426269,0.0,
48,180.4136962890625,-548.19677734375,-578.486328125,30.28956413269043,0.0,185.1300048828125,-547.1988525390625,-578.1039428710938,30.905105590820312,0.0,
49,147.42030334472656,-572.027587890625,-603.305908203125,31.27834129333496,0.0,152.59742736816406,-571.578369140625,-602.111328125,30.532936096191406,0.0,151.66712951660156
50,114.78507995605467,-596.5022583007812,-628.0286865234375,31.526416778564453,0.0,117.80143737792967,-597.3381958007812,-628.8834838867188,31.54530143737793,0.0,
51,81.69091796875,-622.055908203125,-653.2297973632812,31.17391967773437,0.0,84.7081527709961,-622.7122192382812,-654.1065673828125,31.394359588623047,0.0,
52,51.05781555175781,-645.3276977539062,-676.2183227539062,30.89062118530273,0.0,53.2922477722168,-646.8439331054688,-677.6724853515625,30.82853507995605,0.0,
53,17.715057373046875,-671.2068481445312,-702.4590454101562,31.252201080322266,0.0,20.462068557739254,-672.4309692382812,-703.0589599609375,30.62796401977539,0.0,29.227813720703125
54,-11.68316650390625,-693.5964965820312,-725.001953125,31.40543937683105,0.0,-10.618868827819824,-696.154052734375,-727.1497802734375,30.995729446411133,0.0,
55,-42.177581787109375,-717.4933471679688,-748.797607421875,31.30428504943848,0.0,-42.013427734375,-720.5270385742188,-751.796142578125,31.269092559814453,0.0,
56,-70.5277099609375,-739.7660522460938,-770.6005859375,30.834508895874023,0.0,-71.61087036132812,-743.9498901367188,-774.6736450195312,30.723766326904297,0.0,-73.11068725585938
57,-97.137939453125,-760.3948974609375,-791.1204833984375,30.72560310363769,0.0,-101.37501525878906,-767.2791137695312,-798.0740356445312,30.7949275970459,0.0,
58,-124.96782684326172,-782.0090942382812,-813.2294921875,31.220373153686523,0.0,-129.0246124267578,-789.0789794921875,-819.7178344726562,30.638877868652344,0.0,
59,-151.89105224609375,-803.2120971679688,-834.8976440429688,31.685518264770508,0.0,-155.8284912109375,-809.6326904296875,-840.9963989257812,31.36368560791016,0.0,-165.74087524414062
60,-176.12777709960938,-821.9978637695312,-854.231201171875,32.23332595825195,0.0,-176.59552001953125,-824.8856811523438,-856.6004028320312,31.714738845825195,0.0,
61,-193.67919921875,-834.66796875,-867.0531616210938,32.385223388671875,0.0,-203.5531768798828,-846.673828125,-878.735595703125,32.0617790222168,0.0,
62,-221.48956298828125,-858.665283203125,-890.200927734375,31.53563690185547,0.0,-227.3673095703125,-865.6217041015625,-897.9279174804688,32.30620574951172,0.0,
63,-240.2549743652344,-873.0651245117188,-904.4940185546876,31.42891311645508,0.0,-251.2970428466797,-886.075439453125,-917.1677856445312,31.092348098754883,0.0,-249.8831787109375
64,-268.3240966796875,-897.1354370117188,-928.1027221679688,30.96726417541504,0.0,-276.4317321777344,-906.75439453125,-937.9205932617188,31.16617202758789,0.0,
65,-292.7580261230469,-916.8173828125,-947.9930419921876,31.17564392089844,0.0,-301.1798095703125,-927.21044921875,-958.2072143554688,30.996740341186523,0.0,
66,-313.10107421875,-932.8155517578124,-963.7821655273438,30.966598510742188,0.0,-324.8854064941406,-946.086181640625,-977.3955078125,31.30929946899414,0.0,-328.4947204589844
67,-341.4491577148437,-956.4760131835938,-987.8424072265624,31.36636734008789,0.0,-348.03436279296875,-964.8580932617188,-996.0798950195312,31.22182273864746,0.0,
68,-363.4742736816406,-974.1934814453124,-1005.5888671875,31.395383834838867,0.0,-374.4007568359375,-986.8024291992188,-1018.1663818359376,31.36392593383789,0.0,
69,-386.6412048339844,-993.084228515625,-1024.5413818359375,31.457164764404297,0.0,-396.4065856933594,-1004.5714111328124,-1035.8814697265625,31.31005477905273,0.0,-401.14691162109375
70,-407.1302795410156,-1009.806640625,-1040.97509765625,31.16844940185547,0.0,-420.87396240234375,-1025.0491943359375,-1056.1888427734375,31.139652252197266,0.0,
71,-430.8245544433594,-1029.9581298828125,-1060.6627197265625,30.704593658447266,0.0,-445.2667846679688,-1045.9202880859375,-1076.5198974609375,30.59959602355957,0.0,
72,-451.21142578125,-1046.40478515625,-1077.2833251953125,30.878538131713867,0.0,-464.9284973144531,-1061.7386474609375,-1092.2894287109375,30.55078125,0.0,
73,-471.397216796875,-1063.033447265625,-1094.03076171875,30.997350692749023,0.0,-485.2527465820313,-1077.99609375,-1108.98095703125,30.984909057617188,0.0,-478.0059814453125
74,-485.3352661132813,-1073.73291015625,-1104.6639404296875,30.93101501464844,0.0,-504.4424133300781,-1093.5255126953125,-1124.806884765625,31.281354904174805,0.0,
75,-510.099853515625,-1095.30615234375,-1126.4449462890625,31.13873291015625,0.0,-521.78515625,-1107.88720703125,-1138.856201171875,30.96894645690918,0.0,
76,-524.1361694335938,-1106.4794921875,-1137.52783203125,31.048364639282227,0.0,-545.4126586914062,-1128.2080078125,-1159.5643310546875,31.356351852416992,0.0,-550.2330932617188
77,-547.5446166992188,-1126.67822265625,-1158.0015869140625,31.323362350463867,0.0,-563.2659301757812,-1143.1312255859375,-1174.453125,31.32184219360352,0.0,
78,-563.5512084960938,-1139.2117919921875,-1171.1944580078125,31.982641220092773,0.0,-580.0411987304688,-1156.677490234375,-1188.3408203125,31.66328239440918,0.0,
79,-580.2891845703125,-1153.1759033203125,-1184.9859619140625,31.810096740722656,0.0,-595.2969970703125,-1168.683837890625,-1200.7589111328125,32.07502365112305,0.0,-599.3153686523438
80,-598.9432983398438,-1169.4246826171875,-1200.60595703125,31.18130874633789,0.0,-615.2858276367188,-1186.1248779296875,-1217.777099609375,31.65218544006348,0.0,
81,-613.4932861328125,-1181.2061767578125,-1212.29736328125,31.09122657775879,0.0,-631.5237426757812,-1199.756103515625,-1231.067138671875,31.31105613708496,0.0,
82,-626.5484619140625,-1190.90576171875,-1222.729736328125,31.823936462402344,0.0,-649.20556640625,-1214.580810546875,-1245.92431640625,31.34351921081543,0.0,
83,-646.47998046875,-1208.55908203125,-1239.92529296875,31.36618995666504,0.0,-668.4945068359375,-1230.7393798828125,-1262.542236328125,31.802812576293945,0.0,-665.6304931640625
84,-664.0427856445312,-1223.8017578125,-1254.95654296875,31.15479278564453,0.0,-685.878173828125,-1245.86865234375,-1277.22119140625,31.352479934692383,0.0,
85,-680.5972290039062,-1237.9862060546875,-1269.0103759765625,31.024169921875,0.0,-703.1477661132812,-1260.808837890625,-1291.9637451171875,31.15485382080078,0.0,
86,-694.709228515625,-1249.771484375,-1280.687744140625,30.91620635986328,0.0,-716.0289306640625,-1271.3648681640625,-1302.3397216796875,30.974891662597656,0.0,-717.0787353515625
87,-710.4219360351562,-1262.799560546875,-1294.1448974609375,31.34539222717285,0.0,-729.5475463867188,-1282.5843505859375,-1313.4039306640625,30.819522857666016,0.0,
88,-722.3836669921875,-1271.831787109375,-1304.1319580078125,32.30015182495117,0.0,-748.7962036132812,-1299.0828857421875,-1330.451416015625,31.36850357055664,0.0,
89,-742.3526611328125,-1289.7606201171875,-1321.9560546875,32.19538497924805,0.0,-765.6316528320312,-1313.1573486328125,-1345.291015625,32.13361740112305,0.0,-776.0003662109375
90,-757.019775390625,-1302.857421875,-1334.2957763671875,31.43832015991211,0.0,-780.0535278320312,-1325.785888671875,-1357.476318359375,31.69042015075684,0.0,
91,-767.4234008789062,-1311.3671875,-1342.5430908203125,31.17593765258789,0.0,-794.26025390625,-1338.2025146484375,-1369.4334716796875,31.23098564147949,0.0,
92,-781.875732421875,-1323.432373046875,-1355.112548828125,31.680139541625977,0.0,-806.8472290039062,-1348.7569580078125,-1379.9437255859375,31.186765670776367,0.0,
93,-792.98583984375,-1332.100830078125,-1364.412841796875,32.31198501586914,0.0,-822.5086669921875,-1362.05517578125,-1393.754638671875,31.69943046569824,0.0,-818.287353515625
94,-805.1507568359375,-1342.4755859375,-1374.6441650390625,32.168540954589844,0.0,-830.9521484375,-1368.1412353515625,-1400.3780517578125,32.236812591552734,0.0,
95,-817.5974731445312,-1353.2054443359375,-1385.239501953125,32.03408432006836,0.0,-844.2947998046875,-1379.6328125,-1411.8216552734375,32.18888092041016,0.0,
96,-827.6224365234375,-1361.7000732421875,-1393.482177734375,31.78205680847168,0.0,-854.9502563476562,-1388.777099609375,-1420.5870361328125,31.80998039245605,0.0,-851.26806640625
97,-844.3099365234375,-1377.034912109375,-1408.442138671875,31.4072380065918,0.0,-873.4671630859375,-1405.771240234375,-1437.3262939453125,31.555042266845703,0.0,
98,-861.30126953125,-1392.2281494140625,-1423.7420654296875,31.513898849487305,0.0,-886.3966064453125,-1417.0833740234375,-1448.58642578125,31.503103256225582,0.0,
99,-865.9852905273438,-1394.9249267578125,-1426.80908203125,31.88410377502441,0.0,-893.8131103515625,-1422.7161865234375,-1454.322265625,31.60602188110352,0.0,-888.4619140625
100,-878.9652099609375,-1406.45166015625,-1437.9896240234375,31.53792953491211,0.0,-911.2877197265624,-1438.4420166015625,-1470.1551513671875,31.71312713623047,0.0,
101,-891.2216796875,-1417.1552734375,-1448.5013427734375,31.346105575561523,0.0,-920.6737670898438,-1446.3150634765625,-1477.813720703125,31.498624801635746,0.0,
102,-907.1927490234376,-1431.409423828125,-1462.750732421875,31.341344833374023,0.0,-933.1699829101562,-1457.2059326171875,-1488.5665283203125,31.360544204711918,0.0,
103,-920.3060913085938,-1442.5364990234375,-1474.348388671875,31.81193351745605,0.0,-949.724609375,-1471.9700927734375,-1503.4920654296875,31.52199363708496,0.0,-945.0970458984376
104,-931.30419921875,-1451.5146484375,-1483.7862548828125,32.27154922485352,0.0,-960.8900146484376,-1481.0228271484375,-1513.1771240234375,32.154266357421875,0.0,
105,-940.3659057617188,-1459.266357421875,-1490.9991455078125,31.73276901245117,0.0,-976.7544555664062,-1495.1058349609375,-1527.3839111328125,32.278038024902344,0.0,
106,-956.319091796875,-1473.516845703125,-1505.2984619140625,31.781625747680664,0.0,-984.3139038085938,-1501.181396484375,-1533.143310546875,31.961929321289062,0.0,-983.951171875
107,-973.1348266601562,-1488.7105712890625,-1520.5670166015625,31.856481552124023,0.0,-998.2452392578124,-1513.388671875,-1545.4544677734375,32.06576156616211,0.0,
108,-981.3959350585938,-1495.5892333984375,-1527.1806640625,31.59144592285156,0.0,-1016.07177734375,-1529.5455322265625,-1561.7537841796875,32.20820236206055,0.0,
109,-997.1460571289062,-1510.1572265625,-1541.1524658203125,30.99529457092285,0.0,-1027.1290283203125,-1539.27099609375,-1571.106201171875,31.835153579711918,0.0,-1033.6875
110,-1006.4426879882812,-1517.6580810546875,-1549.0648193359375,31.40669631958008,0.0,-1036.599609375,-1547.38818359375,-1578.8939208984375,31.50572204589844,0.0,
111,-1014.7940673828124,-1524.3304443359375,-1555.9437255859375,31.61331367492676,0.0,-1050.45068359375,-1559.5819091796875,-1591.2664794921875,31.684511184692383,0.0,
112,-1028.6201171875,-1536.695068359375,-1568.33056640625,31.635473251342773,0.0,-1059.6007080078125,-1566.953369140625,-1598.9783935546875,32.0250244140625,0.0,
113,-1033.8028564453125,-1540.500732421875,-1572.018310546875,31.51752471923828,0.0,-1072.4437255859375,-1578.5533447265625,-1610.302978515625,31.749683380126957,0.0,-1076.816162109375
114,-1044.934814453125,-1550.3800048828125,-1581.74365234375,31.36361312866211,0.0,-1080.531982421875,-1585.367431640625,-1616.8885498046875,31.52110481262207,0.0,
115,-1051.706298828125,-1555.6070556640625,-1587.2608642578125,31.65380859375,0.0,-1094.640869140625,-1598.139404296875,-1629.6627197265625,31.52336883544922,0.0,
116,-1067.8265380859375,-1570.5694580078125,-1602.0223388671875,31.45290946960449,0.0,-1101.39697265625,-1603.5137939453125,-1635.0889892578125,31.57521629333496,0.0,-1098.097900390625
117,-1077.14453125,-1578.632568359375,-1610.0897216796875,31.45719718933105,0.0,-1116.6656494140625,-1617.5531005859375,-1649.0611572265625,31.50810432434082,0.0,
118,-1089.4498291015625,-1589.80126953125,-1621.1397705078125,31.33851623535156,0.0,-1127.8118896484375,-1627.3580322265625,-1658.9859619140625,31.627967834472656,0.0,
119,-1098.47314453125,-1597.8765869140625,-1628.7584228515625,30.88184356689453,0.0,-1137.643310546875,-1636.17333984375,-1667.5111083984375,31.33773231506348,0.0,-1137.185546875
120,-1105.939208984375,-1603.512451171875,-1635.2510986328125,31.738683700561523,0.0,-1144.9598388671875,-1642.2908935546875,-1673.5338134765625,31.24292755126953,0.0,
121,-1108.6431884765625,-1604.2440185546875,-1637.131103515625,32.88710021972656,0.0,-1150.802490234375,-1646.4110107421875,-1678.410400390625,31.999414443969727,0.0,
122,-1125.70556640625,-1620.0540771484375,-1653.1365966796875,33.08255386352539,0.0,-1159.5570068359375,-1653.2813720703125,-1686.3359375,33.05454635620117,0.0,
123,-1133.7169189453125,-1627.238525390625,-1659.955810546875,32.71733474731445,0.0,-1172.6207275390625,-1665.183837890625,-1698.338623046875,33.15475082397461,0.0,-1168.3277587890625
124,-1140.813720703125,-1633.84375,-1665.753173828125,31.90946578979492,0.0,-1186.0701904296875,-1677.8604736328125,-1710.5545654296875,32.69414520263672,0.0,
125,-1148.5169677734375,-1640.6300048828125,-1672.35546875,31.72543716430664,0.0,-1194.4232177734375,-1685.7796630859375,-1717.5706787109375,31.79098129272461,0.0,
126,-1158.4984130859375,-1649.1435546875,-1681.559814453125,32.41631317138672,0.0,-1200.2215576171875,-1690.4912109375,-1722.34375,31.85255241394043,0.0,-1200.067138671875
127,-1158.10302734375,-1647.3443603515625,-1680.36083984375,33.01644515991211,0.0,-1210.2635498046875,-1698.9508056640625,-1731.6240234375,32.67319107055664,0.0,
128,-1180.45263671875,-1668.91552734375,-1701.65234375,32.736793518066406,0.0,-1214.3621826171875,-1701.8597412109375,-1734.86328125,33.003543853759766,0.0,
129,-1187.69677734375,-1675.6114501953125,-1707.7125244140625,32.10109329223633,0.0,-1230.6907958984375,-1717.520263671875,-1750.1029052734375,32.58270263671875,0.0,-1231.724609375
130,-1186.77294921875,-1673.75634765625,-1705.68603515625,31.929651260375977,0.0,-1235.966796875,-1722.072509765625,-1754.2537841796875,32.181297302246094,0.0,
131,-1191.352294921875,-1676.9007568359375,-1709.4764404296875,32.57573318481445,0.0,-1241.4666748046875,-1726.6090087890625,-1758.685302734375,32.07632064819336,0.0,
132,-1203.625732421875,-1687.8182373046875,-1721.0460205078125,33.22780227661133,0.0,-1242.1690673828125,-1725.9742431640625,-1758.5767822265625,32.60253143310547,0.0,
133,-1217.1591796875,-1700.4820556640625,-1733.5889892578125,33.106929779052734,0.0,-1258.433837890625,-1740.92578125,-1774.0687255859375,33.14299011230469,0.0,-1255.090087890625
134,-1214.950439453125,-1697.7537841796875,-1730.2857666015625,32.53197479248047,0.0,-1266.8843994140625,-1748.615478515625,-1781.4984130859375,32.8829231262207,0.0,
135,-1231.789306640625,-1713.775390625,-1746.0284423828125,32.2530403137207,0.0,-1278.680419921875,-1759.9556884765625,-1792.0782470703125,32.12256622314453,0.0,
136,-1227.190185546875,-1708.1148681640625,-1740.55859375,32.443782806396484,0.0,-1284.8927001953125,-1765.1724853515625,-1797.3226318359375,32.150115966796875,0.0,-1291.1468505859375
137,-1247.4521484375,-1727.7303466796875,-1759.640625,31.91032600402832,0.0,-1293.53857421875,-1772.747802734375,-1805.0760498046875,32.32830047607422,0.0,
138,-1248.510986328125,-1727.3204345703125,-1760.0357666015625,32.71530532836914,0.0,-1300.0390625,-1778.3861083984375,-1810.526611328125,32.14054489135742,0.0,
139,-1256.7396240234375,-1733.8369140625,-1767.683837890625,33.8469352722168,0.0,-1308.7529296875,-1785.478271484375,-1818.6754150390625,33.19708251953125,0.0,-1309.4825439453125
140,-1261.67431640625,-1737.8936767578125,-1771.6160888671875,33.722434997558594,0.0,-1317.5001220703125,-1792.54638671875,-1826.8197021484373,34.27326202392578,0.0,
141,-1280.796875,-1756.918701171875,-1789.2904052734375,32.37172317504883,0.0,-1324.6436767578125,-1799.1822509765625,-1832.7862548828125,33.60395050048828,0.0,
142,-1288.7982177734375,-1764.6441650390625,-1796.02880859375,31.38462829589844,0.0,-1335.2559814453125,-1809.649169921875,-1841.9844970703125,32.33537292480469,0.0,
143,-1287.36962890625,-1761.52734375,-1793.993896484375,32.466514587402344,0.0,-1342.2740478515625,-1816.1060791015625,-1847.86962890625,31.763578414916992,0.0,-1340.5264892578125
144,-1283.8936767578125,-1756.6890869140625,-1789.92626953125,33.2371711730957,0.0,-1340.00537109375,-1812.1773681640625,-1845.0142822265625,32.83687973022461,0.0,
145,-1300.264404296875,-1771.9735107421875,-1805.6715087890625,33.69804382324219,0.0,-1339.7774658203125,-1810.71044921875,-1844.154052734375,33.44361114501953,0.0,
146,-1308.0224609375,-1778.7900390625,-1812.784912109375,33.994895935058594,0.0,-1357.1978759765625,-1827.1527099609373,-1860.8974609375,33.744728088378906,0.0,-1361.1602783203125
147,-1314.0406494140625,-1784.5042724609375,-1817.7801513671875,33.275840759277344,0.0,-1364.090087890625,-1833.3153076171875,-1866.9942626953125,33.679012298583984,0.0,
148,-1320.0706787109375,-1789.9122314453125,-1822.98388671875,33.07170486450195,0.0,-1377.0718994140625,-1845.9283447265625,-1879.014892578125,33.08655548095703,0.0,
149,-1333.6943359375,-1802.67626953125,-1835.8536376953125,33.17742919921875,0.0,-1384.8338623046875,-1853.06884765625,-1885.9207763671875,32.851905822753906,0.0,-1379.6416015625
150,-1346.065185546875,-1814.4381103515625,-1847.3602294921875,32.92209243774414,0.0,-1393.5794677734375,-1860.8773193359373,-1894.0015869140625,33.124210357666016,0.0,
151,-1354.617431640625,-1822.358642578125,-1854.9788818359373,32.62022399902344,0.0,-1406.179931640625,-1872.8179931640625,-1905.7562255859373,32.93824005126953,0.0,
152,-1360.1710205078125,-1827.0968017578125,-1859.8172607421875,32.720489501953125,0.0,-1409.8671875,-1875.825439453125,-1908.5595703125,32.73414993286133,0.0,
153,-1365.4747314453125,-1831.5516357421875,-1864.4051513671875,32.853511810302734,0.0,-1422.0206298828125,-1887.0408935546875,-1920.064453125,33.02355194091797,0.0,-1411.6844482421875
154,-1374.163330078125,-1839.5023193359373,-1872.3309326171875,32.82862854003906,0.0,-1424.7855224609375,-1889.1729736328125,-1921.9912109375,32.81818771362305,0.0,
155,-1369.173095703125,-1833.6884765625,-1866.7178955078125,33.02939224243164,0.0,-1428.00634765625,-1891.5433349609373,-1924.54541015625,33.00209045410156,0.0,
156,-1370.1373291015625,-1833.664794921875,-1867.23095703125,33.56618118286133,0.0,-1427.619384765625,-1890.4146728515625,-1923.4727783203125,33.058128356933594,0.0,-1435.209716796875
157,-1382.7459716796875,-1845.40234375,-1879.2862548828125,33.88397216796875,0.0,-1432.2655029296875,-1893.9505615234373,-1927.693115234375,33.74260711669922,0.0,
158,-1389.9188232421875,-1852.1024169921875,-1885.646484375,33.54408645629883,0.0,-1446.9227294921875,-1907.8115234375,-1941.76953125,33.95806884765625,0.0,
159,-1387.781494140625,-1849.97509765625,-1882.3074951171875,32.3323974609375,0.0,-1452.6302490234375,-1913.1663818359373,-1946.56494140625,33.39851379394531,0.0,-1438.49072265625
160,-1396.9395751953125,-1858.404296875,-1890.8345947265625,32.430355072021484,0.0,-1455.3150634765625,-1915.7237548828125,-1948.2174072265625,32.493682861328125,0.0,
161,-1401.346923828125,-1861.6976318359373,-1894.8720703125,33.17443084716797,0.0,-1465.7689208984375,-1925.4041748046875,-1958.0596923828125,32.655517578125,0.0,
162,-1419.3778076171875,-1878.9639892578125,-1912.3697509765625,33.40579605102539,0.0,-1471.7943115234375,-1930.22802734375,-1963.8184814453125,33.59049606323242,0.0,
163,-1412.3193359375,-1871.27978515625,-1904.634521484375,33.354679107666016,0.0,-1484.5635986328125,-1942.384765625,-1975.9129638671875,33.528255462646484,0.0,-1496.1158447265625
164,-1423.56201171875,-1882.14404296875,-1915.07568359375,32.93164825439453,0.0,-1487.6016845703125,-1944.974365234375,-1978.135498046875,33.161136627197266,0.0,
165,-1428.327880859375,-1886.31298828125,-1919.1229248046875,32.809898376464844,0.0,-1494.8072509765625,-1951.67724609375,-1984.57421875,32.89702606201172,0.0,
166,-1433.72802734375,-1890.6195068359373,-1924.1617431640625,33.5422477722168,0.0,-1500.4088134765625,-1956.5322265625,-1989.5537109375,33.02146911621094,0.0,-1499.2708740234375
167,-1435.9627685546875,-1892.083740234375,-1925.818603515625,33.734806060791016,0.0,-1505.2513427734375,-1960.2347412109373,-1994.0638427734373,33.82904815673828,0.0,
168,-1426.490234375,-1882.1087646484373,-1915.632080078125,33.52330780029297,0.0,-1499.932861328125,-1954.4735107421875,-1987.963623046875,33.49008560180664,0.0,
169,-1445.0899658203125,-1900.360107421875,-1933.3851318359373,33.025081634521484,0.0,-1497.3768310546875,-1951.3153076171875,-1984.7572021484373,33.441932678222656,0.0,-1507.7161865234375
170,-1429.640380859375,-1884.4205322265625,-1917.4176025390625,32.99710464477539,0.0,-1513.0457763671875,-1966.7017822265625,-1999.6082763671875,32.90650939941406,0.0,
171,-1462.8929443359375,-1916.9097900390625,-1950.2359619140625,33.326194763183594,0.0,-1513.7440185546875,-1966.7542724609373,-1999.85888671875,33.104618072509766,0.0,
172,-1461.989990234375,-1915.5301513671875,-1948.7825927734373,33.25238800048828,0.0,-1528.912109375,-1981.10498046875,-2014.714111328125,33.60911560058594,0.0,
173,-1470.973388671875,-1924.3424072265625,-1956.9666748046875,32.62421798706055,0.0,-1532.9267578125,-1984.7752685546875,-2018.046630859375,33.27134704589844,0.0,-1551.6181640625
174,-1477.5478515625,-1930.117431640625,-1963.1824951171875,33.065040588378906,0.0,-1535.6710205078125,-1986.9970703125,-2020.2581787109373,33.261077880859375,0.0,
175,-1466.3651123046875,-1918.2535400390625,-1951.70703125,33.45353698730469,0.0,-1549.7357177734375,-2000.34765625,-2033.9725341796875,33.624855041503906,0.0,
176,-1485.181640625,-1936.542724609375,-1970.0,33.457313537597656,0.0,-1543.614501953125,-1993.727783203125,-2027.3857421875,33.65800476074219,0.0,-1526.85009765625
177,-1491.3697509765625,-1942.173583984375,-1975.7789306640625,33.60539245605469,0.0,-1559.859130859375,-2009.4542236328125,-2043.1419677734373,33.687705993652344,0.0,
178,-1494.5413818359375,-1944.8671875,-1978.4483642578125,33.58121871948242,0.0,-1564.07666015625,-2013.01904296875,-2047.043212890625,34.02415466308594,0.0,
179,-1502.130859375,-1952.0430908203125,-1985.522705078125,33.47955703735352,0.0,-1569.771240234375,-2018.3900146484373,-2052.118408203125,33.728389739990234,0.0,-1561.4901123046875
180,-1515.4134521484375,-1965.03125,-1998.1768798828125,33.145591735839844,0.0,-1575.836669921875,-2024.1082763671875,-2057.56689453125,33.45861053466797,0.0,
181,-1514.887939453125,-1963.917724609375,-1997.265625,33.34785461425781,0.0,-1582.143798828125,-2029.9964599609373,-2063.349853515625,33.35340881347656,0.0,
182,-1526.076171875,-1974.7020263671875,-2007.89990234375,33.19783020019531,0.0,-1594.5478515625,-2041.95947265625,-2075.217529296875,33.25806427001953,0.0,
183,-1535.1351318359375,-1983.2864990234373,-2016.413330078125,33.1268310546875,0.0,-1600.1910400390625,-2047.1292724609373,-2080.356689453125,33.22738265991211,0.0,-1600.13037109375
184,-1531.52685546875,-1979.0972900390625,-2012.2637939453125,33.166526794433594,0.0,-1605.2996826171875,-2051.771484375,-2084.878662109375,33.107200622558594,0.0,
185,-1536.4688720703125,-1983.2005615234373,-2016.878662109375,33.67810821533203,0.0,-1600.89794921875,-2046.6177978515625,-2080.076171875,33.45838165283203,0.0,
186,-1542.0618896484375,-1988.063232421875,-2022.0421142578125,33.97883987426758,0.0,-1603.5260009765625,-2048.489990234375,-2082.344482421875,33.854469299316406,0.0,-1601.89208984375
187,-1548.932373046875,-1995.2158203125,-2027.587890625,32.37207794189453,0.0,-1620.46240234375,-2064.88037109375,-2098.703125,33.8226432800293,0.0,
188,-1546.866455078125,-1993.081787109375,-2024.53125,31.44951629638672,0.0,-1622.1668701171875,-2066.931640625,-2099.028564453125,32.09685516357422,0.0,
189,-1555.071533203125,-2000.310791015625,-2032.5570068359373,32.24615859985352,0.0,-1629.413330078125,-2073.873291015625,-2105.502685546875,31.629472732543945,0.0,-1637.46875
190,-1556.2327880859375,-2000.5003662109373,-2033.528564453125,33.02814865112305,0.0,-1633.7042236328125,-2077.146484375,-2109.578125,32.431549072265625,0.0,
191,-1573.4150390625,-2017.059814453125,-2050.258544921875,33.1987419128418,0.0,-1638.011962890625,-2080.516845703125,-2113.703857421875,33.1871223449707,0.0,
192,-1572.9842529296875,-2016.461181640625,-2049.103759765625,32.64256286621094,0.0,-1637.863037109375,-2080.010986328125,-2112.89697265625,32.886085510253906,0.0,
193,-1571.09814453125,-2014.2039794921875,-2046.6820068359373,32.47802734375,0.0,-1651.854248046875,-2093.866455078125,-2126.114501953125,32.24815368652344,0.0,-1658.410888671875
194,-1578.8824462890625,-2021.1732177734373,-2054.325439453125,33.15218734741211,0.0,-1654.7100830078125,-2096.103759765625,-2128.66748046875,32.56365203857422,0.0,
195,-1582.898193359375,-2024.6494140625,-2057.963623046875,33.31420135498047,0.0,-1662.50732421875,-2103.10400390625,-2136.293212890625,33.189109802246094,0.0,
196,-1583.60107421875,-2024.9886474609373,-2058.173828125,33.185150146484375,0.0,-1660.6854248046875,-2100.8974609375,-2133.99072265625,33.09337615966797,0.0,-1668.47021484375
197,-1591.426025390625,-2032.5074462890625,-2065.277587890625,32.77019119262695,0.0,-1659.8089599609375,-2099.609375,-2132.556640625,32.94727325439453,0.0,
198,-1588.1676025390625,-2028.7979736328125,-2061.679443359375,32.881465911865234,0.0,-1675.0994873046875,-2114.49560546875,-2147.357177734375,32.861534118652344,0.0,
199,-1600.1279296875,-2040.2608642578125,-2073.2744140625,33.01349258422852,0.0,-1673.30517578125,-2112.24951171875,-2145.163818359375,32.91434097290039,0.0,-1667.96435546875
200,-1612.014404296875,-2051.603759765625,-2084.877197265625,33.27347946166992,0.0,-1683.54443359375,-2121.99365234375,-2155.11865234375,33.124908447265625,0.0,
201,-1612.2164306640625,-2051.18212890625,-2084.889892578125,33.70782470703125,0.0,-1688.749755859375,-2126.62890625,-2160.054931640625,33.42594909667969,0.0,
202,-1622.248046875,-2061.181396484375,-2094.212890625,33.03156280517578,0.0,-1693.6710205078125,-2130.9892578125,-2164.727783203125,33.738616943359375,0.0,
203,-1626.9483642578125,-2065.72998046875,-2098.198486328125,32.46852493286133,0.0,-1701.1209716796875,-2138.472900390625,-2171.378173828125,32.905277252197266,0.0,-1715.77099609375
204,-1616.7354736328125,-2054.74169921875,-2088.084716796875,33.343048095703125,0.0,-1702.30712890625,-2139.48779296875,-2171.90869140625,32.420780181884766,0.0,
205,-1605.32373046875,-2042.541748046875,-2076.527099609375,33.98538589477539,0.0,-1705.4486083984375,-2141.69091796875,-2175.238037109375,33.54716873168945,0.0,
206,-1614.948974609375,-2051.693603515625,-2086.02001953125,34.32643508911133,0.0,-1699.4927978515625,-2135.14013671875,-2169.048583984375,33.90848159790039,0.0,-1714.566162109375
207,-1626.22412109375,-2062.905029296875,-2096.51708984375,33.61195755004883,0.0,-1706.731689453125,-2141.996337890625,-2176.0029296875,34.00661849975586,0.0,
208,-1623.9356689453125,-2060.5205078125,-2093.654541015625,33.134010314941406,0.0,-1710.566650390625,-2145.8466796875,-2178.99365234375,33.14701843261719,0.0,
209,-1633.973876953125,-2070.37890625,-2103.1171875,32.73822784423828,0.0,-1707.834228515625,-2143.038818359375,-2175.634033203125,32.595252990722656,0.0,-1688.7899169921875
210,-1638.8284912109375,-2074.7138671875,-2107.912841796875,33.198909759521484,0.0,-1718.576416015625,-2153.36962890625,-2186.0771484375,32.707496643066406,0.0,
211,-1620.5963134765625,-2055.68994140625,-2089.876953125,34.186912536621094,0.0,-1724.434326171875,-2158.71484375,-2191.8173828125,33.10256576538086,0.0,
212,-1643.86474609375,-2078.233154296875,-2113.203857421875,34.97060012817383,0.0,-1719.054931640625,-2152.383544921875,-2186.75732421875,34.37375259399414,0.0,
213,-1642.133544921875,-2076.38232421875,-2111.08740234375,34.70518493652344,0.0,-1725.5537109375,-2158.265625,-2193.25341796875,34.98781967163086,0.0,-1736.4110107421875
214,-1656.5687255859375,-2090.940673828125,-2124.61767578125,33.6770133972168,0.0,-1731.0933837890625,-2163.733154296875,-2198.212158203125,34.4788932800293,0.0,
215,-1652.2579345703125,-2086.5517578125,-2119.753662109375,33.201934814453125,0.0,-1731.1903076171875,-2163.95361328125,-2197.4658203125,33.51227569580078,0.0,
216,-1654.757568359375,-2088.5615234375,-2122.016845703125,33.455352783203125,0.0,-1747.5078125,-2180.129150390625,-2213.235107421875,33.10599899291992,0.0,-1744.1820068359375
217,-1649.1876220703125,-2082.449951171875,-2116.360107421875,33.910099029541016,0.0,-1735.1341552734375,-2167.14404296875,-2200.84814453125,33.70405197143555,0.0,
218,-1666.3013916015625,-2099.12109375,-2133.115234375,33.99406433105469,0.0,-1741.985107421875,-2173.457275390625,-2207.551025390625,34.09373092651367,0.0,
219,-1644.4456787109375,-2077.242919921875,-2110.6630859375,33.420169830322266,0.0,-1755.979736328125,-2187.11376953125,-2221.17578125,34.0621337890625,0.0,-1742.4927978515625
220,-1669.940673828125,-2102.6669921875,-2135.502685546875,32.835662841796875,0.0,-1747.7645263671875,-2178.882568359375,-2212.330078125,33.44739532470703,0.0,
221,-1669.5897216796875,-2101.649169921875,-2135.33056640625,33.681373596191406,0.0,-1752.3294677734375,-2183.29345703125,-2216.376220703125,33.08277130126953,0.0,
222,-1674.30224609375,-2105.642822265625,-2140.21728515625,34.574501037597656,0.0,-1764.114990234375,-2194.3447265625,-2228.415283203125,34.07060241699219,0.0,
223,-1667.5242919921875,-2098.592041015625,-2133.185791015625,34.593692779541016,0.0,-1763.4593505859375,-2193.178466796875,-2227.718994140625,34.54049301147461,0.0,-1753.9552001953125
224,-1684.628173828125,-2115.553955078125,-2149.81982421875,34.26579284667969,0.0,-1759.6903076171875,-2189.18994140625,-2223.547119140625,34.35713577270508,0.0,
225,-1693.71435546875,-2124.415771484375,-2158.5361328125,34.1203498840332,0.0,-1767.8575439453125,-2197.2470703125,-2231.27001953125,34.022945404052734,0.0,
226,-1678.3056640625,-2108.863037109375,-2142.5439453125,33.680908203125,0.0,-1778.5283203125,-2207.71826171875,-2241.43994140625,33.721656799316406,0.0,-1764.035888671875
227,-1695.048828125,-2124.944580078125,-2159.430908203125,34.486236572265625,0.0,-1780.5994873046875,-2209.563720703125,-2243.037109375,33.473358154296875,0.0,
228,-1692.2572021484375,-2121.51513671875,-2156.837890625,35.32280349731445,0.0,-1782.3062744140625,-2210.449951171875,-2245.150390625,34.7004280090332,0.0,
229,-1701.488525390625,-2130.761474609375,-2165.12353515625,34.362037658691406,0.0,-1791.74560546875,-2219.4296875,-2254.466064453125,35.036346435546875,0.0,-1780.519775390625
230,-1708.45703125,-2137.96484375,-2171.07470703125,33.10997772216797,0.0,-1790.99658203125,-2218.756103515625,-2252.772216796875,34.01602554321289,0.0,
231,-1720.931396484375,-2150.300048828125,-2182.879150390625,32.57921600341797,0.0,-1804.792236328125,-2232.645263671875,-2265.647705078125,33.002384185791016,0.0,
232,-1714.9591064453125,-2143.43994140625,-2177.29833984375,33.85836410522461,0.0,-1800.804931640625,-2228.2939453125,-2261.346435546875,33.05246353149414,0.0,
233,-1716.38671875,-2144.302490234375,-2178.683837890625,34.381317138671875,0.0,-1808.197021484375,-2234.8125,-2269.103759765625,34.291358947753906,0.0,-1824.00439453125
234,-1715.8277587890625,-2143.723876953125,-2177.46923828125,33.74528121948242,0.0,-1802.4346923828125,-2228.716552734375,-2263.00830078125,34.29175567626953,0.0,
235,-1708.964599609375,-2136.716552734375,-2169.84912109375,33.13262176513672,0.0,-1807.020263671875,-2233.300048828125,-2266.8818359375,33.58185577392578,0.0,
236,-1713.679931640625,-2141.06884765625,-2174.31640625,33.24763488769531,0.0,-1813.75341796875,-2239.81787109375,-2272.968505859375,33.15056610107422,0.0,-1824.362548828125
237,-1710.074951171875,-2136.949462890625,-2170.534423828125,33.584896087646484,0.0,-1805.3841552734373,-2231.003662109375,-2264.470703125,33.467018127441406,0.0,
238,-1731.19580078125,-2157.488037109375,-2191.759521484375,34.271583557128906,0.0,-1796.4705810546875,-2221.680908203125,-2255.275146484375,33.59423828125,0.0,
239,-1730.8443603515625,-2156.94189453125,-2190.919921875,33.97792053222656,0.0,-1828.7686767578125,-2253.40966796875,-2287.609130859375,34.199344635009766,0.0,-1821.2010498046875
240,-1740.6517333984375,-2166.449462890625,-2200.441650390625,33.99228286743164,0.0,-1828.6727294921875,-2253.2158203125,-2286.873291015625,33.657554626464844,0.0,
241,-1737.3680419921875,-2162.872314453125,-2196.967041015625,34.09462356567383,0.0,-1836.6588134765625,-2260.8984375,-2294.60986328125,33.711524963378906,0.0,
242,-1747.15478515625,-2172.267333984375,-2206.4853515625,34.21809005737305,0.0,-1842.0638427734373,-2265.9638671875,-2299.8388671875,33.87504577636719,0.0,
243,-1750.468017578125,-2175.347412109375,-2209.403564453125,34.05626678466797,0.0,-1844.6312255859373,-2268.202880859375,-2302.072998046875,33.87004089355469,0.0,-1841.88623046875
244,-1757.1556396484375,-2181.761474609375,-2215.885986328125,34.12454605102539,0.0,-1846.2017822265625,-2269.613525390625,-2303.256591796875,33.643150329589844,0.0,
245,-1750.952392578125,-2175.322021484375,-2209.30712890625,33.98501968383789,0.0,-1856.6480712890625,-2279.6494140625,-2313.6328125,33.98347473144531,0.0,
246,-1756.198486328125,-2180.5458984375,-2213.840087890625,33.29417037963867,0.0,-1849.0616455078125,-2271.91015625,-2305.590087890625,33.67994689941406,0.0,-1877.05078125
247,-1769.81396484375,-2194.04345703125,-2227.0439453125,33.00060272216797,0.0,-1866.2626953125,-2289.086669921875,-2322.169921875,33.08331680297852,0.0,
248,-1762.212890625,-2186.124755859375,-2219.1044921875,32.97965621948242,0.0,-1873.276611328125,-2295.83447265625,-2328.9013671875,33.06691360473633,0.0,
249,-1766.49462890625,-2189.759033203125,-2223.83203125,34.07310104370117,0.0,-1868.728515625,-2290.896240234375,-2324.251708984375,33.35547637939453,0.0,-1871.5107421875
250,-1778.778564453125,-2201.675048828125,-2235.9619140625,34.286808013916016,0.0,-1874.182861328125,-2295.653564453125,-2330.181396484375,34.52787399291992,0.0,
251,-1782.2918701171875,-2205.110107421875,-2238.86572265625,33.755645751953125,0.0,-1883.1019287109373,-2304.4462890625,-2338.56982421875,34.12351608276367,0.0,
252,-1769.562744140625,-2192.225341796875,-2225.65673828125,33.43141555786133,0.0,-1876.2734375,-2297.4736328125,-2331.20703125,33.73335266113281,0.0,
253,-1773.146484375,-2195.47998046875,-2228.908935546875,33.428958892822266,0.0,-1886.52685546875,-2307.665283203125,-2340.8251953125,33.15987777709961,0.0,-1872.03955078125
254,-1770.9642333984375,-2192.833740234375,-2226.836181640625,34.00236892700195,0.0,-1878.30810546875,-2299.03271484375,-2332.5087890625,33.47599792480469,0.0,
255,-1789.0130615234375,-2210.453857421875,-2244.796630859375,34.34284210205078,0.0,-1879.61328125,-2299.89013671875,-2333.865478515625,33.97536849975586,0.0,
256,-1788.4906005859375,-2209.8984375,-2243.659423828125,33.7609977722168,0.0,-1894.805908203125,-2314.770263671875,-2348.8857421875,34.11546325683594,0.0,-1891.3526611328125
257,-1789.4334716796875,-2210.92333984375,-2243.8134765625,32.89021301269531,0.0,-1896.050537109375,-2316.020263671875,-2349.373779296875,33.353477478027344,0.0,
258,-1783.713623046875,-2205.000244140625,-2237.67724609375,32.67691802978516,0.0,-1899.240478515625,-2319.20166015625,-2351.951416015625,32.74967575073242,0.0,
259,-1784.662353515625,-2205.425048828125,-2238.95166015625,33.526702880859375,0.0,-1883.138916015625,-2302.76123046875,-2335.72021484375,32.95903015136719,0.0,-1883.3487548828125
260,-1784.6507568359375,-2204.873291015625,-2239.22216796875,34.34883499145508,0.0,-1885.037841796875,-2304.109619140625,-2337.921875,33.81216812133789,0.0,
261,-1778.04736328125,-2197.95458984375,-2232.414306640625,34.459693908691406,0.0,-1883.04931640625,-2301.622802734375,-2336.2099609375,34.58722305297852,0.0,
262,-1789.8409423828125,-2209.68408203125,-2243.751708984375,34.067626953125,0.0,-1894.3692626953125,-2312.750244140625,-2347.12451171875,34.37435531616211,0.0,
263,-1777.5899658203125,-2197.34521484375,-2231.001708984375,33.65647888183594,0.0,-1899.9749755859373,-2318.2705078125,-2352.287353515625,34.01690673828125,0.0,-1895.2313232421875
264,-1793.8966064453125,-2213.5546875,-2247.021484375,33.46675491333008,0.0,-1904.0340576171875,-2322.256591796875,-2355.8623046875,33.605716705322266,0.0,
265,-1795.9908447265625,-2215.343505859375,-2249.08544921875,33.74192428588867,0.0,-1910.0374755859373,-2328.06591796875,-2361.66650390625,33.60063934326172,0.0,
266,-1755.32861328125,-2174.294677734375,-2208.675537109375,34.380950927734375,0.0,-1905.9652099609373,-2323.7216796875,-2357.5302734375,33.80870819091797,0.0,-1901.3228759765625
267,-1791.494140625,-2209.861083984375,-2245.345458984375,35.484283447265625,0.0,-1876.5069580078125,-2293.727294921875,-2328.576416015625,34.8492317199707,0.0,
268,-1799.1768798828125,-2217.435546875,-2252.885498046875,35.44993591308594,0.0,-1917.7215576171875,-2334.510986328125,-2370.034423828125,35.52351379394531,0.0,
269,-1806.4259033203125,-2224.79296875,-2259.27490234375,34.48197937011719,0.0,-1920.73193359375,-2337.44921875,-2372.68994140625,35.24061965942383,0.0,-1880.2515869140625
270,-1812.2420654296875,-2230.848388671875,-2264.072509765625,33.224143981933594,0.0,-1932.0067138671875,-2348.916748046875,-2383.064453125,34.147796630859375,0.0,
271,-1818.1669921875,-2236.615234375,-2270.0107421875,33.39554214477539,0.0,-1927.8084716796875,-2344.8876953125,-2377.961669921875,33.07395935058594,0.0,
272,-1814.8333740234373,-2232.8818359375,-2267.035888671875,34.154022216796875,0.0,-1928.763916015625,-2345.530029296875,-2379.186279296875,33.6562614440918,0.0,
273,-1819.667236328125,-2237.291015625,-2272.228759765625,34.9378662109375,0.0,-1936.6986083984373,-2353.02099609375,-2387.568359375,34.547340393066406,0.0,-1935.4757080078125
274,-1828.567138671875,-2245.962158203125,-2281.03271484375,35.07048797607422,0.0,-1936.20361328125,-2352.089599609375,-2387.418701171875,35.32903289794922,0.0,
275,-1823.134521484375,-2240.5517578125,-2274.93115234375,34.379276275634766,0.0,-1940.8851318359373,-2356.664794921875,-2391.8232421875,35.15843963623047,0.0,
276,-1832.153564453125,-2249.4912109375,-2283.540283203125,34.04902648925781,0.0,-1945.9637451171875,-2361.76806640625,-2396.278076171875,34.50994873046875,0.0,-1949.74853515625
277,-1822.5390625,-2239.732421875,-2273.59912109375,33.8667106628418,0.0,-1950.3642578125,-2366.0947265625,-2400.108642578125,34.01396560668945,0.0,
278,-1836.019775390625,-2252.86328125,-2286.99267578125,34.12946319580078,0.0,-1927.822021484375,-2343.361572265625,-2377.4384765625,34.076873779296875,0.0,
279,-1826.62109375,-2243.279296875,-2277.4423828125,34.16311264038086,0.0,-1954.29638671875,-2369.5205078125,-2403.750244140625,34.22984313964844,0.0,-1942.5263671875
280,-1841.1959228515625,-2257.7734375,-2291.31884765625,33.545467376708984,0.0,-1961.3111572265625,-2376.369140625,-2410.524658203125,34.15559387207031,0.0,
281,-1830.41796875,-2246.89990234375,-2280.18798828125,33.28819274902344,0.0,-1961.164794921875,-2376.164794921875,-2409.792724609375,33.62795639038086,0.0,
282,-1833.919921875,-2249.97607421875,-2284.005126953125,34.02913284301758,0.0,-1962.2720947265625,-2377.111083984375,-2410.56591796875,33.45476531982422,0.0,
283,-1829.8011474609373,-2245.65283203125,-2279.61376953125,33.96099090576172,0.0,-1958.2891845703125,-2372.77734375,-2406.82275390625,34.04547119140625,0.0,-1961.500244140625
284,-1831.540283203125,-2247.362548828125,-2280.551513671875,33.18891525268555,0.0,-1962.2626953125,-2376.5732421875,-2410.35400390625,33.78079605102539,0.0,
285,-1851.072998046875,-2266.76123046875,-2299.83251953125,33.071311950683594,0.0,-1965.6246337890625,-2379.9658203125,-2412.891845703125,32.925907135009766,0.0,
286,-1841.73095703125,-2257.0087890625,-2290.854248046875,33.8454475402832,0.0,-1950.3636474609373,-2364.468505859375,-2397.5859375,33.11735916137695,0.0,-1910.571533203125
287,-1859.1195068359373,-2274.0595703125,-2308.19970703125,34.14006423950195,0.0,-1974.7852783203125,-2388.56103515625,-2422.210205078125,33.64906692504883,0.0,
288,-1853.4552001953125,-2268.1474609375,-2302.431396484375,34.28399658203125,0.0,-1972.9012451171875,-2386.3154296875,-2420.28173828125,33.966407775878906,0.0,
289,-1856.017578125,-2270.5830078125,-2304.387451171875,33.8045654296875,0.0,-1979.864990234375,-2393.06689453125,-2427.011962890625,33.944969177246094,0.0,-2012.636474609375
290,-1856.730224609375,-2271.17333984375,-2304.745849609375,33.572540283203125,0.0,-1976.88818359375,-2389.94580078125,-2423.48681640625,33.54100799560547,0.0,
291,-1847.2991943359373,-2261.395263671875,-2295.513671875,34.11835861206055,0.0,-1980.1881103515625,-2393.049072265625,-2426.52099609375,33.4719352722168,0.0,
292,-1850.7215576171875,-2264.439208984375,-2299.152587890625,34.7132682800293,0.0,-1973.51611328125,-2386.010986328125,-2420.13525390625,34.12425231933594,0.0,
293,-1861.9000244140625,-2275.302001953125,-2310.309814453125,35.00776290893555,0.0,-1984.18212890625,-2396.30517578125,-2431.0361328125,34.73088073730469,0.0,-1977.3699951171875
294,-1865.3306884765625,-2278.705810546875,-2313.116455078125,34.410587310791016,0.0,-1976.5091552734373,-2388.4140625,-2423.087158203125,34.673194885253906,0.0,
295,-1868.0869140625,-2281.5947265625,-2315.0830078125,33.48825454711914,0.0,-2003.282470703125,-2415.233642578125,-2449.1376953125,33.90398406982422,0.0,
296,-1864.37158203125,-2278.012451171875,-2310.4013671875,32.38896560668945,0.0,-2002.703369140625,-2414.83935546875,-2447.59326171875,32.753875732421875,0.0,-2020.4171142578125
297,-1877.2264404296875,-2290.493408203125,-2323.6494140625,33.15606689453125,0.0,-2002.0286865234373,-2414.15234375,-2446.337158203125,32.184791564941406,0.0,
298,-1870.003173828125,-2282.766845703125,-2317.253662109375,34.48683166503906,0.0,-1999.3656005859373,-2411.01416015625,-2444.2978515625,33.28373336791992,0.0,
299,-1878.236328125,-2290.7548828125,-2325.481689453125,34.72673797607422,0.0,-1989.520263671875,-2400.716552734375,-2435.162109375,34.44548034667969,0.0,-2010.4593505859373
300,-1880.70068359375,-2293.29052734375,-2327.213134765625,33.92254638671875,0.0,-2010.258544921875,-2421.21875,-2455.86865234375,34.650020599365234,0.0,
301,-1880.0340576171875,-2292.704345703125,-2325.635986328125,32.931575775146484,0.0,-2002.58837890625,-2413.68408203125,-2447.2236328125,33.53947830200195,0.0,
302,-1872.900390625,-2285.508056640625,-2318.046875,32.53880310058594,0.0,-2014.59814453125,-2425.693359375,-2458.527587890625,32.83414840698242,0.0,
303,-1891.1256103515625,-2303.593994140625,-2336.172119140625,32.578025817871094,0.0,-2001.838623046875,-2412.859375,-2445.3857421875,32.52631759643555,0.0,-2013.75439453125
304,-1878.582275390625,-2290.61865234375,-2324.315185546875,33.69646453857422,0.0,-2007.95703125,-2418.760498046875,-2451.587646484375,32.827030181884766,0.0,
305,-1885.2220458984373,-2296.830322265625,-2331.77978515625,34.94935989379883,0.0,-2015.9248046875,-2426.249755859375,-2460.45751953125,34.20771408081055,0.0,
306,-1883.2294921875,-2294.595458984375,-2329.87890625,35.28349304199219,0.0,-2019.83935546875,-2429.827880859375,-2464.826171875,34.99822998046875,0.0,-2013.5230712890625
307,-1884.305419921875,-2295.787841796875,-2329.965576171875,34.177791595458984,0.0,-2026.2313232421875,-2436.09228515625,-2470.99267578125,34.90035629272461,0.0,
308,-1833.192138671875,-2244.74658203125,-2277.701171875,32.954689025878906,0.0,-2016.91064453125,-2426.90478515625,-2460.569580078125,33.664913177490234,0.0,
309,-1880.05908203125,-2291.39599609375,-2324.73291015625,33.33687973022461,0.0,-1979.27490234375,-2389.319091796875,-2421.974609375,32.65543365478516,0.0,-2000.711181640625
310,-1854.725341796875,-2265.662109375,-2299.895263671875,34.2330322265625,0.0,-2009.01806640625,-2418.779541015625,-2452.03564453125,33.256221771240234,0.0,
311,-1877.2083740234373,-2287.662109375,-2323.33544921875,35.67341613769531,0.0,-1997.7200927734373,-2407.025634765625,-2441.41455078125,34.38901901245117,0.0,
312,-1876.07373046875,-2286.366455078125,-2322.13916015625,35.77280044555664,0.0,-2018.3118896484373,-2427.220947265625,-2462.752685546875,35.53183364868164,0.0,
313,-1907.5262451171875,-2317.827880859375,-2352.85400390625,35.026065826416016,0.0,-2029.2957763671875,-2438.114501953125,-2473.461669921875,35.34716033935547,0.0,-2018.60546875
314,-1903.7923583984373,-2314.136474609375,-2348.419189453125,34.28276443481445,0.0,-2033.5792236328125,-2442.371337890625,-2477.08251953125,34.71109771728516,0.0,
315,-1888.5924072265625,-2298.939208984375,-2332.73876953125,33.79964828491211,0.0,-2037.576416015625,-2446.40576171875,-2480.42431640625,34.018489837646484,0.0,
316,-1896.233154296875,-2306.427001953125,-2340.072509765625,33.64561462402344,0.0,-2040.77880859375,-2449.5546875,-2483.298095703125,33.74351501464844,0.0,-2051.562744140625
317,-1898.9390869140625,-2309.036865234375,-2342.7919921875,33.75508117675781,0.0,-2045.9154052734373,-2454.533203125,-2488.24560546875,33.71244430541992,0.0,
318,-1900.5982666015625,-2310.5546875,-2344.323486328125,33.76884841918945,0.0,-2042.05517578125,-2450.58984375,-2484.253173828125,33.66331481933594,0.0,
319,-1903.84765625,-2313.63720703125,-2347.646728515625,34.009620666503906,0.0,-2037.28564453125,-2445.6533203125,-2479.450927734375,33.79759216308594,0.0,-1958.1976318359373
320,-1913.2216796875,-2322.880615234375,-2357.116943359375,34.236351013183594,0.0,-2045.95556640625,-2454.169677734375,-2488.2607421875,34.091182708740234,0.0,
321,-1906.091064453125,-2315.70751953125,-2349.364990234375,33.657554626464844,0.0,-2054.846435546875,-2462.8720703125,-2497.262451171875,34.39039611816406,0.0,
322,-1896.2110595703125,-2305.83349609375,-2339.226806640625,33.39335632324219,0.0,-2048.8818359375,-2456.9755859375,-2490.45556640625,33.48007583618164,0.0,
323,-1924.005615234375,-2333.4970703125,-2367.001708984375,33.50453567504883,0.0,-2061.364501953125,-2469.400390625,-2502.700927734375,33.30063247680664,0.0,-2045.4288330078125
324,-1931.052490234375,-2340.426513671875,-2374.141357421875,33.71472930908203,0.0,-2061.903564453125,-2469.808349609375,-2503.39208984375,33.58369064331055,0.0,
325,-1928.5135498046875,-2337.799560546875,-2371.55712890625,33.7576789855957,0.0,-2062.849609375,-2470.62548828125,-2504.368408203125,33.74287033081055,0.0,
326,-1934.0831298828125,-2343.22998046875,-2377.027099609375,33.797149658203125,0.0,-2071.158935546875,-2478.882568359375,-2512.521240234375,33.6385612487793,0.0,-2076.029296875
327,-1919.8018798828125,-2328.809326171875,-2362.7314453125,33.92204284667969,0.0,-2066.543701171875,-2474.063720703125,-2508.001220703125,33.937442779541016,0.0,
328,-1939.4176025390625,-2348.3330078125,-2382.068115234375,33.73518753051758,0.0,-2070.373291015625,-2477.847412109375,-2511.508544921875,33.66122817993164,0.0,
329,-1933.0380859375,-2341.90283203125,-2375.212890625,33.31016540527344,0.0,-2076.07470703125,-2483.45849609375,-2516.90869140625,33.450172424316406,0.0,-2064.32666015625
330,-1912.98681640625,-2321.72265625,-2355.058349609375,33.33565139770508,0.0,-2071.295654296875,-2478.5478515625,-2511.9697265625,33.42191696166992,0.0,
331,-1924.7884521484373,-2333.348876953125,-2366.5810546875,33.232154846191406,0.0,-2076.380615234375,-2483.4990234375,-2516.859130859375,33.360191345214844,0.0,
332,-1925.60888671875,-2333.976318359375,-2367.537841796875,33.56153869628906,0.0,-2062.03076171875,-2468.971923828125,-2502.376220703125,33.40427017211914,0.0,
333,-1924.52783203125,-2332.700439453125,-2366.34521484375,33.64488220214844,0.0,-2066.31201171875,-2473.021728515625,-2506.842041015625,33.820281982421875,0.0,-2089.1171875
334,-1924.7147216796875,-2332.73828125,-2366.40478515625,33.6666145324707,0.0,-2076.148193359375,-2482.63671875,-2516.77392578125,34.137298583984375,0.0,
335,-1926.6832275390625,-2334.59521484375,-2368.29443359375,33.699275970458984,0.0,-2061.157958984375,-2467.536376953125,-2501.56494140625,34.02867889404297,0.0,
336,-1928.9268798828125,-2336.723876953125,-2370.160400390625,33.4366340637207,0.0,-2071.850830078125,-2478.122314453125,-2511.996826171875,33.874549865722656,0.0,-2065.422119140625
337,-1924.74658203125,-2332.3955078125,-2365.997802734375,33.6022834777832,0.0,-2080.21435546875,-2486.364013671875,-2520.067626953125,33.70372009277344,0.0,
338,-1923.734375,-2331.13134765625,-2365.096923828125,33.96548080444336,0.0,-2076.1787109375,-2482.1650390625,-2516.117431640625,33.952392578125,0.0,
339,-1922.5423583984373,-2329.8701171875,-2363.59521484375,33.72499084472656,0.0,-2080.73974609375,-2486.5302734375,-2520.600830078125,34.07059097290039,0.0,-2097.81591796875
340,-1924.8895263671875,-2332.101318359375,-2365.879638671875,33.778297424316406,0.0,-2080.0791015625,-2485.8271484375,-2519.4423828125,33.615333557128906,0.0,
341,-1909.787353515625,-2316.784423828125,-2350.859130859375,34.07480239868164,0.0,-2085.221923828125,-2490.82666015625,-2524.59228515625,33.765567779541016,0.0,
342,-1916.6019287109373,-2323.448974609375,-2357.87353515625,34.42464065551758,0.0,-2077.010498046875,-2482.427978515625,-2516.46240234375,34.03447341918945,0.0,
343,-1929.000732421875,-2335.800537109375,-2369.96240234375,34.16178131103516,0.0,-2081.873046875,-2487.120361328125,-2521.431884765625,34.31161117553711,0.0,-2094.87939453125
344,-1927.41259765625,-2334.103759765625,-2367.789306640625,33.68546295166016,0.0,-2091.509033203125,-2496.713134765625,-2530.699951171875,33.986907958984375,0.0,
345,-1914.037841796875,-2320.62841796875,-2354.609130859375,33.98080062866211,0.0,-2082.318603515625,-2487.3935546875,-2520.99658203125,33.6031494140625,0.0,
346,-1942.0858154296875,-2348.50146484375,-2382.6123046875,34.11089324951172,0.0,-2092.475830078125,-2497.4169921875,-2531.50244140625,34.0854377746582,0.0,-2089.89013671875
347,-1905.64013671875,-2312.01953125,-2346.046630859375,34.02703094482422,0.0,-2076.45947265625,-2481.2666015625,-2515.37158203125,34.10502243041992,0.0,
348,-1919.6351318359373,-2325.870849609375,-2359.97705078125,34.10614013671875,0.0,-2052.96533203125,-2457.68505859375,-2491.698486328125,34.01335525512695,0.0,
349,-1936.46533203125,-2342.632080078125,-2376.9375,34.305416107177734,0.0,-2079.843994140625,-2484.442138671875,-2518.805419921875,34.36319732666016,0.0,-2088.91162109375
350,-1949.8648681640625,-2355.965087890625,-2390.1337890625,34.1688117980957,0.0,-2106.328125,-2510.849365234375,-2545.0869140625,34.23751449584961,0.0,
351,-1934.9168701171875,-2340.9765625,-2375.1181640625,34.141693115234375,0.0,-2104.8125,-2509.27734375,-2543.386962890625,34.10963821411133,0.0,
352,-1937.4755859375,-2343.3427734375,-2377.75830078125,34.41560363769531,0.0,-2096.568603515625,-2500.998291015625,-2535.0400390625,34.041786193847656,0.0,
353,-1960.4150390625,-2366.239013671875,-2400.309326171875,34.070247650146484,0.0,-2106.667236328125,-2510.91650390625,-2545.166015625,34.24939727783203,0.0,-2085.85009765625
354,-1941.1951904296875,-2346.9833984375,-2380.744140625,33.76082992553711,0.0,-2100.137939453125,-2504.35791015625,-2538.358154296875,34.00022888183594,0.0,
355,-1943.3355712890625,-2349.007568359375,-2382.5126953125,33.50518798828125,0.0,-2113.307861328125,-2517.48974609375,-2551.054443359375,33.564598083496094,0.0,
356,-1924.4981689453125,-2330.040771484375,-2364.096435546875,34.05558013916016,0.0,-2116.953369140625,-2521.041259765625,-2554.4638671875,33.42272186279297,0.0,-2133.859130859375
357,-1948.58056640625,-2354.02880859375,-2388.408935546875,34.38019561767578,0.0,-2078.7138671875,-2482.6201171875,-2516.828125,34.20808410644531,0.0,
358,-1961.6417236328125,-2366.997802734375,-2401.554443359375,34.556583404541016,0.0,-2084.465087890625,-2488.328369140625,-2522.612548828125,34.284088134765625,0.0,
359,-1944.3616943359373,-2349.611083984375,-2384.073974609375,34.4627799987793,0.0,-2104.468505859375,-2508.229248046875,-2542.502197265625,34.272945404052734,0.0,-2100.46728515625
360,-1949.2894287109373,-2354.52197265625,-2388.788330078125,34.266326904296875,0.0,-2093.310546875,-2497.00341796875,-2531.096435546875,34.09307861328125,0.0,
361,-1956.98828125,-2362.17724609375,-2395.994140625,33.81681823730469,0.0,-2095.123046875,-2498.804931640625,-2532.5498046875,33.7448844909668,0.0,
362,-1963.6395263671875,-2368.754638671875,-2402.571533203125,33.81681823730469,0.0,-2104.153564453125,-2507.78173828125,-2541.055419921875,33.273681640625,0.0,
363,-1950.2049560546875,-2355.20703125,-2389.62939453125,34.42233657836914,0.0,-2113.87060546875,-2517.38623046875,-2551.333251953125,33.947059631347656,0.0,-2133.73291015625
364,-1955.3109130859373,-2360.159912109375,-2394.7802734375,34.62034225463867,0.0,-2121.837646484375,-2525.198974609375,-2559.71826171875,34.5192756652832,0.0,
365,-1959.602783203125,-2364.44140625,-2398.7900390625,34.34865951538086,0.0,-2117.467041015625,-2520.76025390625,-2555.156005859375,34.39582061767578,0.0,
366,-1956.91015625,-2361.692138671875,-2395.568115234375,33.87608337402344,0.0,-2128.673828125,-2531.91845703125,-2565.987548828125,34.06919479370117,0.0,-2125.662109375
367,-1982.346923828125,-2387.12744140625,-2420.375244140625,33.247711181640625,0.0,-2132.876953125,-2536.100341796875,-2569.69140625,33.591148376464844,0.0,
368,-1965.9578857421875,-2370.67626953125,-2404.083740234375,33.40738296508789,0.0,-2146.8369140625,-2550.001220703125,-2583.257568359375,33.256343841552734,0.0,
369,-1980.3018798828125,-2384.900634765625,-2418.55322265625,33.65270233154297,0.0,-2140.716064453125,-2543.802734375,-2577.375244140625,33.57244110107422,0.0,-2154.65673828125
370,-1923.868408203125,-2328.397705078125,-2362.06201171875,33.66420364379883,0.0,-2134.430908203125,-2537.4248046875,-2570.947509765625,33.522823333740234,0.0,
371,-1959.756103515625,-2364.11767578125,-2397.9677734375,33.84999084472656,0.0,-2132.531005859375,-2535.451171875,-2568.895751953125,33.444583892822266,0.0,
372,-1929.3419189453125,-2333.678955078125,-2367.50146484375,33.822486877441406,0.0,-2124.905029296875,-2527.663818359375,-2561.475830078125,33.812007904052734,0.0,
373,-1980.156494140625,-2384.348388671875,-2417.63037109375,33.28190231323242,0.0,-2112.38623046875,-2515.108154296875,-2548.5927734375,33.484718322753906,0.0,-2106.179443359375
374,-1980.08203125,-2384.2021484375,-2417.3212890625,33.11906814575195,0.0,-2136.26953125,-2538.833984375,-2572.046875,33.2129020690918,0.0,
375,-1970.8228759765625,-2374.834716796875,-2408.208984375,33.37430953979492,0.0,-2137.130615234375,-2539.65185546875,-2572.707763671875,33.05592346191406,0.0,
376,-1951.6302490234373,-2355.5537109375,-2389.423095703125,33.869327545166016,0.0,-2140.412353515625,-2542.78515625,-2576.328857421875,33.54377746582031,0.0,-2159.358642578125
377,-1973.44677734375,-2377.25048828125,-2411.184326171875,33.933780670166016,0.0,-2139.552001953125,-2541.88037109375,-2575.75,33.869651794433594,0.0,
378,-1958.8779296875,-2362.601318359375,-2395.9814453125,33.380008697509766,0.0,-2142.21240234375,-2544.40185546875,-2578.328857421875,33.926902770996094,0.0,
379,-1961.315673828125,-2364.94384765625,-2398.27734375,33.33350372314453,0.0,-2127.34765625,-2529.452880859375,-2563.04248046875,33.58959197998047,0.0,-2098.35986328125
380,-1978.7547607421875,-2382.25390625,-2415.815673828125,33.561763763427734,0.0,-2135.943359375,-2537.932861328125,-2571.57568359375,33.64278793334961,0.0,
381,-1945.796875,-2349.198486328125,-2383.3076171875,34.10918045043945,0.0,-2142.12255859375,-2544.0029296875,-2577.934814453125,33.93183517456055,0.0,
382,-1943.45263671875,-2346.740478515625,-2380.7998046875,34.05940628051758,0.0,-2136.466796875,-2538.2421875,-2572.517333984375,34.275146484375,0.0,
383,-1967.7947998046875,-2371.075439453125,-2405.114501953125,34.03902816772461,0.0,-2128.816650390625,-2530.516845703125,-2564.876953125,34.3600959777832,0.0,-2114.718017578125
384,-1989.5103759765625,-2392.669677734375,-2426.440185546875,33.770469665527344,0.0,-2148.24169921875,-2549.887451171875,-2584.055419921875,34.16801834106445,0.0,
385,-2010.95068359375,-2414.071533203125,-2447.4560546875,33.3845329284668,0.0,-2162.401123046875,-2563.975830078125,-2597.73486328125,33.75914001464844,0.0,
386,-1982.44091796875,-2385.547119140625,-2418.998046875,33.450950622558594,0.0,-2179.62060546875,-2581.180908203125,-2614.58837890625,33.40743637084961,0.0,-2170.98583984375
387,-1988.4356689453125,-2391.486572265625,-2425.2373046875,33.750694274902344,0.0,-2176.630126953125,-2578.15869140625,-2611.7041015625,33.54547500610352,0.0,
388,-1971.337158203125,-2374.317138671875,-2408.054931640625,33.73788070678711,0.0,-2168.408447265625,-2569.8740234375,-2603.675048828125,33.80104064941406,0.0,
389,-1980.981689453125,-2383.883056640625,-2417.297607421875,33.41466522216797,0.0,-2145.013427734375,-2546.419677734375,-2580.192138671875,33.77238464355469,0.0,-2144.673095703125
390,-1973.115966796875,-2375.915771484375,-2409.152099609375,33.236412048339844,0.0,-2151.26953125,-2552.575927734375,-2586.065673828125,33.48975372314453,0.0,
391,-2004.014892578125,-2406.669921875,-2439.86376953125,33.19377136230469,0.0,-2159.6328125,-2560.85546875,-2594.119140625,33.26367950439453,0.0,
392,-1984.8863525390625,-2387.435302734375,-2421.18408203125,33.7487907409668,0.0,-2165.8916015625,-2566.970947265625,-2600.37548828125,33.404510498046875,0.0,
393,-1992.62255859375,-2395.11767578125,-2429.266845703125,34.149261474609375,0.0,-2166.939697265625,-2567.919921875,-2601.8896484375,33.969818115234375,0.0,-2171.755615234375
394,-1996.5740966796875,-2398.955810546875,-2433.10107421875,34.14521789550781,0.0,-2173.414794921875,-2574.353271484375,-2608.56494140625,34.21175765991211,0.0,
395,-1983.15380859375,-2385.47998046875,-2419.571533203125,34.09153747558594,0.0,-2170.70947265625,-2571.532470703125,-2605.5517578125,34.019371032714844,0.0,
396,-1969.5323486328125,-2371.759521484375,-2405.37255859375,33.613059997558594,0.0,-2178.2373046875,-2578.99560546875,-2612.88916015625,33.8934440612793,0.0,-2193.217041015625
397,-1980.80859375,-2383.0,-2416.279541015625,33.27945327758789,0.0,-2168.82373046875,-2569.475341796875,-2602.73388671875,33.25861740112305,0.0,
398,-1996.622314453125,-2398.7119140625,-2432.433837890625,33.72185516357422,0.0,-2149.4228515625,-2550.074951171875,-2583.302734375,33.22781753540039,0.0,
399,-1998.90283203125,-2400.93798828125,-2434.96728515625,34.02934646606445,0.0,-2169.873291015625,-2570.37548828125,-2604.150146484375,33.77459716796875,0.0,-2128.5888671875
400,-1997.668701171875,-2399.56298828125,-2433.59912109375,34.03604507446289,0.0,-2186.66650390625,-2587.121826171875,-2621.16845703125,34.04658126831055,0.0,
401,-2008.115478515625,-2409.895751953125,-2444.23779296875,34.34202194213867,0.0,-2180.949951171875,-2581.21240234375,-2615.2666015625,34.05411529541016,0.0,
402,-2004.92236328125,-2406.577880859375,-2440.439697265625,33.86193084716797,0.0,-2183.865234375,-2584.005615234375,-2617.95263671875,33.94693756103516,0.0,
403,-1979.6383056640625,-2381.191162109375,-2414.497802734375,33.30662155151367,0.0,-2203.3369140625,-2603.34521484375,-2636.77685546875,33.431640625,0.0,-2222.947509765625
404,-2001.890625,-2403.289306640625,-2436.30517578125,33.015865325927734,0.0,-2188.137939453125,-2588.0302734375,-2620.81494140625,32.78459930419922,0.0,
405,-2006.8695068359373,-2408.12841796875,-2441.910888671875,33.782508850097656,0.0,-2181.910400390625,-2581.67041015625,-2614.565185546875,32.894813537597656,0.0,
406,-1997.27783203125,-2398.415283203125,-2432.73095703125,34.31562042236328,0.0,-2194.01171875,-2593.61181640625,-2627.25830078125,33.646446228027344,0.0,-2177.82275390625
407,-1988.843505859375,-2389.7451171875,-2423.489013671875,33.74386978149414,0.0,-2199.336669921875,-2598.786376953125,-2632.86962890625,34.08332061767578,0.0,
408,-1989.177490234375,-2389.9580078125,-2423.13916015625,33.1812744140625,0.0,-2190.744384765625,-2590.007568359375,-2623.4267578125,33.41910171508789,0.0,
409,-1979.2916259765625,-2379.87939453125,-2413.556640625,33.67733383178711,0.0,-2194.214111328125,-2593.32275390625,-2626.733642578125,33.41092300415039,0.0,-2204.02978515625
410,-1977.2821044921875,-2377.655029296875,-2411.557861328125,33.902854919433594,0.0,-2199.289306640625,-2598.23876953125,-2632.168212890625,33.92948913574219,0.0,
411,-1966.00244140625,-2366.30029296875,-2400.55126953125,34.25108337402344,0.0,-2189.486083984375,-2588.21875,-2622.23291015625,34.01420211791992,0.0,
412,-2002.0926513671875,-2402.138671875,-2436.34228515625,34.2037239074707,0.0,-2151.72607421875,-2550.360107421875,-2584.5751953125,34.21506881713867,0.0,
413,-2009.2303466796875,-2409.09130859375,-2442.9560546875,33.864837646484375,0.0,-2169.526611328125,-2567.91552734375,-2601.85888671875,33.943294525146484,0.0,-2186.715576171875
414,-2001.6929931640625,-2401.40185546875,-2434.602783203125,33.2010383605957,0.0,-2185.33642578125,-2583.546875,-2616.9853515625,33.438533782958984,0.0,
415,-2017.158935546875,-2416.73291015625,-2450.5546875,33.821712493896484,0.0,-2188.81005859375,-2586.888671875,-2620.06982421875,33.18119430541992,0.0,
416,-2024.12158203125,-2423.55029296875,-2458.2529296875,34.70255661010742,0.0,-2203.734619140625,-2601.670654296875,-2635.858642578125,34.188072204589844,0.0,-2218.311767578125
417,-2028.09765625,-2427.374755859375,-2461.90087890625,34.52623748779297,0.0,-2201.93896484375,-2599.726806640625,-2634.349609375,34.62290573120117,0.0,
418,-2017.169189453125,-2416.317626953125,-2450.0361328125,33.71849822998047,0.0,-2207.989013671875,-2605.617919921875,-2639.738037109375,34.120025634765625,0.0,
419,-2033.731689453125,-2432.717529296875,-2465.914794921875,33.19717788696289,0.0,-2213.29638671875,-2610.78076171875,-2644.465087890625,33.684444427490234,0.0,-2190.1708984375
420,-2039.021484375,-2437.89453125,-2471.629638671875,33.73505401611328,0.0,-2225.424560546875,-2622.767333984375,-2656.069091796875,33.30169677734375,0.0,
421,-2011.5355224609373,-2410.2900390625,-2444.824951171875,34.53489685058594,0.0,-2220.05615234375,-2617.2783203125,-2651.431640625,34.153228759765625,0.0,
422,-2016.474365234375,-2415.1630859375,-2449.53759765625,34.374515533447266,0.0,-2220.677734375,-2617.77099609375,-2652.513916015625,34.74296951293945,0.0,
423,-2023.3111572265625,-2421.843017578125,-2455.303466796875,33.460567474365234,0.0,-2218.02099609375,-2615.046630859375,-2649.294921875,34.24819564819336,0.0,-2205.96142578125
424,-2026.7470703125,-2425.215576171875,-2458.54541015625,33.32973098754883,0.0,-2234.467529296875,-2631.343017578125,-2664.811767578125,33.468841552734375,0.0,
425,-2032.8546142578125,-2431.15576171875,-2464.7060546875,33.55020904541016,0.0,-2240.438720703125,-2637.232421875,-2670.566162109375,33.333683013916016,0.0,
426,-2024.9207763671875,-2423.157470703125,-2457.544921875,34.38753890991211,0.0,-2225.201416015625,-2621.846435546875,-2655.459716796875,33.61330032348633,0.0,-2231.38916015625
427,-2042.281494140625,-2440.3720703125,-2475.611572265625,35.2395133972168,0.0,-2228.14404296875,-2624.71533203125,-2659.313232421875,34.59801483154297,0.0,
428,-2037.231201171875,-2435.252197265625,-2470.0048828125,34.752689361572266,0.0,-2235.452392578125,-2631.88818359375,-2666.955078125,35.066932678222656,0.0,
429,-2034.33154296875,-2432.1845703125,-2465.832763671875,33.64827346801758,0.0,-2225.77392578125,-2622.107666015625,-2656.607666015625,34.49999237060547,0.0,-2194.75537109375
430,-2014.81005859375,-2412.5732421875,-2445.7578125,33.18456268310547,0.0,-2222.483642578125,-2618.6943359375,-2652.27294921875,33.5786018371582,0.0,
431,-2014.6904296875,-2412.326171875,-2445.9365234375,33.61041641235352,0.0,-2228.208251953125,-2624.3125,-2657.767578125,33.45518112182617,0.0,
432,-2029.2611083984373,-2426.79052734375,-2460.778564453125,33.98796081542969,0.0,-2224.293701171875,-2620.255859375,-2653.95947265625,33.70359802246094,0.0,
433,-2030.303955078125,-2427.712158203125,-2462.149658203125,34.43742752075195,0.0,-2217.82177734375,-2613.70947265625,-2647.840087890625,34.13059997558594,0.0,-2240.9814453125
434,-2033.2158203125,-2430.46630859375,-2464.30908203125,33.842674255371094,0.0,-2230.990478515625,-2626.71826171875,-2661.0859375,34.36771011352539,0.0,
435,-2018.915283203125,-2415.976806640625,-2449.7392578125,33.76250457763672,0.0,-2222.9951171875,-2618.586181640625,-2652.492919921875,33.90665435791016,0.0,
436,-2003.7105712890625,-2400.624755859375,-2434.489501953125,33.8647346496582,0.0,-2232.632080078125,-2628.037109375,-2661.7705078125,33.73349380493164,0.0,-2256.55517578125
437,-2020.15966796875,-2416.84912109375,-2450.46875,33.61966323852539,0.0,-2218.237548828125,-2613.497802734375,-2647.262939453125,33.76514434814453,0.0,
438,-2016.350341796875,-2412.891357421875,-2445.9658203125,33.07448196411133,0.0,-2224.886962890625,-2619.926513671875,-2653.293701171875,33.367225646972656,0.0,
439,-2029.9044189453125,-2426.27392578125,-2459.6572265625,33.38339614868164,0.0,-2219.066650390625,-2613.969482421875,-2646.95947265625,32.98992156982422,0.0,-2239.224365234375
440,-2021.5958251953125,-2417.843994140625,-2452.3515625,34.50768280029297,0.0,-2225.01025390625,-2619.715576171875,-2653.332763671875,33.61713409423828,0.0,
441,-1985.7669677734373,-2381.896240234375,-2416.694091796875,34.79774475097656,0.0,-2218.569580078125,-2613.167724609375,-2647.8076171875,34.639888763427734,0.0,
442,-2030.441162109375,-2426.36474609375,-2460.13671875,33.77203750610352,0.0,-2223.32275390625,-2617.767578125,-2652.687744140625,34.920249938964844,0.0,
443,-2038.80859375,-2434.589599609375,-2467.1318359375,32.54217529296875,0.0,-2233.4912109375,-2627.746826171875,-2661.31201171875,33.56513595581055,0.0,-2244.349609375
444,-1982.3648681640625,-2378.008544921875,-2411.164306640625,33.1558723449707,0.0,-2239.205810546875,-2633.293701171875,-2666.00830078125,32.71470642089844,0.0,
445,-2030.4730224609373,-2425.939453125,-2459.86279296875,33.92338562011719,0.0,-2210.139404296875,-2604.10205078125,-2637.558837890625,33.4566650390625,0.0,
446,-2024.449462890625,-2419.739990234375,-2454.375,34.63505935668945,0.0,-2234.651611328125,-2628.4150390625,-2662.850830078125,34.43582534790039,0.0,-2225.029296875
447,-2037.3582763671875,-2432.4970703125,-2467.482666015625,34.98561477661133,0.0,-2215.88623046875,-2609.498046875,-2644.2978515625,34.799774169921875,0.0,
448,-2028.4232177734373,-2423.419189453125,-2458.27978515625,34.860538482666016,0.0,-2238.6005859375,-2632.061767578125,-2667.069091796875,35.007347106933594,0.0,
449,-2038.0697021484373,-2432.977783203125,-2467.03564453125,34.05782699584961,0.0,-2239.306396484375,-2632.638427734375,-2667.236572265625,34.59807586669922,0.0,-2140.235595703125
450,-2048.56787109375,-2443.341552734375,-2477.34375,34.00215148925781,0.0,-2262.42626953125,-2655.656982421875,-2689.804443359375,34.14738845825195,0.0,
451,-2044.12890625,-2438.783447265625,-2473.046630859375,34.263084411621094,0.0,-2252.114013671875,-2645.239013671875,-2679.419189453125,34.180076599121094,0.0,
452,-2035.147705078125,-2429.749267578125,-2464.558349609375,34.80900955200195,0.0,-2256.503662109375,-2649.5126953125,-2683.9638671875,34.451175689697266,0.0,
453,-2039.0224609375,-2433.487060546875,-2467.97998046875,34.492881774902344,0.0,-2253.367431640625,-2646.312255859375,-2681.027587890625,34.71527862548828,0.0,-2230.5263671875
454,-2053.879638671875,-2448.29052734375,-2482.170166015625,33.8796501159668,0.0,-2255.79833984375,-2648.63134765625,-2682.9755859375,34.3441162109375,0.0,
455,-2061.425537109375,-2455.717041015625,-2489.551513671875,33.834529876708984,0.0,-2271.19677734375,-2663.9453125,-2697.748291015625,33.803001403808594,0.0,
456,-2042.9007568359373,-2437.14501953125,-2471.32861328125,34.18362045288086,0.0,-2262.751708984375,-2655.405517578125,-2689.49609375,34.09062957763672,0.0,-2291.865478515625
457,-2024.8917236328125,-2418.984130859375,-2453.933349609375,34.94915771484375,0.0,-2262.933349609375,-2655.52001953125,-2689.95458984375,34.43455123901367,0.0,
458,-2009.208740234375,-2403.2724609375,-2438.72998046875,35.457462310791016,0.0,-2264.111328125,-2656.55908203125,-2691.7333984375,35.174373626708984,0.0,
459,-2056.883544921875,-2450.790771484375,-2485.96142578125,35.170536041259766,0.0,-2241.3427734375,-2633.739013671875,-2669.30615234375,35.56712341308594,0.0,-2255.77685546875
460,-2008.218017578125,-2402.0703125,-2436.71240234375,34.642189025878906,0.0,-2231.705078125,-2623.96484375,-2659.195068359375,35.230308532714844,0.0,
461,-2039.913330078125,-2433.614501953125,-2467.814697265625,34.20030975341797,0.0,-2254.978759765625,-2647.15478515625,-2681.814208984375,34.659400939941406,0.0,
462,-2039.9925537109373,-2433.605224609375,-2468.099609375,34.494503021240234,0.0,-2267.315673828125,-2659.360595703125,-2693.982421875,34.62190246582031,0.0,
463,-2057.590087890625,-2451.074462890625,-2485.301025390625,34.226524353027344,0.0,-2266.4521484375,-2658.387939453125,-2693.04736328125,34.659332275390625,0.0,-2249.18701171875
464,-2052.91845703125,-2446.413330078125,-2480.90576171875,34.49247360229492,0.0,-2276.181640625,-2668.0107421875,-2702.337890625,34.32712173461914,0.0,
465,-2050.29443359375,-2443.62255859375,-2478.22265625,34.60009002685547,0.0,-2264.812744140625,-2656.60205078125,-2691.362548828125,34.76048278808594,0.0,
466,-2028.790771484375,-2422.00927734375,-2456.8798828125,34.87070083618164,0.0,-2269.77001953125,-2661.4345703125,-2696.179443359375,34.74494171142578,0.0,-2267.067626953125
467,-2046.671630859375,-2439.745849609375,-2474.978759765625,35.23287582397461,0.0,-2251.7763671875,-2643.29638671875,-2678.2109375,34.9144401550293,0.0,
468,-2067.24462890625,-2460.21484375,-2494.8388671875,34.62393569946289,0.0,-2287.60498046875,-2679.021484375,-2714.234619140625,35.21305084228516,0.0,
469,-2057.798095703125,-2450.634521484375,-2484.91259765625,34.27806854248047,0.0,-2286.17919921875,-2677.46533203125,-2711.9384765625,34.47318649291992,0.0,-2305.99169921875
470,-2057.600341796875,-2450.27783203125,-2484.3525390625,34.074729919433594,0.0,-2275.69921875,-2666.8740234375,-2701.12255859375,34.248634338378906,0.0,
471,-2062.325927734375,-2454.89599609375,-2489.572509765625,34.67658233642578,0.0,-2271.97802734375,-2662.995361328125,-2697.491455078125,34.49608612060547,0.0,
472,-2034.78466796875,-2427.236083984375,-2462.435791015625,35.19975662231445,0.0,-2274.901123046875,-2665.795654296875,-2700.946533203125,35.150978088378906,0.0,
473,-2056.478271484375,-2448.7587890625,-2483.650634765625,34.89189147949219,0.0,-2256.5751953125,-2647.343505859375,-2682.7373046875,35.39372634887695,0.0,-2271.57421875
474,-2033.8516845703125,-2425.976806640625,-2460.20166015625,34.224857330322266,0.0,-2285.982177734375,-2676.596923828125,-2711.65576171875,35.05880355834961,0.0,
475,-2010.4893798828125,-2402.530029296875,-2435.955322265625,33.425254821777344,0.0,-2266.34521484375,-2656.826416015625,-2691.178466796875,34.352142333984375,0.0,
476,-2037.48095703125,-2429.36669921875,-2462.802001953125,33.43528366088867,0.0,-2256.277587890625,-2646.658935546875,-2680.1240234375,33.46520233154297,0.0,-2246.489990234375
477,-2041.8072509765625,-2433.5673828125,-2468.00537109375,34.4381103515625,0.0,-2254.848388671875,-2645.10888671875,-2679.215087890625,34.10618591308594,0.0,
478,-2026.9033203125,-2418.548095703125,-2453.4248046875,34.876609802246094,0.0,-2271.14794921875,-2661.265869140625,-2696.22900390625,34.963077545166016,0.0,
479,-2036.286865234375,-2427.865478515625,-2462.36669921875,34.5011100769043,0.0,-2267.87939453125,-2657.9169921875,-2693.224853515625,35.30793762207031,0.0,-2310.4482421875
480,-2050.370361328125,-2441.895751953125,-2475.73046875,33.83466339111328,0.0,-2275.149169921875,-2665.0751953125,-2699.806884765625,34.73180389404297,0.0,
481,-2053.628173828125,-2445.03271484375,-2478.470703125,33.43809509277344,0.0,-2265.67333984375,-2655.55859375,-2689.433837890625,33.87519454956055,0.0,
482,-2022.5115966796875,-2413.871826171875,-2447.915283203125,34.04356384277344,0.0,-2276.720458984375,-2666.458984375,-2700.0810546875,33.62198638916016,0.0,
483,-2060.815673828125,-2451.995849609375,-2486.5361328125,34.54022216796875,0.0,-2284.61181640625,-2674.2900390625,-2708.69970703125,34.409706115722656,0.0,-2306.16748046875
484,-2039.1533203125,-2430.27734375,-2464.773193359375,34.49584197998047,0.0,-2295.684814453125,-2685.208251953125,-2720.0693359375,34.861167907714844,0.0,
485,-2033.650146484375,-2424.6552734375,-2459.3251953125,34.669918060302734,0.0,-2266.875244140625,-2656.300537109375,-2691.03173828125,34.73109817504883,0.0,
486,-2053.795654296875,-2444.72216796875,-2479.51123046875,34.7891845703125,0.0,-2254.99951171875,-2644.318603515625,-2679.1337890625,34.81513214111328,0.0,-2232.991455078125
487,-2061.68212890625,-2452.474365234375,-2487.280517578125,34.80620193481445,0.0,-2258.110595703125,-2647.34423828125,-2682.46826171875,35.123992919921875,0.0,
488,-2062.72607421875,-2453.4033203125,-2487.98193359375,34.57851028442383,0.0,-2288.73388671875,-2677.8251953125,-2712.76513671875,34.939849853515625,0.0,
489,-2015.9501953125,-2406.556640625,-2440.916259765625,34.35968017578125,0.0,-2287.294677734375,-2676.2802734375,-2711.14453125,34.864349365234375,0.0,-2275.70361328125
490,-2022.9166259765625,-2413.3740234375,-2447.604736328125,34.2308235168457,0.0,-2274.589599609375,-2663.504638671875,-2697.9248046875,34.42009735107422,0.0,
491,-2043.134765625,-2433.483154296875,-2468.064697265625,34.581485748291016,0.0,-2263.07177734375,-2651.83203125,-2686.49072265625,34.65871810913086,0.0,
492,-2064.19677734375,-2454.432861328125,-2489.146728515625,34.71381759643555,0.0,-2281.440673828125,-2670.09765625,-2704.947509765625,34.84992599487305,0.0,
493,-2052.63720703125,-2442.830322265625,-2477.370361328125,34.539981842041016,0.0,-2289.752197265625,-2678.299072265625,-2713.26904296875,34.970069885253906,0.0,-2310.97412109375
494,-2077.283203125,-2467.27783203125,-2501.64892578125,34.3712158203125,0.0,-2296.104248046875,-2684.59619140625,-2719.23876953125,34.642669677734375,0.0,
495,-2054.2412109375,-2444.218505859375,-2478.68359375,34.46501541137695,0.0,-2298.44873046875,-2686.7626953125,-2721.320068359375,34.55740737915039,0.0,
496,-2061.48681640625,-2451.277587890625,-2485.938232421875,34.66054153442383,0.0,-2309.33740234375,-2697.594482421875,-2732.538330078125,34.943946838378906,0.0,-2335.676025390625
497,-2049.32470703125,-2439.080078125,-2473.729736328125,34.64977264404297,0.0,-2300.801513671875,-2688.909912109375,-2723.831298828125,34.921382904052734,0.0,
498,-2061.26123046875,-2450.859619140625,-2485.879638671875,35.02001190185547,0.0,-2299.224609375,-2687.266357421875,-2722.253173828125,34.98693084716797,0.0,
499,-2053.826171875,-2443.38232421875,-2478.21044921875,34.82813262939453,0.0,-2318.24853515625,-2706.14404296875,-2741.739990234375,35.59598159790039,0.0,-2272.9072265625
500,-2056.3564453125,-2445.8154296875,-2479.95458984375,34.13923645019531,0.0,-2308.345458984375,-2696.202392578125,-2731.4091796875,35.20685195922852,0.0,
501,-2047.5980224609373,-2437.0107421875,-2470.8515625,33.840763092041016,0.0,-2285.3837890625,-2673.15087890625,-2707.600830078125,34.44992446899414,0.0,
502,-2063.8544921875,-2453.131591796875,-2487.106201171875,33.974693298339844,0.0,-2296.6708984375,-2684.37841796875,-2718.736083984375,34.35764694213867,0.0,
503,-2069.53662109375,-2458.71142578125,-2493.5302734375,34.81893539428711,0.0,-2282.945556640625,-2670.53076171875,-2705.063720703125,34.53289031982422,0.0,-2300.748779296875
504,-2026.706298828125,-2415.76611328125,-2451.730712890625,35.964630126953125,0.0,-2292.69140625,-2680.171142578125,-2715.41796875,35.24674224853516,0.0,
505,-2031.0606689453125,-2419.96142578125,-2456.110107421875,36.14857864379883,0.0,-2305.939697265625,-2693.29931640625,-2729.485595703125,36.186317443847656,0.0,
506,-1996.62841796875,-2385.502197265625,-2421.19970703125,35.69744873046875,0.0,-2279.661865234375,-2666.8984375,-2703.117431640625,36.21904754638672,0.0,-2283.54736328125
507,-2061.807373046875,-2450.529541015625,-2485.608154296875,35.078548431396484,0.0,-2254.703369140625,-2641.87158203125,-2677.606689453125,35.73517608642578,0.0,
508,-2041.9163818359373,-2430.642578125,-2465.379150390625,34.7366828918457,0.0,-2296.2646484375,-2683.345458984375,-2718.506103515625,35.16075134277344,0.0,
509,-2098.1962890625,-2486.8154296875,-2521.2734375,34.45802307128906,0.0,-2286.88916015625,-2673.896240234375,-2708.68115234375,34.78497695922852,0.0,-2290.720947265625
510,-2094.8408203125,-2483.4111328125,-2518.14404296875,34.732845306396484,0.0,-2318.18408203125,-2705.12890625,-2739.856201171875,34.7274055480957,0.0,
511,-2063.390625,-2451.9140625,-2486.4326171875,34.5186653137207,0.0,-2327.072265625,-2713.928955078125,-2748.814208984375,34.885223388671875,0.0,
512,-2065.109619140625,-2453.61962890625,-2488.1337890625,34.51409912109375,0.0,-2327.870849609375,-2714.690185546875,-2749.431884765625,34.74174499511719,0.0,
513,-2073.013427734375,-2461.4619140625,-2496.83251953125,35.37059020996094,0.0,-2321.97900390625,-2708.755126953125,-2743.631591796875,34.876495361328125,0.0,-2333.15869140625
514,-2060.45263671875,-2448.749755859375,-2484.72998046875,35.980228424072266,0.0,-2316.06787109375,-2702.77783203125,-2738.69970703125,35.921844482421875,0.0,
515,-2055.906982421875,-2444.13818359375,-2479.712158203125,35.573978424072266,0.0,-2323.87939453125,-2710.4462890625,-2746.849609375,36.40322494506836,0.0,
516,-2061.639404296875,-2449.753173828125,-2484.283935546875,34.53076171875,0.0,-2313.5673828125,-2700.04931640625,-2735.828857421875,35.779441833496094,0.0,-2336.44580078125
517,-2086.5625,-2474.58251953125,-2508.3779296875,33.79548645019531,0.0,-2308.6474609375,-2695.03662109375,-2729.943359375,34.90670394897461,0.0,
518,-2078.89892578125,-2466.81689453125,-2500.764404296875,33.94755172729492,0.0,-2330.6083984375,-2716.885009765625,-2751.241455078125,34.35651397705078,0.0,
519,-2090.870361328125,-2478.614990234375,-2513.431396484375,34.81652069091797,0.0,-2330.442626953125,-2716.60400390625,-2751.30810546875,34.70407485961914,0.0,-2288.947998046875
520,-2072.14990234375,-2459.830810546875,-2495.4423828125,35.61166763305664,0.0,-2321.326416015625,-2707.338623046875,-2742.791259765625,35.45272445678711,0.0,
521,-2054.75390625,-2442.29052734375,-2478.385009765625,36.094505310058594,0.0,-2314.195556640625,-2700.135009765625,-2736.3515625,36.21646499633789,0.0,
522,-2086.099609375,-2473.53759765625,-2509.228759765625,35.691131591796875,0.0,-2322.837646484375,-2708.65234375,-2744.878173828125,36.225921630859375,0.0,
523,-2009.8363037109373,-2397.21044921875,-2432.4521484375,35.241661071777344,0.0,-2303.392333984375,-2689.11279296875,-2724.936767578125,35.82406997680664,0.0,-2338.50244140625
524,-2087.49755859375,-2474.759765625,-2509.562744140625,34.802940368652344,0.0,-2323.82080078125,-2709.4453125,-2744.857177734375,35.41193771362305,0.0,
525,-2065.148681640625,-2452.309814453125,-2487.01953125,34.70967102050781,0.0,-2322.780517578125,-2708.3271484375,-2743.247802734375,34.92072677612305,0.0,
526,-2048.1640625,-2435.267578125,-2469.711669921875,34.44411849975586,0.0,-2319.212890625,-2704.65283203125,-2739.5849609375,34.932186126708984,0.0,-2325.698486328125
527,-2050.52587890625,-2437.493896484375,-2471.71923828125,34.22523880004883,0.0,-2317.998779296875,-2703.372314453125,-2738.166748046875,34.794551849365234,0.0,
528,-2060.848388671875,-2447.734130859375,-2482.383056640625,34.64898681640625,0.0,-2312.35205078125,-2697.599609375,-2732.094482421875,34.4949951171875,0.0,
529,-2017.437744140625,-2404.166259765625,-2439.8193359375,35.65299606323242,0.0,-2319.527587890625,-2704.6494140625,-2739.789794921875,35.14031219482422,0.0,-2260.291015625
530,-2048.900146484375,-2435.561767578125,-2471.249755859375,35.68795394897461,0.0,-2304.055419921875,-2689.077392578125,-2725.18505859375,36.10757064819336,0.0,
531,-2089.68212890625,-2476.1953125,-2511.52880859375,35.33357238769531,0.0,-2299.56396484375,-2684.477783203125,-2720.37548828125,35.89765548706055,0.0,
532,-2057.2490234375,-2443.680419921875,-2478.260009765625,34.579566955566406,0.0,-2329.7822265625,-2714.592529296875,-2750.131591796875,35.5390510559082,0.0,
533,-2062.648681640625,-2448.983154296875,-2483.143310546875,34.16007995605469,0.0,-2324.647216796875,-2709.334716796875,-2744.231689453125,34.89702606201172,0.0,-2309.84814453125
534,-2070.660400390625,-2456.86376953125,-2491.411376953125,34.54751205444336,0.0,-2321.601806640625,-2706.200439453125,-2740.75830078125,34.5579719543457,0.0,
535,-2078.539794921875,-2464.664306640625,-2499.970703125,35.30629348754883,0.0,-2337.427001953125,-2721.885498046875,-2757.00048828125,35.1149787902832,0.0,
536,-2076.077392578125,-2462.106689453125,-2497.44677734375,35.34014892578125,0.0,-2337.353515625,-2721.76513671875,-2757.697998046875,35.93284225463867,0.0,-2340.38525390625
537,-2054.232666015625,-2440.20654296875,-2474.74951171875,34.54307556152344,0.0,-2320.092529296875,-2704.395263671875,-2740.107666015625,35.71239471435547,0.0,
538,-2053.478515625,-2439.24267578125,-2472.95556640625,33.71284103393555,0.0,-2328.2021484375,-2712.43408203125,-2747.332275390625,34.89828109741211,0.0,
539,-2063.3828125,-2449.05712890625,-2483.128173828125,34.07097625732422,0.0,-2317.809814453125,-2701.852783203125,-2736.15185546875,34.29914093017578,0.0,-2348.65576171875
540,-2095.71728515625,-2481.234375,-2515.873291015625,34.63888168334961,0.0,-2322.533203125,-2706.458984375,-2741.129150390625,34.6700439453125,0.0,
541,-2044.0267333984373,-2429.468994140625,-2465.70556640625,36.23646926879883,0.0,-2326.44384765625,-2710.27490234375,-2746.08642578125,35.811431884765625,0.0,
542,-2091.188720703125,-2476.541259765625,-2513.10107421875,36.55979537963867,0.0,-2325.531494140625,-2709.249267578125,-2746.007568359375,36.75831604003906,0.0,
543,-2098.99267578125,-2484.24072265625,-2519.977294921875,35.736602783203125,0.0,-2348.68701171875,-2732.31787109375,-2769.26953125,36.951541900634766,0.0,-2372.930908203125
544,-2107.899169921875,-2493.058349609375,-2527.238037109375,34.17973327636719,0.0,-2349.864013671875,-2733.396240234375,-2769.40087890625,36.00454330444336,0.0,
545,-2089.138671875,-2474.22705078125,-2507.56396484375,33.3370361328125,0.0,-2349.825927734375,-2733.273193359375,-2767.664306640625,34.39106750488281,0.0,
546,-2081.643310546875,-2466.697998046875,-2500.614501953125,33.916481018066406,0.0,-2346.068359375,-2729.441650390625,-2763.30615234375,33.864540100097656,0.0,-2328.560302734375
547,-2086.85009765625,-2471.8134765625,-2507.38720703125,35.57376480102539,0.0,-2337.074951171875,-2720.433837890625,-2755.35205078125,34.91825866699219,0.0,
548,-2049.89306640625,-2434.729248046875,-2470.94091796875,36.21177291870117,0.0,-2349.125,-2732.34228515625,-2768.700927734375,36.35869216918945,0.0,
549,-2081.480224609375,-2466.179931640625,-2501.815185546875,35.635135650634766,0.0,-2340.63525390625,-2723.75732421875,-2760.55322265625,36.79587173461914,0.0,-2366.498291015625
550,-2098.051513671875,-2482.699951171875,-2517.138671875,34.43867874145508,0.0,-2336.2041015625,-2719.22607421875,-2755.005859375,35.779727935791016,0.0,
551,-2069.3056640625,-2453.900146484375,-2487.79248046875,33.892433166503906,0.0,-2361.749267578125,-2744.701904296875,-2779.361572265625,34.659690856933594,0.0,
552,-2085.792724609375,-2470.286376953125,-2505.118408203125,34.831939697265625,0.0,-2361.8017578125,-2744.6962890625,-2779.2763671875,34.58018493652344,0.0,
553,-2085.8330078125,-2470.276611328125,-2505.6826171875,35.4059944152832,0.0,-2347.403564453125,-2730.21142578125,-2765.7587890625,35.547325134277344,0.0,-2360.618896484375
554,-2097.306640625,-2481.677001953125,-2517.260498046875,35.58360290527344,0.0,-2358.779052734375,-2741.511474609375,-2777.263427734375,35.75193405151367,0.0,
555,-2085.4658203125,-2469.794189453125,-2504.724609375,34.93044662475586,0.0,-2368.8681640625,-2751.543212890625,-2787.354248046875,35.81100082397461,0.0,
556,-2118.601806640625,-2502.745361328125,-2537.22021484375,34.47489929199219,0.0,-2357.015869140625,-2739.581787109375,-2774.505615234375,34.9237174987793,0.0,-2356.28955078125
557,-2057.9755859375,-2442.057861328125,-2476.900390625,34.84253692626953,0.0,-2363.743408203125,-2746.185546875,-2781.212890625,35.027305603027344,0.0,
558,-2035.7135009765625,-2419.64208984375,-2455.034423828125,35.39240646362305,0.0,-2339.425048828125,-2721.75244140625,-2757.329833984375,35.57746505737305,0.0,
559,-2050.078369140625,-2433.927490234375,-2469.308349609375,35.38096618652344,0.0,-2302.76611328125,-2684.99755859375,-2720.814208984375,35.81660079956055,0.0,-2338.1337890625
560,-2074.04541015625,-2457.80224609375,-2493.113525390625,35.3114013671875,0.0,-2328.23095703125,-2710.347900390625,-2746.309814453125,35.96187210083008,0.0,
561,-2051.25244140625,-2434.872314453125,-2470.046875,35.1745719909668,0.0,-2341.82373046875,-2723.841796875,-2759.685546875,35.84373092651367,0.0,
562,-2038.634033203125,-2422.166015625,-2457.041748046875,34.87572479248047,0.0,-2345.529296875,-2727.425048828125,-2762.93994140625,35.51488494873047,0.0,
563,-2079.547607421875,-2463.0322265625,-2498.1328125,35.10069274902344,0.0,-2330.016357421875,-2711.828125,-2747.23046875,35.40227127075195,0.0,-2357.10107421875
564,-2053.89501953125,-2437.201171875,-2472.58251953125,35.38142776489258,0.0,-2341.587890625,-2723.310791015625,-2758.71728515625,35.40647888183594,0.0,
565,-2064.662109375,-2447.949951171875,-2483.756103515625,35.80617141723633,0.0,-2350.32958984375,-2731.922607421875,-2767.72021484375,35.79751968383789,0.0,
566,-2043.216064453125,-2426.364501953125,-2462.208984375,35.84446334838867,0.0,-2308.501953125,-2690.05078125,-2726.06005859375,36.009246826171875,0.0,-2284.0888671875
567,-2061.85791015625,-2444.98583984375,-2480.31396484375,35.32822036743164,0.0,-2322.27392578125,-2703.70654296875,-2739.86865234375,36.16216659545898,0.0,
568,-2072.057373046875,-2455.018310546875,-2489.6298828125,34.61163330078125,0.0,-2345.96337890625,-2727.334228515625,-2762.8984375,35.564170837402344,0.0,
569,-2097.528564453125,-2480.496826171875,-2514.81396484375,34.31715774536133,0.0,-2365.681396484375,-2746.943115234375,-2781.944091796875,35.00089645385742,0.0,-2313.718994140625
570,-2079.495361328125,-2462.31494140625,-2496.8447265625,34.52970123291016,0.0,-2373.87060546875,-2755.0869140625,-2789.850830078125,34.76393127441406,0.0,
571,-2084.369873046875,-2467.151123046875,-2501.739013671875,34.587928771972656,0.0,-2378.0166015625,-2759.1181640625,-2794.317626953125,35.19940185546875,0.0,
572,-2044.5738525390625,-2427.287841796875,-2462.044921875,34.757171630859375,0.0,-2346.310791015625,-2727.392578125,-2762.248779296875,34.85615158081055,0.0,
573,-2074.455322265625,-2457.08203125,-2492.37353515625,35.291500091552734,0.0,-2357.42626953125,-2738.38232421875,-2773.666259765625,35.28398513793945,0.0,-2355.546630859375
574,-2098.348388671875,-2480.849609375,-2516.7333984375,35.88370513916016,0.0,-2341.45361328125,-2722.346435546875,-2758.125,35.77853012084961,0.0,
575,-2081.168212890625,-2463.6201171875,-2499.87744140625,36.2573471069336,0.0,-2353.4384765625,-2734.1806640625,-2770.607177734375,36.42660903930664,0.0,
576,-2106.96826171875,-2489.384765625,-2525.08203125,35.69737243652344,0.0,-2368.8486328125,-2749.581298828125,-2786.0888671875,36.50748443603516,0.0,-2361.298095703125
577,-2125.940673828125,-2508.32177734375,-2543.526123046875,35.20429611206055,0.0,-2377.948974609375,-2758.620361328125,-2794.517822265625,35.89745330810547,0.0,
578,-2129.41845703125,-2511.787353515625,-2546.578369140625,34.79098129272461,0.0,-2393.637451171875,-2774.259521484375,-2809.51611328125,35.2567024230957,0.0,
579,-2104.869384765625,-2487.179931640625,-2521.76318359375,34.58332443237305,0.0,-2409.7958984375,-2790.406982421875,-2825.2548828125,34.84796524047852,0.0,-2371.5302734375
580,-2117.69580078125,-2499.990234375,-2535.28125,35.2911376953125,0.0,-2362.745361328125,-2743.309326171875,-2778.32958984375,35.02016830444336,0.0,
581,-2076.661865234375,-2458.885009765625,-2494.370361328125,35.48531723022461,0.0,-2372.826416015625,-2753.331787109375,-2789.079345703125,35.747528076171875,0.0,
582,-2094.8671875,-2477.00634765625,-2512.15673828125,35.15042495727539,0.0,-2376.331298828125,-2756.767578125,-2792.659912109375,35.89239501953125,0.0,
583,-2107.6220703125,-2489.591064453125,-2523.846923828125,34.25590515136719,0.0,-2384.30126953125,-2764.655029296875,-2799.94140625,35.28648376464844,0.0,-2380.022216796875
584,-2056.23388671875,-2438.15087890625,-2472.16650390625,34.01565933227539,0.0,-2350.489990234375,-2730.695068359375,-2765.0400390625,34.34489440917969,0.0,
585,-2063.448974609375,-2445.255615234375,-2480.198486328125,34.942955017089844,0.0,-2348.22607421875,-2728.329833984375,-2762.66552734375,34.33576965332031,0.0,
586,-2063.28466796875,-2444.97412109375,-2480.85302734375,35.87897872924805,0.0,-2373.086669921875,-2753.11474609375,-2788.34423828125,35.229469299316406,0.0,-2371.573486328125
587,-2071.29541015625,-2452.830322265625,-2489.5751953125,36.74491882324219,0.0,-2354.093994140625,-2733.9658203125,-2770.17626953125,36.21051025390625,0.0,
588,-2091.65771484375,-2473.14501953125,-2510.008056640625,36.86304473876953,0.0,-2364.302978515625,-2744.065185546875,-2780.96826171875,36.90302658081055,0.0,
589,-2067.05712890625,-2448.381103515625,-2484.556640625,36.17547607421875,0.0,-2378.69580078125,-2758.36669921875,-2795.416015625,37.04923629760742,0.0,-2354.8662109375
590,-2085.580810546875,-2466.8681640625,-2502.142822265625,35.27473068237305,0.0,-2370.8486328125,-2750.3955078125,-2786.40771484375,36.01210021972656,0.0,
591,-2074.663818359375,-2455.865478515625,-2490.69921875,34.83364486694336,0.0,-2352.206787109375,-2731.69482421875,-2766.802978515625,35.108036041259766,0.0,
592,-2088.9033203125,-2470.02099609375,-2505.31982421875,35.29877853393555,0.0,-2358.77392578125,-2738.192138671875,-2773.25341796875,35.06118392944336,0.0,
593,-2082.255859375,-2463.30908203125,-2498.9326171875,35.6236457824707,0.0,-2372.520263671875,-2751.830810546875,-2787.542236328125,35.711448669433594,0.0,-2375.5166015625
594,-2105.995849609375,-2486.954833984375,-2522.76171875,35.8068962097168,0.0,-2393.66943359375,-2772.8994140625,-2808.739990234375,35.84046936035156,0.0,
595,-2075.369873046875,-2456.279052734375,-2491.745361328125,35.46624755859375,0.0,-2382.71923828125,-2761.880126953125,-2798.093505859375,36.21337127685547,0.0,
596,-2099.421142578125,-2480.22021484375,-2515.078857421875,34.85870742797852,0.0,-2381.41357421875,-2760.515625,-2796.14453125,35.62894821166992,0.0,-2365.33935546875
597,-2023.240234375,-2404.013916015625,-2438.818115234375,34.804283142089844,0.0,-2369.793701171875,-2748.80859375,-2784.09521484375,35.28668212890625,0.0,
598,-2101.531005859375,-2482.2001953125,-2517.8076171875,35.6072998046875,0.0,-2390.780517578125,-2769.7412109375,-2805.32177734375,35.580570220947266,0.0,
599,-2042.02880859375,-2422.719970703125,-2458.953857421875,36.23399353027344,0.0,-2381.93115234375,-2760.8408203125,-2797.261962890625,36.42122650146485,0.0,-2394.4853515625
600,-2024.175537109375,-2404.848876953125,-2441.491455078125,36.64255142211914,0.0,-2307.1318359375,-2686.0263671875,-2722.7333984375,36.70705795288086,0.0,
601,-2047.7833251953125,-2428.297607421875,-2464.667236328125,36.36970901489258,0.0,-2361.17431640625,-2740.02685546875,-2777.173095703125,37.14628982543945,0.0,
602,-2023.8929443359373,-2404.388671875,-2439.787109375,35.39835357666016,0.0,-2357.12890625,-2735.841552734375,-2772.403564453125,36.56201934814453,0.0,
603,-2070.742431640625,-2451.0615234375,-2485.837890625,34.776390075683594,0.0,-2358.850830078125,-2737.483154296875,-2772.772705078125,35.28963088989258,0.0,-2326.41162109375
604,-2049.502685546875,-2429.74755859375,-2464.432861328125,34.68537139892578,0.0,-2353.62060546875,-2732.113037109375,-2767.130126953125,35.017112731933594,0.0,
605,-2070.77880859375,-2450.94970703125,-2486.220947265625,35.271217346191406,0.0,-2348.27001953125,-2726.666748046875,-2761.94482421875,35.27812576293945,0.0,
606,-2041.00244140625,-2421.06005859375,-2457.0390625,35.97888946533203,0.0,-2355.113525390625,-2733.423583984375,-2769.231689453125,35.80806350708008,0.0,-2387.99560546875
607,-2040.274169921875,-2420.267578125,-2456.5341796875,36.26671600341797,0.0,-2365.77001953125,-2743.98974609375,-2780.447998046875,36.45826721191406,0.0,
608,-2029.362060546875,-2409.2041015625,-2444.95556640625,35.75152969360352,0.0,-2358.46533203125,-2736.584716796875,-2773.331787109375,36.7469596862793,0.0,
609,-2016.7672119140625,-2396.552490234375,-2432.306640625,35.75403594970703,0.0,-2345.12890625,-2723.143798828125,-2759.25146484375,36.10773468017578,0.0,-2348.521240234375
610,-2087.420654296875,-2467.104248046875,-2502.846923828125,35.742794036865234,0.0,-2371.55810546875,-2749.4697265625,-2785.73193359375,36.26223373413086,0.0,
611,-2027.84765625,-2407.5126953125,-2443.427490234375,35.914695739746094,0.0,-2390.229736328125,-2768.109375,-2804.296142578125,36.186668395996094,0.0,
612,-2074.539306640625,-2454.15087890625,-2490.288818359375,36.1378288269043,0.0,-2387.53515625,-2765.356201171875,-2801.718505859375,36.36222457885742,0.0,
613,-2060.41064453125,-2439.9677734375,-2476.295166015625,36.32731246948242,0.0,-2399.519287109375,-2777.33251953125,-2813.870361328125,36.53781127929688,0.0,-2384.070068359375
614,-2072.93408203125,-2452.505859375,-2488.219970703125,35.714141845703125,0.0,-2388.849609375,-2766.5908203125,-2803.20703125,36.61621856689453,0.0,
615,-2034.6021728515625,-2414.0751953125,-2449.26806640625,35.19282150268555,0.0,-2390.65673828125,-2768.398193359375,-2804.328125,35.92988967895508,0.0,
616,-2028.9241943359373,-2408.38818359375,-2443.62060546875,35.23251724243164,0.0,-2356.660400390625,-2734.311767578125,-2770.072021484375,35.76018524169922,0.0,-2379.554443359375
617,-2066.612548828125,-2445.9990234375,-2481.202392578125,35.203453063964844,0.0,-2367.37548828125,-2745.032470703125,-2780.822021484375,35.78961563110352,0.0,
618,-2063.237060546875,-2442.573974609375,-2478.08837890625,35.5144157409668,0.0,-2368.62548828125,-2746.169189453125,-2781.8076171875,35.6384162902832,0.0,
619,-2081.065185546875,-2460.23828125,-2496.11083984375,35.8726806640625,0.0,-2385.696044921875,-2763.183837890625,-2799.400146484375,36.21635055541992,0.0,-2430.55810546875
620,-2106.812744140625,-2485.94140625,-2521.6611328125,35.71973419189453,0.0,-2365.638427734375,-2743.000732421875,-2779.535400390625,36.53474426269531,0.0,
621,-2084.35009765625,-2463.37646484375,-2499.28466796875,35.90808868408203,0.0,-2377.368408203125,-2754.692138671875,-2790.80517578125,36.113075256347656,0.0,
622,-2076.55419921875,-2455.507080078125,-2491.47021484375,35.96308898925781,0.0,-2386.407958984375,-2763.630859375,-2800.195068359375,36.56425476074219,0.0,
623,-2076.716552734375,-2455.58154296875,-2491.053955078125,35.47234344482422,0.0,-2392.064697265625,-2769.225830078125,-2805.54736328125,36.32150650024414,0.0,-2408.929931640625
