target,regulator,weight,jacobian,prior_supported,experimental_support,abs_weight
fli1a,elf1,-4.0059323,-8.765663,True,NOT_CHECKED,4.0059323
tcf12,hoxa9a,-3.8137221,-4.6774535,True,NOT_CHECKED,3.8137221
col15a1b,hoxa2b,-3.7124295,-0.6262334,True,NOT_CHECKED,3.7124295
tubb5,egr3,-3.389239,-3.6036587,True,NOT_CHECKED,3.389239
bach2b,bhlhe40,-3.239825,-14.2127285,True,NOT_CHECKED,3.239825
etv5b,mitfa,-3.2188,-5.823544,True,NOT_CHECKED,3.2188
sox9b,rxraa,-3.2091126,-4.8680916,True,NOT_CHECKED,3.2091126
hmmr,tfec,-3.0868752,-1.9426576,True,NOT_CHECKED,3.0868752
slc39a14,jun,-2.9940007,-1.5083839,True,NOT_CHECKED,2.9940007
tfap2e,tead3b,-2.97969,-2.8262217,True,NOT_CHECKED,2.97969
hpca,alx4a,-2.9518814,-2.0355735,True,NOT_CHECKED,2.9518814
col15a1b,nr2f6b,-2.9448016,-0.49674565,True,NOT_CHECKED,2.9448016
hspb1,jun,-2.9201238,-1.4747878,True,NOT_CHECKED,2.9201238
efna3b,sox9b,2.916845,3.2158887,True,NOT_CHECKED,2.916845
cdc14b,tfeb,-2.8861475,-3.7525046,True,NOT_CHECKED,2.8861475
CABZ01061591.1,tfap2a,-2.827641,-1.620677,True,NOT_CHECKED,2.827641
esm1,twist3,2.8217854,3.25809,True,NOT_CHECKED,2.8217854
hpcal4,elf1,-2.8048317,-2.8616374,True,NOT_CHECKED,2.8048317
shmt1,tfap2a,-2.7850041,-1.5918641,True,NOT_CHECKED,2.7850041
f11r.1,ebf1b,-2.7684379,-2.250638,True,NOT_CHECKED,2.7684379
elf1,fli1a,-2.7660353,-4.825843,True,NOT_CHECKED,2.7660353
cdh1,bach2b,-2.7639172,-1.9130278,True,NOT_CHECKED,2.7639172
kirrel3l,alx4a,-2.7638333,-4.465449,True,NOT_CHECKED,2.7638333
tmem110l,tead3b,-2.7608259,-2.171015,True,NOT_CHECKED,2.7608259
rgs2,zeb1b,-2.753148,-2.422782,True,NOT_CHECKED,2.753148
col4a6,rxraa,-2.7526104,-2.139914,True,NOT_CHECKED,2.7526104
bhlhe40,ebf3a,-2.7525954,-2.7896705,True,NOT_CHECKED,2.7525954
ctns,tfap2e,2.73795,2.4236825,True,NOT_CHECKED,2.73795
top2a,tfec,-2.7361403,-2.7249663,True,NOT_CHECKED,2.7361403
snai1a,tfap2a,-2.7185118,-2.5262077,True,NOT_CHECKED,2.7185118
dusp2,hoxb1a,2.7179315,1.1196022,True,NOT_CHECKED,2.7179315
cxxc4,tead1b,-2.7045286,-0.84788287,True,NOT_CHECKED,2.7045286
bicc1a,fli1a,-2.6898072,-3.0564394,True,NOT_CHECKED,2.6898072
nid2a,mitfa,-2.688187,-2.2317772,True,NOT_CHECKED,2.688187
egr2b,msx1b,-2.6800976,-2.8327458,True,NOT_CHECKED,2.6800976
cx43.4,mitfa,-2.6650243,-4.622384,True,NOT_CHECKED,2.6650243
col7a1l,nr2f6b,-2.6639726,-2.167369,True,NOT_CHECKED,2.6639726
afap1l1a,hnf1bb,2.6614048,1.7068502,True,NOT_CHECKED,2.6614048
tlcd2,tfap2a,-2.6590993,-1.7324598,True,NOT_CHECKED,2.6590993
tdh,bhlhe41,2.6476202,4.0939217,True,NOT_CHECKED,2.6476202
dacha,pbx1a,2.6431918,1.5877962,True,NOT_CHECKED,2.6431918
prkceb,klf15,-2.6421597,-3.2859416,True,NOT_CHECKED,2.6421597
dusp5,elf1,-2.6289861,-1.6457325,True,NOT_CHECKED,2.6289861
ccny,klf15,-2.6284838,-1.9109335,True,NOT_CHECKED,2.6284838
si:ch211-263k4.2,hoxa2b,2.6272209,1.9236928,True,NOT_CHECKED,2.6272209
foxo1a,klf15,-2.6269393,-1.5854241,True,NOT_CHECKED,2.6269393
tmem108,otx2b,2.615682,2.457556,True,NOT_CHECKED,2.615682
keap1a,ebf1b,-2.6154299,-2.071074,True,NOT_CHECKED,2.6154299
fzd3a,rxraa,-2.6120396,-2.2862253,True,NOT_CHECKED,2.6120396
atp2b4,tead3b,-2.609479,-0.6635729,True,NOT_CHECKED,2.609479
cdh7a,sox9b,2.6072748,2.0256538,True,NOT_CHECKED,2.6072748
galt,bhlhe40,2.6050165,3.9111984,True,NOT_CHECKED,2.6050165
bmper,tead1b,-2.6022549,-2.8433592,True,NOT_CHECKED,2.6022549
col15a1b,fli1a,-2.6018353,-0.4388922,True,NOT_CHECKED,2.6018353
tuba8l4,elf1,-2.601309,-1.8223991,True,NOT_CHECKED,2.601309
nr4a3,otx2b,2.5940845,2.690894,True,NOT_CHECKED,2.5940845
mfap2,tfap2a,-2.5932221,-2.0922723,True,NOT_CHECKED,2.5932221
amotl2a,mitfa,-2.5843954,-4.6141925,True,NOT_CHECKED,2.5843954
mthfd1l,ebf3a,-2.5799735,-3.6602933,True,NOT_CHECKED,2.5799735
ptprn2,otx2b,2.5751262,3.1902595,True,NOT_CHECKED,2.5751262
metrn,elf1,-2.5703294,-2.1363394,True,NOT_CHECKED,2.5703294
hspb1,jdp2b,-2.5586078,-1.2922068,True,NOT_CHECKED,2.5586078
tfap2a,ebf3a,-2.5538404,-12.809648,True,NOT_CHECKED,2.5538404
nfe2l2a,jdp2b,-2.5470243,-2.199933,True,NOT_CHECKED,2.5470243
tle3a,snai1a,2.5457802,2.350199,True,NOT_CHECKED,2.5457802
myo10l1,alx4a,-2.5436127,-2.5119681,True,NOT_CHECKED,2.5436127
kifap3a,snai1a,2.5286486,2.4274466,True,NOT_CHECKED,2.5286486
pdzrn3b,msx1b,-2.5224442,-3.9656703,True,NOT_CHECKED,2.5224442
sypl2b,klf15,2.522297,1.8810062,True,NOT_CHECKED,2.522297
gnav1,snai1a,2.508722,2.4622173,True,NOT_CHECKED,2.508722
nagk,fli1a,-2.5052626,-2.3758137,True,NOT_CHECKED,2.5052626
col18a1a,alx4a,-2.5045943,-1.0211362,True,NOT_CHECKED,2.5045943
iqgap1,twist3,2.4989452,2.139018,True,NOT_CHECKED,2.4989452
si:dkey-56m19.5,tfap2a,-2.4936023,-1.5635524,True,NOT_CHECKED,2.4936023
hdlbpa,tfeb,2.474225,2.6307745,True,NOT_CHECKED,2.474225
apoda.1,zeb1b,-2.4621582,-1.4732596,True,NOT_CHECKED,2.4621582
inka1a,elf1,-2.4612787,-2.8812976,True,NOT_CHECKED,2.4612787
tyr,tfeb,-2.4590323,-3.0191197,True,NOT_CHECKED,2.4590323
pole,elf1,-2.4532769,-2.4819565,True,NOT_CHECKED,2.4532769
maff,tfap2a,-2.450926,-2.9112396,True,NOT_CHECKED,2.450926
bhlhe40,bach2b,-2.4446983,-2.4776266,True,NOT_CHECKED,2.4446983
si:dkey-240h12.3,fosl2,-2.4406579,-2.1015697,True,NOT_CHECKED,2.4406579
vasna,jun,-2.4352548,-2.1391041,True,NOT_CHECKED,2.4352548
dusp5,twist1a,-2.4331346,-1.5231303,True,NOT_CHECKED,2.4331346
fmn2a,tfap2e,2.4315147,2.7029445,True,NOT_CHECKED,2.4315147
si:dkey-74k8.3,ebf3a,-2.4307559,-2.7244859,True,NOT_CHECKED,2.4307559
fgfrl1a,tead3b,-2.4248097,-2.4169028,True,NOT_CHECKED,2.4248097
rgs3a,nr2f6b,2.4243193,1.9299978,True,NOT_CHECKED,2.4243193
ednraa,sox10,-2.420998,-1.7086757,True,NOT_CHECKED,2.420998
cdk1,elf1,-2.4192736,-3.4681387,True,NOT_CHECKED,2.4192736
mki67,mitfa,-2.4081042,-3.9107451,True,NOT_CHECKED,2.4081042
krt8,tfap2e,-2.4050353,-3.19926,True,NOT_CHECKED,2.4050353
crlf1a,hoxb9a,2.3950071,1.6399428,True,NOT_CHECKED,2.3950071
ctsla,nr4a2b,2.3906667,1.5457916,True,NOT_CHECKED,2.3906667
ppat,bhlhe41,2.3896065,2.855549,True,NOT_CHECKED,2.3896065
glula,snai1a,2.384039,1.9954493,True,NOT_CHECKED,2.384039
prrx1a,nr2f1b,2.3838315,2.6512132,True,NOT_CHECKED,2.3838315
col18a1a,sox9b,2.372901,0.9674441,True,NOT_CHECKED,2.372901
tuba8l2,hoxb9a,2.3717756,3.1029115,True,NOT_CHECKED,2.3717756
prtfdc1,mitfa,2.3697255,1.3780849,True,NOT_CHECKED,2.3697255
egr2b,ebf3a,-2.3653035,-2.5000222,True,NOT_CHECKED,2.3653035
pdlim4,nr2f5,-2.3607051,-0.7128101,True,NOT_CHECKED,2.3607051
gpm6bb,sox6,-2.355037,-1.5727879,True,NOT_CHECKED,2.355037
rspo3,nr2f6b,-2.351554,-2.9999413,True,NOT_CHECKED,2.351554
slit2,tfap2b,2.345294,3.210758,True,NOT_CHECKED,2.345294
rrbp1b,tfeb,-2.342179,-1.8691633,True,NOT_CHECKED,2.342179
hivep3b,tead3b,-2.3412,-2.1614838,True,NOT_CHECKED,2.3412
tead3b,tfec,-2.3396235,-9.308849,True,NOT_CHECKED,2.3396235
hmgb2a,tfap2e,-2.3346004,-2.5992188,True,NOT_CHECKED,2.3346004
iqsec1b,sox10,-2.3252084,-2.174739,True,NOT_CHECKED,2.3252084
keap1a,egr2b,-2.3122365,-1.830985,True,NOT_CHECKED,2.3122365
col1a2,tead3b,-2.3089154,-1.6000293,True,NOT_CHECKED,2.3089154
dlg1,mitfa,2.3082097,2.5013366,True,NOT_CHECKED,2.3082097
zic2a,tfap2c,-2.3056488,-2.3299694,True,NOT_CHECKED,2.3056488
foxp1a,bhlhe40,-2.3055499,-2.223162,True,NOT_CHECKED,2.3055499
si:dkey-74k8.3,otx2b,2.3054733,2.5840642,True,NOT_CHECKED,2.3054733
tdh,klf15,-2.3032322,-3.5614069,True,NOT_CHECKED,2.3032322
lpar1,tead3b,-2.3018162,-2.2088907,True,NOT_CHECKED,2.3018162
rgl1,sox9b,-2.2969074,-2.0454009,True,NOT_CHECKED,2.2969074
slc45a2,nfe2l2a,-2.2965999,-1.0309187,True,NOT_CHECKED,2.2965999
coro1ca,ebf3a,-2.2885096,-2.9637754,True,NOT_CHECKED,2.2885096
itga5,mitfa,-2.2806923,-3.403454,True,NOT_CHECKED,2.2806923
si:ch73-335l21.1,tfap2a,-2.278999,-1.2983645,True,NOT_CHECKED,2.278999
sema4ba,zeb1b,-2.2768214,-1.5180781,True,NOT_CHECKED,2.2768214
sox9b,alx4a,-2.275715,-3.4521658,True,NOT_CHECKED,2.275715
adamts3,sox10,-2.2740006,-1.5158521,True,NOT_CHECKED,2.2740006
ENSDARG00000070174,elk3,2.2690709,2.7367232,True,NOT_CHECKED,2.2690709
il17rd,sox10,-2.268752,-1.8863984,True,NOT_CHECKED,2.268752
pmp22a,elf1,-2.2673705,-2.3123636,True,NOT_CHECKED,2.2673705
sema3d,hoxa2b,2.2673404,2.1055403,True,NOT_CHECKED,2.2673404
esamb,otx2b,2.2629766,2.527713,True,NOT_CHECKED,2.2629766
zgc:165573,tfap2e,2.2614045,2.6401224,True,NOT_CHECKED,2.2614045
gch2,bach2b,-2.2588325,-1.5320908,True,NOT_CHECKED,2.2588325
msh6,tfec,-2.2578807,-3.5729265,True,NOT_CHECKED,2.2578807
her9,rarga,-2.2570167,-4.029742,True,NOT_CHECKED,2.2570167
rhbdf1a,sox9b,-2.253424,-2.3321805,True,NOT_CHECKED,2.253424
kif26ab,egr2b,2.2518413,1.635356,True,NOT_CHECKED,2.2518413
si:ch211-222l21.1,tfec,-2.251555,-3.4366345,True,NOT_CHECKED,2.251555
sema3d,elf1,-2.2511954,-2.0905476,True,NOT_CHECKED,2.2511954
akr1b1.1,mitfa,2.2510216,2.4939013,True,NOT_CHECKED,2.2510216
ncf4,hoxa9b,2.2480328,2.6071918,True,NOT_CHECKED,2.2480328
kif5c,otx2b,2.2347133,2.3006716,True,NOT_CHECKED,2.2347133
hsh2d,nr2f2,2.2329714,2.6955452,True,NOT_CHECKED,2.2329714
keap1a,hoxa4a,2.2329283,1.7681834,True,NOT_CHECKED,2.2329283
tuba1b,sox9b,-2.22992,-2.1115773,True,NOT_CHECKED,2.22992
ptprub,nr2f6b,-2.2285216,-2.5195625,True,NOT_CHECKED,2.2285216
zgc:171506,e2f7,-2.2277935,-2.3134484,True,NOT_CHECKED,2.2277935
wnt11f2,jun,-2.2275949,-2.3051617,True,NOT_CHECKED,2.2275949
baz1b,elf1,-2.226799,-4.519397,True,NOT_CHECKED,2.226799
qdpra,tfap2a,-2.2182431,-1.8576944,True,NOT_CHECKED,2.2182431
ccdc80l2,alx4b,-2.2134554,-1.5539384,True,NOT_CHECKED,2.2134554
sipa1l2,elf1,-2.2127123,-1.5497646,True,NOT_CHECKED,2.2127123
drd2b,nr2f6b,-2.2101424,-1.799282,True,NOT_CHECKED,2.2101424
tbx15,nr2f1b,-2.2097063,-3.2092378,True,NOT_CHECKED,2.2097063
egr4,tead1b,-2.2078078,-1.9006175,True,NOT_CHECKED,2.2078078
slit2,elf1,-2.2073874,-3.021961,True,NOT_CHECKED,2.2073874
fgf20b,dlx1a,2.203322,2.3821359,True,NOT_CHECKED,2.203322
col1a1a,sox10,-2.1978066,-1.7694744,True,NOT_CHECKED,2.1978066
itga2.1,tfap2a,-2.1974692,-1.5159367,True,NOT_CHECKED,2.1974692
mdga1,nr4a2b,-2.1942358,-2.0496306,True,NOT_CHECKED,2.1942358
nab2,egr2b,2.1924977,2.2457554,True,NOT_CHECKED,2.1924977
si:dkey-106n21.1,mitfa,2.1863167,1.3377501,True,NOT_CHECKED,2.1863167
rab1ab,bach2b,-2.1849198,-1.5597512,True,NOT_CHECKED,2.1849198
col12a1a,hoxb9a,2.1805391,2.660015,True,NOT_CHECKED,2.1805391
megf10,mitfa,2.1786,1.8870064,True,NOT_CHECKED,2.1786
col15a1b,tfap2a,-2.1784153,-0.3674673,True,NOT_CHECKED,2.1784153
six1a,nr2f5,-2.1765378,-1.1056261,True,NOT_CHECKED,2.1765378
dnmt1,elf1,-2.1745298,-4.134604,True,NOT_CHECKED,2.1745298
jcada,sox10,-2.167689,-1.3939328,True,NOT_CHECKED,2.167689
flrt3,egr2b,2.1665504,2.0782416,True,NOT_CHECKED,2.1665504
ccdc80l2,sox10,-2.1623063,-1.5180295,True,NOT_CHECKED,2.1623063
ENSDARG00000053091,sox10,-2.1601055,-1.6658367,True,NOT_CHECKED,2.1601055
prdm1a,zeb1b,-2.1572301,-1.1449693,True,NOT_CHECKED,2.1572301
gadd45bb,tead1b,-2.1568418,-1.1185936,True,NOT_CHECKED,2.1568418
ebf3a,tfap2a,-2.1536875,-0.75139594,True,NOT_CHECKED,2.1536875
fzd3a,elf1,-2.1533613,-1.8847605,True,NOT_CHECKED,2.1533613
galca,bhlhe40,2.1508012,2.329042,True,NOT_CHECKED,2.1508012
nedd4a,ebf3a,-2.1497054,-1.7210444,True,NOT_CHECKED,2.1497054
wnt1,tfap2c,-2.149493,-1.8507757,True,NOT_CHECKED,2.149493
adam10a,tfap2a,-2.149329,-1.4490445,True,NOT_CHECKED,2.149329
ephb3a,tead1b,2.1483285,1.8354101,True,NOT_CHECKED,2.1483285
zic2b,rarga,-2.1459367,-4.114702,True,NOT_CHECKED,2.1459367
rspo3,tbx15,2.1446998,2.7360518,True,NOT_CHECKED,2.1446998
cited4b,sox19a,-2.1434343,-3.1109142,True,NOT_CHECKED,2.1434343
celf5a,otx2b,2.1428583,2.5120225,True,NOT_CHECKED,2.1428583
hmmr,e2f7,-2.1411998,-1.3475175,True,NOT_CHECKED,2.1411998
wnt3,sox9b,2.1409552,3.092802,True,NOT_CHECKED,2.1409552
nhsl2,otx2b,2.1404278,2.880384,True,NOT_CHECKED,2.1404278
tshz3b,hoxb5b,-2.1403456,-2.939424,True,NOT_CHECKED,2.1403456
lamb1a,otx2b,2.1359043,2.3976476,True,NOT_CHECKED,2.1359043
pdia4,nr2f5,-2.1313896,-2.712044,True,NOT_CHECKED,2.1313896
vash2,hoxa4a,2.1312945,2.419291,True,NOT_CHECKED,2.1312945
pah,tfap2a,-2.1305587,-1.500017,True,NOT_CHECKED,2.1305587
ostm1,tfap2b,-2.1290104,-2.7501228,True,NOT_CHECKED,2.1290104
ankrd27,mitfa,2.128335,2.209191,True,NOT_CHECKED,2.128335
fstl1a,sox10,-2.1229591,-1.4968628,True,NOT_CHECKED,2.1229591
atp11a,rxraa,-2.1209648,-1.7589363,True,NOT_CHECKED,2.1209648
slit2,ebf3a,-2.12095,-2.9036262,True,NOT_CHECKED,2.12095
plp2,sox9b,-2.1202662,-1.994039,True,NOT_CHECKED,2.1202662
sertad4,sox10,-2.115833,-2.0015182,True,NOT_CHECKED,2.115833
tjp1a,snai1a,2.1144571,3.3513834,True,NOT_CHECKED,2.1144571
si:ch211-263k4.2,tead3b,-2.1137404,-1.5477144,True,NOT_CHECKED,2.1137404
zgc:110591,tfap2e,2.1136374,1.3699836,True,NOT_CHECKED,2.1136374
ptk2ab,egr2b,2.1132934,2.8585477,True,NOT_CHECKED,2.1132934
itga5,tfap2e,-2.112449,-3.1523862,True,NOT_CHECKED,2.112449
tubb2b,tfec,-2.111852,-3.6024175,True,NOT_CHECKED,2.111852
sema6dl,sox10,-2.1105058,-1.9492671,True,NOT_CHECKED,2.1105058
got2b,sox9b,-2.108584,-2.6061072,True,NOT_CHECKED,2.108584
rspo3,zic4,-2.1055665,-2.6861281,True,NOT_CHECKED,2.1055665
artnb,elk3,-2.1054165,-2.1395383,True,NOT_CHECKED,2.1054165
sema6dl,tfap2e,-2.1021287,-1.9415301,True,NOT_CHECKED,2.1021287
meis3,hoxa2b,2.0992503,3.7199714,True,NOT_CHECKED,2.0992503
ppiab,sox9b,-2.0987158,-2.4795039,True,NOT_CHECKED,2.0987158
pkdccb,tfap2c,-2.0967047,-2.129957,True,NOT_CHECKED,2.0967047
selenoj,klf15,2.0954683,2.709004,True,NOT_CHECKED,2.0954683
si:ch73-335l21.1,elf1,-2.0930924,-1.192452,True,NOT_CHECKED,2.0930924
tuba8l4,nr4a2b,-2.0928757,-1.466206,True,NOT_CHECKED,2.0928757
itga1,tfap2a,-2.0914152,-1.5773131,True,NOT_CHECKED,2.0914152
elovl1b,bach2b,-2.090211,-1.2880367,True,NOT_CHECKED,2.090211
mxi1,twist1b,-2.0873482,-1.7540562,True,NOT_CHECKED,2.0873482
cbfb,tfap2a,-2.0850356,-1.7499877,True,NOT_CHECKED,2.0850356
slc15a2,tead3b,-2.0830135,-1.348662,True,NOT_CHECKED,2.0830135
FP085398.1,mitfa,2.081903,2.341709,True,NOT_CHECKED,2.081903
lmf2b,nr2f5,-2.0796633,-1.2508273,True,NOT_CHECKED,2.0796633
tcf12,zeb1b,2.0738237,2.543503,True,NOT_CHECKED,2.0738237
entpd1,sox10,-2.073606,-1.400147,True,NOT_CHECKED,2.073606
cxadr,tead3b,-2.0718002,-1.2118981,True,NOT_CHECKED,2.0718002
rtn1b,mitfa,2.0706706,2.0721533,True,NOT_CHECKED,2.0706706
kntc1,elf1,-2.070302,-2.8766425,True,NOT_CHECKED,2.070302
serpine1,tfap2a,-2.0699039,-1.2258102,True,NOT_CHECKED,2.0699039
npc2,bhlhe40,2.0666325,0.92444843,True,NOT_CHECKED,2.0666325
sec24d,hic1,2.0606925,2.4602609,True,NOT_CHECKED,2.0606925
meis1a,nr2f1b,2.0603518,2.6279774,True,NOT_CHECKED,2.0603518
mibp,klf15,2.058195,3.1939003,True,NOT_CHECKED,2.058195
pim1,nr2f5,-2.0576558,-0.30998605,True,NOT_CHECKED,2.0576558
pim1,fosl2,-2.0572932,-0.30993143,True,NOT_CHECKED,2.0572932
oc90,tfap2a,-2.0497265,-1.3562294,True,NOT_CHECKED,2.0497265
mtbl,ebf3a,-2.047859,-1.987973,True,NOT_CHECKED,2.047859
ptprz1b,ebf3a,-2.0478272,-2.3084283,True,NOT_CHECKED,2.0478272
pcbd1,nr2f5,-2.047468,-1.6488416,True,NOT_CHECKED,2.047468
rtkn2a,mitfa,-2.0445197,-3.1889946,True,NOT_CHECKED,2.0445197
stard13b,rarga,-2.0425415,-3.887208,True,NOT_CHECKED,2.0425415
tshz1,hoxb1b,2.0416055,2.8075604,True,NOT_CHECKED,2.0416055
lsp1a,sox19a,-2.0400083,-2.8226614,True,NOT_CHECKED,2.0400083
si:dkey-30c15.10,e2f7,-2.03977,-1.1382047,True,NOT_CHECKED,2.03977
hpca,tfap2a,-2.0396206,-1.406492,True,NOT_CHECKED,2.0396206
psd2,sox10,-2.0385098,-1.8522902,True,NOT_CHECKED,2.0385098
arl8ba,bhlhe40,2.0357268,2.4226918,True,NOT_CHECKED,2.0357268
prex2,rxraa,-2.0356007,-3.3828385,True,NOT_CHECKED,2.0356007
six4a,snai1a,2.0325468,2.2179291,True,NOT_CHECKED,2.0325468
rab38b,bhlhe40,-2.0321438,-1.7648237,True,NOT_CHECKED,2.0321438
slc2a15a,sox6,-2.030664,-1.2295768,True,NOT_CHECKED,2.030664
BX571715.1,tead3b,-2.0303357,-1.1850938,True,NOT_CHECKED,2.0303357
tuba8l4,tfap2e,-2.0300057,-1.4221611,True,NOT_CHECKED,2.0300057
pcdh10b,hoxa2b,2.0293627,2.4552875,True,NOT_CHECKED,2.0293627
slc45a2,mitfa,2.0290682,0.9108267,True,NOT_CHECKED,2.0290682
sgms1,sox10,-2.0286322,-1.9269123,True,NOT_CHECKED,2.0286322
cryl1,tfap2e,2.0285735,2.1215503,True,NOT_CHECKED,2.0285735
gli2a,sox9b,-2.0278084,-3.2184348,True,NOT_CHECKED,2.0278084
galns,mitfa,2.0258777,2.0180547,True,NOT_CHECKED,2.0258777
fgfr1b,sox10,-2.025819,-2.6581385,True,NOT_CHECKED,2.025819
jun,sox9b,-2.0256903,-7.341996,True,NOT_CHECKED,2.0256903
emp2,sox10,-2.0179365,-1.1416574,True,NOT_CHECKED,2.0179365
atp6v1e1b,klf15,2.0162892,2.067541,True,NOT_CHECKED,2.0162892
parp6b,tfap2e,2.0157328,2.2651339,True,NOT_CHECKED,2.0157328
pld7,alx4a,-2.015715,-2.408937,True,NOT_CHECKED,2.015715
rasef,mitfa,2.0134356,2.0668483,True,NOT_CHECKED,2.0134356
ablim3,sox6,-2.0129583,-1.9721576,True,NOT_CHECKED,2.0129583
col4a6,hoxa2b,-2.0129452,-1.564889,True,NOT_CHECKED,2.0129452
si:ch211-222l21.1,elf1,-2.010676,-3.0689714,True,NOT_CHECKED,2.010676
si:dkey-106n21.1,rxraa,-2.0082278,-1.2287822,True,NOT_CHECKED,2.0082278
bach2b,tfap2b,-2.0080132,-8.808916,True,NOT_CHECKED,2.0080132
atp6v1g1,klf15,2.0071309,1.5815642,True,NOT_CHECKED,2.0071309
gadd45ba,tead1b,-2.0033424,-2.2155437,True,NOT_CHECKED,2.0033424
plxnb1a,nr2f6b,-2.0008354,-1.8008673,True,NOT_CHECKED,2.0008354
slc45a2,tead3b,-2.0003765,-0.8979472,True,NOT_CHECKED,2.0003765
epcam,tfap2c,-2.0003529,-2.0530741,True,NOT_CHECKED,2.0003529
gstp1,ebf3a,-1.99909,-1.9776958,True,NOT_CHECKED,1.99909
lamc3,snai1a,1.998477,2.2929702,True,NOT_CHECKED,1.998477
hoxd11a,hoxc11b,1.9977664,2.2793777,True,NOT_CHECKED,1.9977664
irx7,hoxb1a,1.9975837,2.2477515,True,NOT_CHECKED,1.9975837
fgfr4,ebf3a,-1.9946723,-1.3319045,True,NOT_CHECKED,1.9946723
megf10,tfec,-1.992763,-1.7260426,True,NOT_CHECKED,1.992763
abi3a,her9,1.991901,2.8912537,True,NOT_CHECKED,1.991901
postnb,fli1a,-1.9874955,-1.9925032,True,NOT_CHECKED,1.9874955
nrp1a,hnf1ba,1.9873961,2.2632957,True,NOT_CHECKED,1.9873961
grk6,mitfa,1.9862311,1.5950611,True,NOT_CHECKED,1.9862311
klf6a,nr2f5,-1.9858284,-2.3092918,True,NOT_CHECKED,1.9858284
lrwd1,sox9b,1.9855052,3.304321,True,NOT_CHECKED,1.9855052
asap3,snai1a,1.9850634,0.4293104,True,NOT_CHECKED,1.9850634
afap1l1b,fosl2,-1.984994,-3.3847382,True,NOT_CHECKED,1.984994
qdpra,ebf3a,-1.9849838,-1.6623485,True,NOT_CHECKED,1.9849838
plekha6,snai1a,1.9839319,2.2165272,True,NOT_CHECKED,1.9839319
man2b1,tfap2b,-1.9808015,-1.4610461,True,NOT_CHECKED,1.9808015
pls3,tfec,-1.9802587,-2.7652404,True,NOT_CHECKED,1.9802587
hnf1ba,ebf1b,-1.9793061,-1.7623298,True,NOT_CHECKED,1.9793061
nhsl1a,ebf3a,1.9787415,1.9709208,True,NOT_CHECKED,1.9787415
ostm1,tfap2e,1.9749967,2.5511775,True,NOT_CHECKED,1.9749967
rrbp1b,rxraa,-1.9749272,-1.57608,True,NOT_CHECKED,1.9749272
ogna,hnf1bb,1.9739692,2.395749,True,NOT_CHECKED,1.9739692
kif23,hoxc9a,-1.9734805,-2.8929818,True,NOT_CHECKED,1.9734805
smad3a,rarga,1.9732172,2.2343075,True,NOT_CHECKED,1.9732172
si:ch211-108d22.2,mitfa,-1.9684324,-2.220837,True,NOT_CHECKED,1.9684324
colec12,msx1b,-1.9659836,-1.4516201,True,NOT_CHECKED,1.9659836
myo5aa,mitfa,1.9645602,1.8871117,True,NOT_CHECKED,1.9645602
gfra4b,sox9b,-1.9636425,-2.0114722,True,NOT_CHECKED,1.9636425
cdh11,sox10,-1.9611815,-0.89052135,True,NOT_CHECKED,1.9611815
tuba1b,nr2f2,1.9609342,1.8568667,True,NOT_CHECKED,1.9609342
slmapb,sox9b,1.9600346,2.5999184,True,NOT_CHECKED,1.9600346
ccdc85b,ebf1b,-1.9589463,-0.99956274,True,NOT_CHECKED,1.9589463
si:ch211-199g17.2,hoxb8a,1.9588387,2.3016622,True,NOT_CHECKED,1.9588387
si:ch211-286o17.1,tead3b,-1.9586581,-1.9737228,True,NOT_CHECKED,1.9586581
atp6v1aa,jdp2b,-1.9555583,-1.7101878,True,NOT_CHECKED,1.9555583
hoxb3a,hoxb1a,-1.9553239,-2.5596454,True,NOT_CHECKED,1.9553239
si:ch73-1a9.3,tfap2b,-1.9545984,-4.6467,True,NOT_CHECKED,1.9545984
tgfbi,zic2b,-1.9526879,-1.6414412,True,NOT_CHECKED,1.9526879
neto1l,hoxa2b,1.952034,2.645681,True,NOT_CHECKED,1.952034
tmeff2a,hoxb1a,1.9517157,2.5646358,True,NOT_CHECKED,1.9517157
chl1b,ebf3a,-1.9515371,-1.6692649,True,NOT_CHECKED,1.9515371
col27a1b,tead1b,1.9508046,2.6020727,True,NOT_CHECKED,1.9508046
si:dkey-106n21.1,egr4,-1.9489487,-1.1925108,True,NOT_CHECKED,1.9489487
meis1b,hoxa2b,1.9433886,2.545211,True,NOT_CHECKED,1.9433886
igdcc3,zic2b,-1.9420205,-1.7078433,True,NOT_CHECKED,1.9420205
gypc,mitfa,1.9405333,1.3210781,True,NOT_CHECKED,1.9405333
lmo4b,nr2f5,1.9395342,3.495294,True,NOT_CHECKED,1.9395342
gfra1a,ebf3a,-1.9392891,-2.0475461,True,NOT_CHECKED,1.9392891
alg11,tfap2e,1.9385666,1.9466416,True,NOT_CHECKED,1.9385666
ccdc85b,sox9b,1.9384072,0.9890826,True,NOT_CHECKED,1.9384072
arpp21,tfap2a,-1.9347273,-1.4873065,True,NOT_CHECKED,1.9347273
mfap2,tfap2e,-1.9326183,-1.5592816,True,NOT_CHECKED,1.9326183
epha4b,elk3,1.9325814,1.3632873,True,NOT_CHECKED,1.9325814
actn2b,otx2b,-1.9279656,-3.3913903,True,NOT_CHECKED,1.9279656
ppp1r3b,alx4a,-1.926721,-2.9667723,True,NOT_CHECKED,1.926721
igdcc3,nr4a3,-1.9251086,-1.6929706,True,NOT_CHECKED,1.9251086
dennd4a,snai1a,1.924723,1.6030624,True,NOT_CHECKED,1.924723
ap3m2,bhlhe41,1.922336,1.6920805,True,NOT_CHECKED,1.922336
hs1bp3,bhlhe41,-1.9219545,-2.4561517,True,NOT_CHECKED,1.9219545
nagpa,bhlhe40,1.9178174,2.0987449,True,NOT_CHECKED,1.9178174
washc5,tfap2e,1.9173996,1.756915,True,NOT_CHECKED,1.9173996
cnn3a,sox10,-1.9169772,-1.8234401,True,NOT_CHECKED,1.9169772
apoeb,rxraa,-1.9150376,-3.002721,True,NOT_CHECKED,1.9150376
prcp,mitfa,1.9146522,1.6658823,True,NOT_CHECKED,1.9146522
epha4b,hoxa4a,-1.9142349,-1.3503453,True,NOT_CHECKED,1.9142349
vash2,elf1,1.9136585,2.1722465,True,NOT_CHECKED,1.9136585
pole,nr2f6b,-1.913563,-1.9359334,True,NOT_CHECKED,1.913563
ctsla,rarga,-1.9113222,-1.2358502,True,NOT_CHECKED,1.9113222
serpine1,rxraa,-1.9105194,-1.1314217,True,NOT_CHECKED,1.9105194
lmo4a,tfap2e,-1.9100654,-3.1757956,True,NOT_CHECKED,1.9100654
abcb6b,bhlhe40,1.9087026,3.1008394,True,NOT_CHECKED,1.9087026
tgfbi,snai1a,1.9079763,1.6038563,True,NOT_CHECKED,1.9079763
mocs1,tfap2a,-1.9045026,-1.5016942,True,NOT_CHECKED,1.9045026
ptprfa,nr2f2,-1.9035285,-1.6594414,True,NOT_CHECKED,1.9035285
cd9b,hoxb8a,1.8989323,2.2417624,True,NOT_CHECKED,1.8989323
pikfyve,tead3b,-1.8986892,-1.9549279,True,NOT_CHECKED,1.8986892
gypc,twist1b,-1.8985744,-1.2925131,True,NOT_CHECKED,1.8985744
kcnab1a,tfap2c,-1.897265,-2.1771328,True,NOT_CHECKED,1.897265
src,hoxb8a,1.8956442,1.5247028,True,NOT_CHECKED,1.8956442
strbp,elk3,-1.8954736,-2.153765,True,NOT_CHECKED,1.8954736
sox6,elf1,-1.8942509,-7.9026117,True,NOT_CHECKED,1.8942509
ndrg1a,sox9b,-1.8923491,-1.1281542,True,NOT_CHECKED,1.8923491
egfra,tead3b,-1.8920871,-1.2427695,True,NOT_CHECKED,1.8920871
hsp70.2,nr2f6b,1.8913631,3.4830844,True,NOT_CHECKED,1.8913631
ccdc85b,alx4a,-1.8908201,-0.964801,True,NOT_CHECKED,1.8908201
msi1,rxraa,-1.8906744,-2.2564151,True,NOT_CHECKED,1.8906744
pmp22a,tfap2e,-1.8890873,-1.926574,True,NOT_CHECKED,1.8890873
stard13b,tfap2e,-1.884235,-3.5859313,True,NOT_CHECKED,1.884235
nme4,bhlhe41,1.8831315,1.7933482,True,NOT_CHECKED,1.8831315
snx3,tfap2e,1.8830574,2.1785183,True,NOT_CHECKED,1.8830574
mtus1b,hoxa2b,1.8821349,1.7455062,True,NOT_CHECKED,1.8821349
chrd,her9,-1.8819941,-2.9080963,True,NOT_CHECKED,1.8819941
slc36a1,ebf3a,-1.8805116,-2.7797637,True,NOT_CHECKED,1.8805116
eno1a,mitfa,1.8797424,1.5872267,True,NOT_CHECKED,1.8797424
paics,bhlhe41,1.878922,2.1599207,True,NOT_CHECKED,1.878922
mctp2a,ebf3a,-1.8759162,-2.152817,True,NOT_CHECKED,1.8759162
nos1apa,hoxa9a,1.8729243,2.1774893,True,NOT_CHECKED,1.8729243
myo10l3,bhlhe40,-1.8712907,-1.4844317,True,NOT_CHECKED,1.8712907
atp6v0e1,ebf3a,-1.8711927,-0.6947937,True,NOT_CHECKED,1.8711927
anln,fosl2,-1.870038,-1.7158189,True,NOT_CHECKED,1.870038
hoxb7a,hoxb9a,1.8696622,2.0530224,True,NOT_CHECKED,1.8696622
prdx6,mitfa,1.8680458,2.4046993,True,NOT_CHECKED,1.8680458
ppfia2,tfap2e,1.8674228,2.2418168,True,NOT_CHECKED,1.8674228
rab38b,klf15,1.8671614,1.6215441,True,NOT_CHECKED,1.8671614
ptprfa,otx2b,1.8659334,1.6266671,True,NOT_CHECKED,1.8659334
egfra,jun,-1.8658552,-1.2255397,True,NOT_CHECKED,1.8658552
vat1,tfap2a,-1.8652918,-1.1517409,True,NOT_CHECKED,1.8652918
hps1,tfap2e,1.8632855,1.9831562,True,NOT_CHECKED,1.8632855
cacna1ia,rarga,-1.8623776,-1.7085862,True,NOT_CHECKED,1.8623776
jmjd1cb,bach2b,-1.8611017,-2.8527613,True,NOT_CHECKED,1.8611017
zgc:110591,sox6,-1.8602675,-1.2057583,True,NOT_CHECKED,1.8602675
serpinh1b,zic2b,-1.858592,-3.0617619,True,NOT_CHECKED,1.858592
il6st,bach2b,-1.8575693,-2.2298582,True,NOT_CHECKED,1.8575693
runx1t1,sox10,-1.8566566,-1.2219992,True,NOT_CHECKED,1.8566566
snx2,fli1a,-1.8556037,-2.1911833,True,NOT_CHECKED,1.8556037
mob3c,sox9b,-1.8555058,-1.7485023,True,NOT_CHECKED,1.8555058
krt18b,rarga,-1.854818,-1.7997501,True,NOT_CHECKED,1.854818
slc2a15b,sox6,-1.8547101,-1.2721496,True,NOT_CHECKED,1.8547101
id2a,fli1a,-1.8528823,-2.0238395,True,NOT_CHECKED,1.8528823
gpr155b,tfec,1.8526598,1.9610265,True,NOT_CHECKED,1.8526598
rras2,hoxa9b,-1.8520565,-2.5049942,True,NOT_CHECKED,1.8520565
arl8bb,bhlhe40,1.8505969,2.1406295,True,NOT_CHECKED,1.8505969
tcf12,elf1,-1.8493869,-2.268236,True,NOT_CHECKED,1.8493869
stm,tead3b,-1.8491727,-2.1985185,True,NOT_CHECKED,1.8491727
pcbp4,fli1a,-1.8464016,-1.0748423,True,NOT_CHECKED,1.8464016
lbr,jun,-1.845823,-1.9636424,True,NOT_CHECKED,1.845823
pax7b,tfap2a,-1.8447313,-1.3199964,True,NOT_CHECKED,1.8447313
hsp70.1,nr2f6b,1.8438126,2.8633509,True,NOT_CHECKED,1.8438126
slc2a15a,rxraa,-1.8414332,-1.1149967,True,NOT_CHECKED,1.8414332
dera,tfec,-1.8395598,-2.6075377,True,NOT_CHECKED,1.8395598
impdh1b,tead3b,-1.83603,-0.82370937,True,NOT_CHECKED,1.83603
fzd3a,tfeb,-1.8357306,-1.6067497,True,NOT_CHECKED,1.8357306
plxna4,nr2f6b,-1.8349307,-2.1496422,True,NOT_CHECKED,1.8349307
cpa4,bach2b,-1.8337998,-1.85868,True,NOT_CHECKED,1.8337998
stxbp2,mitfa,1.830587,1.9512126,True,NOT_CHECKED,1.830587
vac14,mitfa,1.829321,1.9497793,True,NOT_CHECKED,1.829321
rab38b,bhlhe41,1.8283069,1.5878007,True,NOT_CHECKED,1.8283069
plpp3,sox9b,-1.8280668,-2.5134914,True,NOT_CHECKED,1.8280668
celf2,sox9b,-1.826673,-1.8793507,True,NOT_CHECKED,1.826673
rbm47,mitfa,1.8263483,2.158137,True,NOT_CHECKED,1.8263483
ebf3a,sox10,-1.8258461,-0.63701594,True,NOT_CHECKED,1.8258461
cxadr,tead1b,1.8239874,1.0669401,True,NOT_CHECKED,1.8239874
atp1b3a,fli1a,-1.8203542,-1.3488889,True,NOT_CHECKED,1.8203542
tead1b,bhlhe40,-1.8199472,-3.674952,True,NOT_CHECKED,1.8199472
hspb8,tfap2a,-1.8196687,-1.4265156,True,NOT_CHECKED,1.8196687
ccnb3,tead1b,1.8190832,2.5992908,True,NOT_CHECKED,1.8190832
marcksl1b,rarga,-1.8184311,-5.509132,True,NOT_CHECKED,1.8184311
tyr,bhlhe40,1.8178022,2.2318382,True,NOT_CHECKED,1.8178022
foxp1a,bach2b,-1.8139611,-1.7491401,True,NOT_CHECKED,1.8139611
rxraa,hoxa9a,-1.8121005,-4.818677,True,NOT_CHECKED,1.8121005
tcf12,sox10,-1.8116846,-2.2219946,True,NOT_CHECKED,1.8116846
gdap2,tead3b,-1.8091197,-1.3218278,True,NOT_CHECKED,1.8091197
ctsz,tfap2a,-1.808041,-1.5207466,True,NOT_CHECKED,1.808041
col12a1a,fosl2,-1.807938,-2.2054832,True,NOT_CHECKED,1.807938
slc2a11b,tfec,-1.8064361,-1.5428114,True,NOT_CHECKED,1.8064361
thbs1b,tfap2a,-1.8061458,-1.1158608,True,NOT_CHECKED,1.8061458
prss16,fli1a,-1.8058867,-1.5890154,True,NOT_CHECKED,1.8058867
plpp3,tfap2e,-1.804881,-2.4816122,True,NOT_CHECKED,1.804881
id2a,egr2b,1.8043116,1.9707874,True,NOT_CHECKED,1.8043116
si:ch211-156j16.1,sox9b,-1.8006643,-1.8039577,True,NOT_CHECKED,1.8006643
ppp1r3b,tfap2b,-1.7992431,-2.7704813,True,NOT_CHECKED,1.7992431
spsb4a,ebf3a,1.798446,2.8021739,True,NOT_CHECKED,1.798446
ankmy1,elk3,-1.7974757,-0.96108794,True,NOT_CHECKED,1.7974757
ndrg1a,mitfa,1.7972947,1.071486,True,NOT_CHECKED,1.7972947
cxxc4,tfap2a,-1.7969568,-0.5633547,True,NOT_CHECKED,1.7969568
pbx1a,snai1a,1.7946107,1.5468636,True,NOT_CHECKED,1.7946107
jag1b,hoxb9a,-1.7919161,-2.6163092,True,NOT_CHECKED,1.7919161
mad2l1,tfec,-1.7919028,-2.1341617,True,NOT_CHECKED,1.7919028
eno4,tfap2b,1.791388,1.8208029,True,NOT_CHECKED,1.791388
plekhg4,ebf3a,-1.7912836,-2.7699103,True,NOT_CHECKED,1.7912836
prkceb,mitfa,-1.7895848,-2.2256305,True,NOT_CHECKED,1.7895848
slc39a1,mitfa,1.7876416,1.5955958,True,NOT_CHECKED,1.7876416
pax7a,tfap2a,-1.7860814,-0.6939365,True,NOT_CHECKED,1.7860814
tpm4a,sox10,-1.7860237,-0.94657177,True,NOT_CHECKED,1.7860237
rap1gap2a,zic2a,-1.7853618,-1.5411788,True,NOT_CHECKED,1.7853618
epas1a,tfap2a,-1.7849036,-1.2970399,True,NOT_CHECKED,1.7849036
atp6ap1b,tead3b,-1.7843766,-1.5937167,True,NOT_CHECKED,1.7843766
sgcd,tfap2a,-1.7842389,-1.5890442,True,NOT_CHECKED,1.7842389
gpr143,ebf3a,-1.7832483,-1.9552696,True,NOT_CHECKED,1.7832483
si:ch211-152c2.3,jun,-1.7829667,-1.7929144,True,NOT_CHECKED,1.7829667
pax7b,ebf3a,-1.782655,-1.2755777,True,NOT_CHECKED,1.782655
ppp1r14ab,mitfa,-1.7796494,-2.4641454,True,NOT_CHECKED,1.7796494
elf1,sox9b,-1.7784735,-3.1028645,True,NOT_CHECKED,1.7784735
atp2b4,sox9b,-1.7739176,-0.4510953,True,NOT_CHECKED,1.7739176
mbnl2,ebf3a,-1.7734858,-1.6177067,True,NOT_CHECKED,1.7734858
hoxa4a,egr2b,1.7733756,2.6442118,True,NOT_CHECKED,1.7733756
sall4,tead3b,-1.77146,-1.6968054,True,NOT_CHECKED,1.77146
gphna,ebf1b,-1.769686,-1.3334782,True,NOT_CHECKED,1.769686
src,ebf3a,-1.7691468,-1.4229585,True,NOT_CHECKED,1.7691468
col18a1a,her9,-1.7688178,-0.72115624,True,NOT_CHECKED,1.7688178
nfatc1,ebf3a,1.7685975,1.190025,True,NOT_CHECKED,1.7685975
apc,bhlhe41,-1.7681781,-1.3946166,True,NOT_CHECKED,1.7681781
amdhd2,tfap2e,1.7676268,1.7304182,True,NOT_CHECKED,1.7676268
fjx1,klf15,1.765339,1.394748,True,NOT_CHECKED,1.765339
ptprfa,hoxb9a,1.7639396,1.5377518,True,NOT_CHECKED,1.7639396
hmgb2a,jun,-1.7618151,-1.9615102,True,NOT_CHECKED,1.7618151
slit3,sox10,-1.7601912,-0.962191,True,NOT_CHECKED,1.7601912
arhgef1a,sox9b,1.7584689,2.1970034,True,NOT_CHECKED,1.7584689
trpm1b,ebf3a,-1.7579229,-1.9487618,True,NOT_CHECKED,1.7579229
dusp5,bach2b,-1.7570944,-1.0999326,True,NOT_CHECKED,1.7570944
si:ch211-267e7.3,snai1a,1.7569809,2.2283523,True,NOT_CHECKED,1.7569809
gria1a,bach2b,1.7567407,1.7900745,True,NOT_CHECKED,1.7567407
vav2,ebf3a,-1.7552471,-2.8128097,True,NOT_CHECKED,1.7552471
angptl2b,hoxb5b,-1.7545967,-2.5598724,True,NOT_CHECKED,1.7545967
inka1a,elk3,1.7543541,2.0537357,True,NOT_CHECKED,1.7543541
ankmy1,sox6,-1.7531793,-0.93740326,True,NOT_CHECKED,1.7531793
bmp7b,snai1a,1.7521805,2.1029615,True,NOT_CHECKED,1.7521805
cbx7a,sox10,-1.7508785,-1.5283335,True,NOT_CHECKED,1.7508785
colec12,snai1a,1.7500734,1.2921988,True,NOT_CHECKED,1.7500734
hsp70l,ebf1b,-1.748959,-1.4477187,True,NOT_CHECKED,1.748959
aox5,tead3b,-1.7482951,-0.85095435,True,NOT_CHECKED,1.7482951
prtfdc1,rarga,-1.7475064,-1.0162411,True,NOT_CHECKED,1.7475064
si:zfos-943e10.1,nr2f5,-1.7469307,-1.6700618,True,NOT_CHECKED,1.7469307
eno1a,tfeb,-1.74642,-1.4746513,True,NOT_CHECKED,1.74642
snx15,sox6,-1.7442746,-1.3646377,True,NOT_CHECKED,1.7442746
top2a,mitfa,-1.7441254,-1.7370026,True,NOT_CHECKED,1.7441254
eya2,nr2f6b,1.7432712,2.5393941,True,NOT_CHECKED,1.7432712
dlgap1a,elk3,-1.7426108,-1.8012,True,NOT_CHECKED,1.7426108
cd276,alx4a,1.7424881,2.6919315,True,NOT_CHECKED,1.7424881
ctsla,bach2b,-1.7418299,-1.1262574,True,NOT_CHECKED,1.7418299
rabl6b,fli1a,-1.7417135,-1.0985564,True,NOT_CHECKED,1.7417135
rhbdf1a,elf1,-1.7410346,-1.8018833,True,NOT_CHECKED,1.7410346
mocs1,ebf3a,-1.7404443,-1.3723347,True,NOT_CHECKED,1.7404443
ppp1r14ab,ebf3a,-1.7394652,-2.4085054,True,NOT_CHECKED,1.7394652
zfhx4,tfap2c,-1.7381246,-2.2751298,True,NOT_CHECKED,1.7381246
si:ch211-218g4.2,klf15,1.7362525,2.0641603,True,NOT_CHECKED,1.7362525
ppt1,elf1,1.7361817,2.1873715,True,NOT_CHECKED,1.7361817
sema6e,nr2f6b,-1.7360189,-1.8781775,True,NOT_CHECKED,1.7360189
id2a,hoxa4a,-1.7332416,-1.8931601,True,NOT_CHECKED,1.7332416
ppp1r13l,ebf3a,1.7325015,2.114441,True,NOT_CHECKED,1.7325015
eno3,mitfa,1.7323816,1.9902916,True,NOT_CHECKED,1.7323816
atp6v1h,tfap2a,-1.732184,-1.7210747,True,NOT_CHECKED,1.732184
rab7b,bhlhe40,1.7316437,1.1471002,True,NOT_CHECKED,1.7316437
amdhd2,ebf3a,-1.7296993,-1.6932889,True,NOT_CHECKED,1.7296993
atp6v1ba,tead3b,-1.7289144,-1.2286426,True,NOT_CHECKED,1.7289144
cdh10a,bhlhe41,-1.726936,-2.2691815,True,NOT_CHECKED,1.726936
atp6v1ab,mitfa,1.7266836,2.0374432,True,NOT_CHECKED,1.7266836
iqgap1,hic1,-1.7255998,-1.4770588,True,NOT_CHECKED,1.7255998
alg11,tfec,1.7252429,1.7324293,True,NOT_CHECKED,1.7252429
hpca,ebf3a,-1.72335,-1.1883965,True,NOT_CHECKED,1.72335
ednrba,mitfa,1.7230314,1.765528,True,NOT_CHECKED,1.7230314
rdh8a,ebf3a,-1.7210996,-1.9545343,True,NOT_CHECKED,1.7210996
pcdh7b,snai1a,1.7206635,2.6471312,True,NOT_CHECKED,1.7206635
tgfbr2b,rxraa,-1.7194426,-2.4153664,True,NOT_CHECKED,1.7194426
rhoca,tfap2a,-1.7193433,-1.1867634,True,NOT_CHECKED,1.7193433
pax7a,bach2b,-1.7190732,-0.66790223,True,NOT_CHECKED,1.7190732
yap1,sox10,-1.718969,-0.74659485,True,NOT_CHECKED,1.718969
shroom4,rxraa,1.7186509,2.8963513,True,NOT_CHECKED,1.7186509
cdc20,tfap2a,-1.716857,-1.5918697,True,NOT_CHECKED,1.716857
cdh10a,bhlhe40,1.7168463,2.2559237,True,NOT_CHECKED,1.7168463
cst14b.1,ebf3a,-1.7151917,-1.022195,True,NOT_CHECKED,1.7151917
cdc6,e2f7,1.7144237,2.7603989,True,NOT_CHECKED,1.7144237
slc26a11,bhlhe40,1.7137859,2.0974052,True,NOT_CHECKED,1.7137859
alx4a,hic1,1.7128332,1.8500681,True,NOT_CHECKED,1.7128332
myo5aa,ebf3a,-1.7121761,-1.6446773,True,NOT_CHECKED,1.7121761
nrip1b,elk3,1.7119777,3.1666389,True,NOT_CHECKED,1.7119777
cd164,bhlhe41,1.708794,2.4252372,True,NOT_CHECKED,1.708794
zgc:110239,tead3b,-1.7087001,-1.5421581,True,NOT_CHECKED,1.7087001
pld1a,pbx1a,-1.7083596,-2.2036214,True,NOT_CHECKED,1.7083596
slc22a2,bhlhe40,1.7080966,1.8966546,True,NOT_CHECKED,1.7080966
rab27a,bhlhe40,1.7058998,2.845341,True,NOT_CHECKED,1.7058998
lama4,snai1a,1.7054132,1.8782177,True,NOT_CHECKED,1.7054132
f3b,tfap2e,-1.7045863,-2.4282,True,NOT_CHECKED,1.7045863
lig1,mitfa,-1.7002654,-3.3371072,True,NOT_CHECKED,1.7002654
zic2a,alx4a,-1.6989284,-1.7168491,True,NOT_CHECKED,1.6989284
scamp3,ebf3a,-1.6988723,-1.6479262,True,NOT_CHECKED,1.6988723
BX571715.1,tfap2e,1.697928,0.9910696,True,NOT_CHECKED,1.697928
naga,ebf3a,-1.6977572,-1.6264019,True,NOT_CHECKED,1.6977572
zcchc24,tbx15,1.6964933,2.3079498,True,NOT_CHECKED,1.6964933
fgfr3,ebf1b,-1.6951859,-1.8894203,True,NOT_CHECKED,1.6951859
vasna,otx2b,-1.6947204,-1.4886258,True,NOT_CHECKED,1.6947204
fli1a,tfap2e,-1.6866462,-3.6906695,True,NOT_CHECKED,1.6866462
bach2b,rxraa,-1.6822416,-7.379794,True,NOT_CHECKED,1.6822416
dusp2,tfap2a,-1.6815948,-0.6927023,True,NOT_CHECKED,1.6815948
hmcn1,hoxc11b,1.6815175,2.0339262,True,NOT_CHECKED,1.6815175
kcnab1a,rarga,-1.6813674,-1.9293882,True,NOT_CHECKED,1.6813674
nrp2b,snai1a,1.6812087,2.355796,True,NOT_CHECKED,1.6812087
foxo1a,tead1b,-1.6803448,-1.0141305,True,NOT_CHECKED,1.6803448
mbd3b,rxraa,-1.6797782,-2.288929,True,NOT_CHECKED,1.6797782
tle2a,sox9b,1.6785401,1.5872785,True,NOT_CHECKED,1.6785401
ctsa,fli1a,-1.6773999,-1.7160567,True,NOT_CHECKED,1.6773999
myo10l1,elf1,-1.6772773,-1.6564106,True,NOT_CHECKED,1.6772773
cbx7a,fosl2,1.6767461,1.4636238,True,NOT_CHECKED,1.6767461
foxo1a,elf1,1.6764281,1.0117666,True,NOT_CHECKED,1.6764281
nucks1a,bhlhe40,-1.67577,-2.9511502,True,NOT_CHECKED,1.67577
foxo1a,sox9b,-1.6748946,-1.0108411,True,NOT_CHECKED,1.6748946
tes,ebf3a,-1.674581,-2.1541414,True,NOT_CHECKED,1.674581
ebf1b,tfap2a,-1.6738231,-1.9203044,True,NOT_CHECKED,1.6738231
eya1,sox10,-1.6737543,-1.1259544,True,NOT_CHECKED,1.6737543
irf1b,fosl2,1.6721681,2.590085,True,NOT_CHECKED,1.6721681
hspb8,ebf3a,-1.6718916,-1.3106668,True,NOT_CHECKED,1.6718916
pdlim4,tfap2a,-1.6717616,-0.504785,True,NOT_CHECKED,1.6717616
itpk1a,bhlhe40,1.6716101,2.4980433,True,NOT_CHECKED,1.6716101
snai1b,nr2f6b,-1.6715839,-1.7794833,True,NOT_CHECKED,1.6715839
cgnl1,tfap2b,-1.6708176,-1.0345488,True,NOT_CHECKED,1.6708176
ivns1abpa,elf1,1.6706222,1.7503331,True,NOT_CHECKED,1.6706222
mdkb,rarga,-1.6702625,-2.516439,True,NOT_CHECKED,1.6702625
msna,zic2b,-1.6687733,-2.1896753,True,NOT_CHECKED,1.6687733
ebf2,nr2f1b,1.6684122,2.5470731,True,NOT_CHECKED,1.6684122
tle3b,tfap2e,-1.6683004,-3.0816178,True,NOT_CHECKED,1.6683004
si:dkeyp-72e1.9,tfap2e,1.666085,2.046897,True,NOT_CHECKED,1.666085
hsp70.1,twist1b,-1.6659464,-2.5871334,True,NOT_CHECKED,1.6659464
gadd45aa,tfap2e,1.6648736,1.983231,True,NOT_CHECKED,1.6648736
rab38c,bhlhe40,1.6636368,1.8110042,True,NOT_CHECKED,1.6636368
aldh2.2,bhlhe41,1.663419,2.2306263,True,NOT_CHECKED,1.663419
prkceb,ebf3a,-1.663144,-2.0683813,True,NOT_CHECKED,1.663144
rnaseka,bhlhe40,1.6625934,1.5601424,True,NOT_CHECKED,1.6625934
atp6v1ba,rarga,-1.6582485,-1.1784244,True,NOT_CHECKED,1.6582485
zic2a,otx2b,1.6579136,1.6754016,True,NOT_CHECKED,1.6579136
slc36a1,bhlhe40,1.6568847,2.4491992,True,NOT_CHECKED,1.6568847
ptprz1b,jun,-1.6564435,-1.8672382,True,NOT_CHECKED,1.6564435
rrbp1b,bhlhe40,-1.6563835,-1.321868,True,NOT_CHECKED,1.6563835
pts,bhlhe41,1.6562029,1.8288265,True,NOT_CHECKED,1.6562029
lsp1a,msx3,-1.6558144,-2.291071,True,NOT_CHECKED,1.6558144
ctsa,bhlhe40,1.6529256,1.6910182,True,NOT_CHECKED,1.6529256
ENSDARG00000099844,mitfa,1.6509334,2.130585,True,NOT_CHECKED,1.6509334
bloc1s4,bhlhe40,1.6506761,1.4592596,True,NOT_CHECKED,1.6506761
tnc,sox10,-1.6506084,-1.0832458,True,NOT_CHECKED,1.6506084
ek1,sox9b,1.6493987,1.2939931,True,NOT_CHECKED,1.6493987
atp6v1g1,ebf3a,-1.6493361,-1.2996317,True,NOT_CHECKED,1.6493361
ist1,mitfa,1.6438366,1.8751514,True,NOT_CHECKED,1.6438366
ppm1h,hoxa9b,1.6402946,2.2457516,True,NOT_CHECKED,1.6402946
sipa1l2,rxraa,-1.6400312,-1.1486638,True,NOT_CHECKED,1.6400312
col1a2,fosl2,-1.640029,-1.1365052,True,NOT_CHECKED,1.640029
cpeb4b,elf1,1.6400143,2.3062801,True,NOT_CHECKED,1.6400143
cavin2b,tbx15,-1.6386961,-1.981696,True,NOT_CHECKED,1.6386961
sema6e,fosl2,1.6385186,1.772693,True,NOT_CHECKED,1.6385186
npc2,tfap2a,-1.6379523,-0.7326907,True,NOT_CHECKED,1.6379523
hnf1bb,egr2b,1.6373739,2.367721,True,NOT_CHECKED,1.6373739
si:ch211-198m17.1,tfap2a,-1.6373585,-1.1226382,True,NOT_CHECKED,1.6373585
il6st,fosl2,1.6362801,1.9642187,True,NOT_CHECKED,1.6362801
sh3glb2b,fli1a,-1.6343383,-1.3890456,True,NOT_CHECKED,1.6343383
sec61a1l,mitfa,1.6340817,1.9332578,True,NOT_CHECKED,1.6340817
amotl2a,tfap2e,-1.6316091,-2.913083,True,NOT_CHECKED,1.6316091
fgfr4,tfeb,-1.6295502,-1.0881013,True,NOT_CHECKED,1.6295502
rgl1,elf1,-1.6295366,-1.4511058,True,NOT_CHECKED,1.6295366
gria1a,tfap2a,-1.6288593,-1.6597666,True,NOT_CHECKED,1.6288593
notch2,alx4a,-1.6277903,-1.1398813,True,NOT_CHECKED,1.6277903
adamts3,tfap2c,1.6276662,1.0850047,True,NOT_CHECKED,1.6276662
fosab,jdp2b,1.6274737,4.5592203,True,NOT_CHECKED,1.6274737
CABZ01067761.1,hoxa2b,-1.6274047,-1.8279543,True,NOT_CHECKED,1.6274047
aopep,hoxc9a,1.6268321,2.7872872,True,NOT_CHECKED,1.6268321
pikfyve,hnf1bb,-1.6256851,-1.6738374,True,NOT_CHECKED,1.6256851
epha4a,hoxc3a,-1.6246228,-1.5120407,True,NOT_CHECKED,1.6246228
tmem108,alx4a,-1.6234742,-1.5253303,True,NOT_CHECKED,1.6234742
hoxa2b,hoxa9b,-1.6233964,-1.9146311,True,NOT_CHECKED,1.6233964
hnrnpabb,sox9b,1.6217446,2.2898247,True,NOT_CHECKED,1.6217446
rras2,rxraa,1.6211344,2.192661,True,NOT_CHECKED,1.6211344
maff,fosl2,1.6188722,1.9229159,True,NOT_CHECKED,1.6188722
tshz1,hoxa2b,1.617298,2.2240644,True,NOT_CHECKED,1.617298
il17rd,hoxa4a,1.6172217,1.3446708,True,NOT_CHECKED,1.6172217
mdkb,msx3,1.6171442,2.4364104,True,NOT_CHECKED,1.6171442
rabl6b,bach2b,-1.6166135,-1.0196517,True,NOT_CHECKED,1.6166135
zfhx3,tfap2e,-1.6160094,-1.9949242,True,NOT_CHECKED,1.6160094
cgnl1,hoxa4a,-1.6131227,-0.99882483,True,NOT_CHECKED,1.6131227
tnc,ebf1b,-1.6130958,-1.0586274,True,NOT_CHECKED,1.6130958
sox13,sox9b,1.6125661,2.262219,True,NOT_CHECKED,1.6125661
apc,tead3b,-1.6105187,-1.2702658,True,NOT_CHECKED,1.6105187
aox5,sox6,-1.6102421,-0.7837593,True,NOT_CHECKED,1.6102421
vps39,mitfa,1.6080993,1.3194499,True,NOT_CHECKED,1.6080993
atp6v0ca,bhlhe40,1.6075261,1.4565172,True,NOT_CHECKED,1.6075261
usp10,tead3b,-1.6065133,-1.008917,True,NOT_CHECKED,1.6065133
cdh11,snai1a,1.6042991,0.7284704,True,NOT_CHECKED,1.6042991
dag1,hoxa4a,1.6035833,2.2048085,True,NOT_CHECKED,1.6035833
mgat4b,ebf3a,-1.603162,-1.3744,True,NOT_CHECKED,1.603162
npr1a,sox10,-1.602892,-1.1354023,True,NOT_CHECKED,1.602892
eno4,rorab,-1.6027565,-1.6290741,True,NOT_CHECKED,1.6027565
hspb8,tfec,1.6026893,1.2564162,True,NOT_CHECKED,1.6026893
tuba1b,nr2f5,-1.6026366,-1.5175841,True,NOT_CHECKED,1.6026366
grk6,ebf3a,-1.6006662,-1.2854297,True,NOT_CHECKED,1.6006662
ek1,ebf3a,-1.6003683,-1.2555275,True,NOT_CHECKED,1.6003683
hspa12a,tfap2a,-1.599011,-1.2315508,True,NOT_CHECKED,1.599011
rem1,hic1,1.5983578,1.9062911,True,NOT_CHECKED,1.5983578
cdkn1ca,tfec,1.5975772,1.7421137,True,NOT_CHECKED,1.5975772
zgc:174888,erfl3,-1.5975765,-2.2719028,True,NOT_CHECKED,1.5975765
mlphb,mitfa,1.5973835,1.8557473,True,NOT_CHECKED,1.5973835
fli1a,rarga,1.5969057,3.4943018,True,NOT_CHECKED,1.5969057
hoxa2b,her9,-1.5941333,-1.8801183,True,NOT_CHECKED,1.5941333
tfap2b,zeb1b,-1.5917187,-2.420908,True,NOT_CHECKED,1.5917187
cdh1,ebf3a,-1.5916604,-1.1016576,True,NOT_CHECKED,1.5916604
psen2,egr4,-1.5895618,-2.0615687,True,NOT_CHECKED,1.5895618
cbarpb,jun,-1.5884668,-1.5337304,True,NOT_CHECKED,1.5884668
gadd45bb,tfap2b,1.5864097,0.8227529,True,NOT_CHECKED,1.5864097
tfeb,tfap2a,-1.5863622,-1.2297145,True,NOT_CHECKED,1.5863622
fgfr3,tfap2b,-1.5852216,-1.7668564,True,NOT_CHECKED,1.5852216
cxcl12a,snai1a,1.5841602,2.858905,True,NOT_CHECKED,1.5841602
ENSDARG00000042329,zeb1b,-1.5840596,-1.3347538,True,NOT_CHECKED,1.5840596
si:dkey-172h23.2,tfap2a,-1.5840096,-1.2254772,True,NOT_CHECKED,1.5840096
wwp2,tfap2a,-1.5827457,-1.1727701,True,NOT_CHECKED,1.5827457
actb2,bach2b,-1.5826887,-2.6554055,True,NOT_CHECKED,1.5826887
rad51,nfe2,1.5814257,3.7401724,True,NOT_CHECKED,1.5814257
CR936977.2,hoxa11b,1.5790578,2.1032686,True,NOT_CHECKED,1.5790578
cxcl14,tfap2a,-1.5790406,-1.4179479,True,NOT_CHECKED,1.5790406
afap1l1a,ebf3a,-1.5789068,-1.012607,True,NOT_CHECKED,1.5789068
col18a1a,rarga,-1.5788096,-0.6436889,True,NOT_CHECKED,1.5788096
postnb,ebf3a,1.5784394,1.5824164,True,NOT_CHECKED,1.5784394
emp2,jun,-1.5753042,-0.89123595,True,NOT_CHECKED,1.5753042
mtbl,sox10,-1.5748696,-1.5288154,True,NOT_CHECKED,1.5748696
cdh11,tfeb,-1.5741005,-0.714758,True,NOT_CHECKED,1.5741005
si:dkey-21a6.5,tfap2e,1.5739801,2.0156913,True,NOT_CHECKED,1.5739801
six1b,dlx1a,1.5730169,1.880791,True,NOT_CHECKED,1.5730169
phc2b,egr2b,-1.5721674,-2.9588687,True,NOT_CHECKED,1.5721674
afap1l1b,tfec,1.572154,2.6807787,True,NOT_CHECKED,1.572154
sfrp5,klf15,-1.5713726,-1.6931399,True,NOT_CHECKED,1.5713726
itga8,elf1,-1.5703845,-0.9960667,True,NOT_CHECKED,1.5703845
sall4,bhlhe40,-1.5689195,-1.5028005,True,NOT_CHECKED,1.5689195
plxnb1a,hoxc3a,1.5676223,1.4109505,True,NOT_CHECKED,1.5676223
epas1a,rorab,-1.5657262,-1.1377697,True,NOT_CHECKED,1.5657262
cpvl,jun,-1.5653144,-1.8017235,True,NOT_CHECKED,1.5653144
col1a2,tead1b,-1.565004,-1.0845145,True,NOT_CHECKED,1.565004
mgat4b,bhlhe40,1.564899,1.3415968,True,NOT_CHECKED,1.564899
hoxb3a,hoxa2b,1.5641984,2.047637,True,NOT_CHECKED,1.5641984
agtrap,tfec,-1.5641509,-1.4751544,True,NOT_CHECKED,1.5641509
ivns1abpa,tead1b,-1.563347,-1.6379393,True,NOT_CHECKED,1.563347
snx2,bhlhe40,1.5624517,1.845016,True,NOT_CHECKED,1.5624517
pcdh9,bach2b,-1.5616442,-1.0956026,True,NOT_CHECKED,1.5616442
mylk2,fosl2,-1.5614653,-1.424897,True,NOT_CHECKED,1.5614653
glulb,jun,-1.5604991,-1.7903614,True,NOT_CHECKED,1.5604991
ahnak,pbx1a,1.5592527,0.5886418,True,NOT_CHECKED,1.5592527
tle2a,tfap2b,-1.5583999,-1.4736704,True,NOT_CHECKED,1.5583999
zgc:158423,tfap2b,1.5580227,1.6634303,True,NOT_CHECKED,1.5580227
atp6v0b,bhlhe40,1.5574247,2.1890464,True,NOT_CHECKED,1.5574247
cited4b,hoxc3a,1.5571991,2.2600706,True,NOT_CHECKED,1.5571991
mbnl2,tfap2a,-1.5569849,-1.4202228,True,NOT_CHECKED,1.5569849
odc1,fosl2,-1.5568689,-2.029928,True,NOT_CHECKED,1.5568689
srgap3,sox9b,-1.5554358,-1.9320447,True,NOT_CHECKED,1.5554358
fuca2,mitfa,1.5553719,1.3242599,True,NOT_CHECKED,1.5553719
adamts3,fli1a,-1.5536593,-1.0356716,True,NOT_CHECKED,1.5536593
ect2,fosl2,-1.553254,-1.7942884,True,NOT_CHECKED,1.553254
fhod3b,hoxa2b,1.5519747,1.8482188,True,NOT_CHECKED,1.5519747
man2b1,tfap2e,1.5510947,1.1440928,True,NOT_CHECKED,1.5510947
glb1l,ebf3a,-1.5510786,-1.2692903,True,NOT_CHECKED,1.5510786
tfdp2,sox9b,1.5510348,2.7741153,True,NOT_CHECKED,1.5510348
CABZ01058650.1,mitfa,1.550558,1.5727371,True,NOT_CHECKED,1.550558
cacna1ba,sox9b,1.5502038,1.5248475,True,NOT_CHECKED,1.5502038
cdx4,hoxa2b,-1.5461211,-1.6184984,True,NOT_CHECKED,1.5461211
slc3a2a,tead3b,-1.5460198,-0.6906776,True,NOT_CHECKED,1.5460198
nhsl1a,fli1a,-1.5453908,-1.5392829,True,NOT_CHECKED,1.5453908
zgc:110239,bach2b,-1.5448713,-1.3942974,True,NOT_CHECKED,1.5448713
tyrp1a,tfap2e,1.5426536,1.6423569,True,NOT_CHECKED,1.5426536
ankmy1,tead3b,-1.5422394,-0.8246163,True,NOT_CHECKED,1.5422394
dlx3b,ebf3a,1.5417924,1.586343,True,NOT_CHECKED,1.5417924
hpcal4,hoxb1b,-1.5408819,-1.572089,True,NOT_CHECKED,1.5408819
prdm1a,ebf3a,-1.5400418,-0.8173911,True,NOT_CHECKED,1.5400418
hmgn2,elk3,1.5379766,3.593322,True,NOT_CHECKED,1.5379766
slc9a3r1a,mitfa,-1.5373349,-1.8742759,True,NOT_CHECKED,1.5373349
bmp5,tead3b,-1.5364423,-1.5432148,True,NOT_CHECKED,1.5364423
rxraa,hoxa9b,-1.5358745,-4.084146,True,NOT_CHECKED,1.5358745
adgrl1a,alx4a,-1.5344524,-1.7061821,True,NOT_CHECKED,1.5344524
cdh7a,ebf1b,-1.5336108,-1.1914988,True,NOT_CHECKED,1.5336108
galca,tfeb,-1.532911,-1.6599461,True,NOT_CHECKED,1.532911
impdh1b,fli1a,-1.5316273,-0.6871433,True,NOT_CHECKED,1.5316273
tle3a,nr2f6b,-1.5310442,-1.4134208,True,NOT_CHECKED,1.5310442
pdgfra,fosl2,-1.5303997,-2.8106375,True,NOT_CHECKED,1.5303997
ednrab,snai1a,-1.5296305,-2.589255,True,NOT_CHECKED,1.5296305
rxraa,tfap2e,-1.5294067,-4.066947,True,NOT_CHECKED,1.5294067
epcam,hnf1ba,1.5293171,1.5696237,True,NOT_CHECKED,1.5293171
dclk2a,fli1a,-1.5292966,-1.8813,True,NOT_CHECKED,1.5292966
fnip1,bhlhe40,1.528985,2.0941062,True,NOT_CHECKED,1.528985
her5,zic4,-1.5281491,-1.1991806,True,NOT_CHECKED,1.5281491
hsp70.3,nr2f6b,1.5271984,2.907251,True,NOT_CHECKED,1.5271984
fgfr1b,jun,1.5263886,2.0028207,True,NOT_CHECKED,1.5263886
col18a1a,fli1a,-1.5236509,-0.62120044,True,NOT_CHECKED,1.5236509
ctsba,ebf1b,-1.5235245,-1.1290693,True,NOT_CHECKED,1.5235245
diaph2,sox9b,-1.5232427,-1.2709155,True,NOT_CHECKED,1.5232427
plekhg2,rarga,1.5232317,1.5925843,True,NOT_CHECKED,1.5232317
thsd7aa,sox9b,1.5225343,1.6394994,True,NOT_CHECKED,1.5225343
si:ch211-108d22.2,sox9b,-1.521812,-1.7169483,True,NOT_CHECKED,1.521812
glula,tfap2e,1.5216154,1.2735976,True,NOT_CHECKED,1.5216154
grem2b,sox10,-1.5212662,-0.9418229,True,NOT_CHECKED,1.5212662
nid2a,sox10,-1.5201204,-1.2620289,True,NOT_CHECKED,1.5201204
fabp3,twist1b,-1.5197836,-2.888597,True,NOT_CHECKED,1.5197836
plxna4,ebf3a,-1.5195769,-1.7802017,True,NOT_CHECKED,1.5195769
man2b1,mitfa,1.5189902,1.1204125,True,NOT_CHECKED,1.5189902
gnav1,hnf1ba,-1.5187945,-1.4906404,True,NOT_CHECKED,1.5187945
nr4a2b,tfap2a,-1.5187634,-2.297457,True,NOT_CHECKED,1.5187634
krt18a.1,tead3b,-1.5186503,-0.81771535,True,NOT_CHECKED,1.5186503
atp6ap2,sox10,-1.5172756,-1.5015162,True,NOT_CHECKED,1.5172756
fabp3,hoxa2b,1.5172343,2.8837514,True,NOT_CHECKED,1.5172343
crabp2a,hoxa2b,1.5166608,2.0182376,True,NOT_CHECKED,1.5166608
sh3glb2b,mitfa,1.5153378,1.2879056,True,NOT_CHECKED,1.5153378
adgrl1a,fli1a,-1.5140485,-1.6834946,True,NOT_CHECKED,1.5140485
npb,snai1a,1.5127544,1.8483053,True,NOT_CHECKED,1.5127544
hbegfa,hoxb5b,1.512502,1.1721753,True,NOT_CHECKED,1.512502
kif26ab,ebf1b,-1.5115508,-1.0977343,True,NOT_CHECKED,1.5115508
pik3cb,nr2f6b,-1.5097076,-1.4106599,True,NOT_CHECKED,1.5097076
rxraa,sox6,-1.5096314,-4.0143614,True,NOT_CHECKED,1.5096314
tpm4a,mitfa,-1.5070362,-0.7987116,True,NOT_CHECKED,1.5070362
rab32a,tfap2a,-1.5065979,-1.0766705,True,NOT_CHECKED,1.5065979
pmp22a,zic2b,-1.5043852,-1.534238,True,NOT_CHECKED,1.5043852
plxdc2,bhlhe40,1.5038958,1.5965853,True,NOT_CHECKED,1.5038958
plppr3a,mitfa,-1.5037307,-2.670274,True,NOT_CHECKED,1.5037307
fgfr4,hoxa2b,-1.5030309,-1.0036204,True,NOT_CHECKED,1.5030309
nrp2b,nr2f6b,-1.5028123,-2.1058178,True,NOT_CHECKED,1.5028123
pdzrn3b,tfec,1.5025233,2.3621976,True,NOT_CHECKED,1.5025233
mdga1,ebf3a,-1.5016003,-1.4026413,True,NOT_CHECKED,1.5016003
pim1,tead3b,-1.5009625,-0.22612014,True,NOT_CHECKED,1.5009625
slc2a11b,mitfa,1.5000556,1.281143,True,NOT_CHECKED,1.5000556
dtnbp1a,ebf3a,-1.5000062,-1.3831578,True,NOT_CHECKED,1.5000062
cgnl1,fosl2,-1.49969,-0.9285888,True,NOT_CHECKED,1.49969
paics,sox6,-1.4994174,-1.7236601,True,NOT_CHECKED,1.4994174
lgmn,ebf3a,-1.4974722,-1.7450951,True,NOT_CHECKED,1.4974722
ephb3a,elf1,-1.4966494,-1.2786524,True,NOT_CHECKED,1.4966494
arhgef28a,tead1b,-1.4961033,-1.4558399,True,NOT_CHECKED,1.4961033
ptbp1b,sox6,-1.4952103,-1.2920073,True,NOT_CHECKED,1.4952103
fhl3a,hoxb9a,1.4950746,1.8731909,True,NOT_CHECKED,1.4950746
slc3a2a,tfap2a,-1.4945734,-0.6676941,True,NOT_CHECKED,1.4945734
tnc,rxraa,-1.4929231,-0.9797616,True,NOT_CHECKED,1.4929231
atp6v0e1,mitfa,1.4929051,0.55433154,True,NOT_CHECKED,1.4929051
fgfr3,hoxc3a,-1.4920126,-1.6629674,True,NOT_CHECKED,1.4920126
cbfb,alx4b,1.4911386,1.251525,True,NOT_CHECKED,1.4911386
cxxc5b,rarga,-1.490074,-1.7353606,True,NOT_CHECKED,1.490074
glb1l,tead1b,-1.4892664,-1.2187078,True,NOT_CHECKED,1.4892664
ttyh2l,bhlhe41,1.4888872,1.4697461,True,NOT_CHECKED,1.4888872
cadm1a,hoxa2b,1.4885623,1.3728107,True,NOT_CHECKED,1.4885623
dera,snai1a,-1.4881066,-2.1093602,True,NOT_CHECKED,1.4881066
krt18b,sox9b,-1.4879372,-1.4437617,True,NOT_CHECKED,1.4879372
tmem243b,mitfa,1.4867789,1.0986483,True,NOT_CHECKED,1.4867789
slc22a7a,tfap2e,1.4866571,1.7737039,True,NOT_CHECKED,1.4866571
tnfrsf19,zic2b,1.486084,2.6099768,True,NOT_CHECKED,1.486084
hivep1,elf1,-1.4851516,-1.3496155,True,NOT_CHECKED,1.4851516
dacha,tfeb,-1.483978,-0.891443,True,NOT_CHECKED,1.483978
kif2c,rarga,1.483863,1.6680435,True,NOT_CHECKED,1.483863
ankmy1,nr2f2,-1.4836495,-0.793289,True,NOT_CHECKED,1.4836495
slc39a14,tfap2a,-1.4833809,-0.7473304,True,NOT_CHECKED,1.4833809
sorbs1,tead3b,-1.4833513,-1.6341436,True,NOT_CHECKED,1.4833513
gna12a,ebf1b,-1.4823128,-0.7954918,True,NOT_CHECKED,1.4823128
twist1b,ebf3a,-1.4801039,-2.7247283,True,NOT_CHECKED,1.4801039
psap,bhlhe40,1.4788586,2.1410737,True,NOT_CHECKED,1.4788586
pbx1a,tfap2a,-1.4786223,-1.2744975,True,NOT_CHECKED,1.4786223
pnp4a,mitfa,1.4762787,1.4307003,True,NOT_CHECKED,1.4762787
chl1b,sox9b,-1.476073,-1.2625723,True,NOT_CHECKED,1.476073
nr2f5,rarga,-1.4758275,-7.8081408,True,NOT_CHECKED,1.4758275
fhl3a,jun,1.475295,1.8484087,True,NOT_CHECKED,1.475295
yap1,nr4a2b,-1.4752121,-0.6407246,True,NOT_CHECKED,1.4752121
zfp36l2,fli1a,1.4745592,1.966382,True,NOT_CHECKED,1.4745592
diaph2,rxraa,-1.4739552,-1.2297925,True,NOT_CHECKED,1.4739552
asb11,hoxb9a,1.4738233,1.8071067,True,NOT_CHECKED,1.4738233
lrrc58b,rxraa,-1.473701,-2.0240364,True,NOT_CHECKED,1.473701
ednrab,nr2f2,-1.4736943,-2.49457,True,NOT_CHECKED,1.4736943
gstp1,tfec,1.4735334,1.4577638,True,NOT_CHECKED,1.4735334
hat1,elf1,-1.4729918,-2.3189187,True,NOT_CHECKED,1.4729918
greb1l,sox9b,1.471375,1.6614293,True,NOT_CHECKED,1.471375
slc45a2,sox10,-1.4691725,-0.65949553,True,NOT_CHECKED,1.4691725
rabl6b,tfec,1.4689982,0.9265458,True,NOT_CHECKED,1.4689982
si:dkey-261h17.1,sox10,-1.46871,-0.9980143,True,NOT_CHECKED,1.46871
pleca,rarga,1.4680166,2.711319,True,NOT_CHECKED,1.4680166
rab32a,bhlhe40,1.4620326,1.0448225,True,NOT_CHECKED,1.4620326
slc2a3b,tfap2b,1.4609225,2.0289161,True,NOT_CHECKED,1.4609225
bicd1a,hoxc9a,1.4598774,1.7516949,True,NOT_CHECKED,1.4598774
smad3a,hoxc11b,1.4585578,1.6515498,True,NOT_CHECKED,1.4585578
sp9,hnf1ba,1.4584898,1.6707208,True,NOT_CHECKED,1.4584898
si:ch211-286o17.1,rxraa,1.4581637,1.469379,True,NOT_CHECKED,1.4581637
ebf3a,alx4a,-1.4562626,-0.5080727,True,NOT_CHECKED,1.4562626
jmjd1cb,sox9b,1.454809,2.2299817,True,NOT_CHECKED,1.454809
tubb2b,nr4a2b,-1.4544044,-2.480937,True,NOT_CHECKED,1.4544044
calua,snai1a,1.4523234,2.100493,True,NOT_CHECKED,1.4523234
si:ch211-222l21.1,tfap2e,-1.4517946,-2.2159297,True,NOT_CHECKED,1.4517946
cxxc4,zic2a,-1.4494876,-0.4544214,True,NOT_CHECKED,1.4494876
stxbp1a,mitfa,1.4491948,1.5242944,True,NOT_CHECKED,1.4491948
epha7,hoxc3a,-1.4491831,-1.6697588,True,NOT_CHECKED,1.4491831
slit3,fosl2,-1.4487053,-0.79192036,True,NOT_CHECKED,1.4487053
npl,mitfa,1.447861,1.5856274,True,NOT_CHECKED,1.447861
tle2a,ebf3a,-1.4475551,-1.3688521,True,NOT_CHECKED,1.4475551
rab1ab,bhlhe40,1.4471899,1.033107,True,NOT_CHECKED,1.4471899
krt18a.1,tfap2e,-1.4459465,-0.778568,True,NOT_CHECKED,1.4459465
myo10l1,ebf1b,-1.4440372,-1.4260721,True,NOT_CHECKED,1.4440372
si:dkey-30c15.10,fosl2,-1.4434177,-0.80543643,True,NOT_CHECKED,1.4434177
slc15a2,hoxb9a,1.4433222,0.9344892,True,NOT_CHECKED,1.4433222
cxxc4,tfap2c,-1.4429775,-0.4523805,True,NOT_CHECKED,1.4429775
npc2,tfec,-1.4427001,-0.6453503,True,NOT_CHECKED,1.4427001
trim71,ebf3a,-1.4423095,-2.7214234,True,NOT_CHECKED,1.4423095
rap1gap2a,sox6,-1.4422598,-1.2450027,True,NOT_CHECKED,1.4422598
sft2d1,mitfa,1.4416724,1.552059,True,NOT_CHECKED,1.4416724
tfap2a,sox10,-1.4409105,-7.227372,True,NOT_CHECKED,1.4409105
chst11,fli1a,1.4362147,2.1016502,True,NOT_CHECKED,1.4362147
fosl2,tead3b,-1.4352132,-6.5112376,True,NOT_CHECKED,1.4352132
kitlgb,nr2f1b,-1.4351374,-1.5293701,True,NOT_CHECKED,1.4351374
cacna1ba,zic2b,1.4345403,1.4110758,True,NOT_CHECKED,1.4345403
myo10l3,fosl2,1.434526,1.137961,True,NOT_CHECKED,1.434526
hoxc3a,hoxb9a,1.4340209,2.0128307,True,NOT_CHECKED,1.4340209
ENSDARG00000077648,tfec,-1.4331229,-1.4527692,True,NOT_CHECKED,1.4331229
cbfb,hoxc3a,-1.4313877,-1.2013756,True,NOT_CHECKED,1.4313877
kpna2,e2f7,-1.4309977,-1.7415814,True,NOT_CHECKED,1.4309977
gfra1a,sox10,-1.4306508,-1.5105141,True,NOT_CHECKED,1.4306508
pik3cb,fli1a,-1.430344,-1.3365031,True,NOT_CHECKED,1.430344
gdf6a,zic2b,1.4297593,1.1226766,True,NOT_CHECKED,1.4297593
sypl2b,sox10,-1.4291186,-1.0657672,True,NOT_CHECKED,1.4291186
slc39a14,alx4a,-1.4278973,-0.7193777,True,NOT_CHECKED,1.4278973
trabd2b,nr2f2,-1.4276204,-1.7194256,True,NOT_CHECKED,1.4276204
tfeb,fli1a,-1.4259235,-1.1053458,True,NOT_CHECKED,1.4259235
igfbp1a,tfec,1.4253136,2.0541663,True,NOT_CHECKED,1.4253136
cadm1a,tfap2a,-1.4233087,-1.3126312,True,NOT_CHECKED,1.4233087
prmt1,sox9b,1.4228708,2.723738,True,NOT_CHECKED,1.4228708
lgmn,rxraa,-1.421409,-1.6564541,True,NOT_CHECKED,1.421409
plaua,mitfa,1.4200321,1.4029202,True,NOT_CHECKED,1.4200321
atp11a,ebf3a,-1.419579,-1.1772704,True,NOT_CHECKED,1.419579
bloc1s3,bhlhe40,1.4179765,1.2492408,True,NOT_CHECKED,1.4179765
mocs2,mitfa,1.4150219,1.7061564,True,NOT_CHECKED,1.4150219
cst14b.1,tfap2a,-1.4147974,-0.8431704,True,NOT_CHECKED,1.4147974
wnt4,tfap2a,-1.4145755,-0.90248066,True,NOT_CHECKED,1.4145755
lipf,bhlhe41,1.4143524,1.411384,True,NOT_CHECKED,1.4143524
cacna1ba,tfap2a,-1.4131382,-1.3900238,True,NOT_CHECKED,1.4131382
itga5,rarga,-1.4113111,-2.1060853,True,NOT_CHECKED,1.4113111
stat3,bach2b,-1.4110936,-2.543474,True,NOT_CHECKED,1.4110936
arhgap36,hic1,1.4110703,2.0098097,True,NOT_CHECKED,1.4110703
neu1,mitfa,1.4103645,1.496483,True,NOT_CHECKED,1.4103645
gna12a,nr2f5,-1.4098619,-0.75661063,True,NOT_CHECKED,1.4098619
tmem176,hic1,1.409225,2.1367774,True,NOT_CHECKED,1.409225
nedd4a,sox10,-1.4091877,-1.1281892,True,NOT_CHECKED,1.4091877
apln,pbx1a,1.409017,2.0823066,True,NOT_CHECKED,1.409017
id2a,alx4a,-1.4088521,-1.5388407,True,NOT_CHECKED,1.4088521
stat3,fosl2,1.408404,2.538626,True,NOT_CHECKED,1.408404
adam10a,msx3,-1.4075638,-0.9489579,True,NOT_CHECKED,1.4075638
pdlim1,snai1a,1.4067241,1.673834,True,NOT_CHECKED,1.4067241
ppifb,bhlhe40,1.405516,1.3358928,True,NOT_CHECKED,1.405516
inka1a,hnf1bb,1.404583,1.644276,True,NOT_CHECKED,1.404583
usp10,tfap2a,-1.4043349,-0.8819456,True,NOT_CHECKED,1.4043349
bloc1s1,mitfa,1.4019111,1.1789422,True,NOT_CHECKED,1.4019111
mov10b.1,hoxb9a,1.4016073,2.218649,True,NOT_CHECKED,1.4016073
tmtc2a,rxraa,1.4012324,1.7091717,True,NOT_CHECKED,1.4012324
si:ch211-286o17.1,nr2f2,1.4011447,1.4119214,True,NOT_CHECKED,1.4011447
nedd4a,bhlhe41,1.4006264,1.1213353,True,NOT_CHECKED,1.4006264
plekha6,hnf1ba,-1.4006011,-1.5648069,True,NOT_CHECKED,1.4006011
zfhx4,nr2f5,1.4000521,1.8326076,True,NOT_CHECKED,1.4000521
ebf1b,nr4a2b,1.3995161,1.6056039,True,NOT_CHECKED,1.3995161
tcap,mitfa,1.3990768,1.4546815,True,NOT_CHECKED,1.3990768
armc1l,e2f7,-1.3989763,-1.9987133,True,NOT_CHECKED,1.3989763
abcd4,bhlhe41,1.3989311,1.9405273,True,NOT_CHECKED,1.3989311
plecb,tfap2a,-1.3978916,-1.3670093,True,NOT_CHECKED,1.3978916
sept9b,mitfa,1.3976631,1.3873345,True,NOT_CHECKED,1.3976631
lfng,nr2f6b,-1.3965374,-1.3741114,True,NOT_CHECKED,1.3965374
arvcfb,tfap2e,-1.3964413,-1.9336909,True,NOT_CHECKED,1.3964413
wwp2,sox9b,-1.3960605,-1.0344416,True,NOT_CHECKED,1.3960605
otx2b,zic4,-1.3945683,-2.2879174,True,NOT_CHECKED,1.3945683
sorbs1,hic1,1.3930895,1.534706,True,NOT_CHECKED,1.3930895
msx1b,fli1a,-1.3924289,-1.953668,True,NOT_CHECKED,1.3924289
manba,mitfa,1.3923248,1.7789464,True,NOT_CHECKED,1.3923248
rarga,sox10,-1.3919302,-2.3236673,True,NOT_CHECKED,1.3919302
tfeb,sox9b,-1.3902317,-1.0776783,True,NOT_CHECKED,1.3902317
npr1a,rxraa,-1.3901507,-0.98470783,True,NOT_CHECKED,1.3901507
fhod1,elf1,-1.3888677,-1.4293133,True,NOT_CHECKED,1.3888677
gfra4b,mitfa,-1.3853544,-1.4190983,True,NOT_CHECKED,1.3853544
kcnk10a,ebf3a,-1.3841555,-1.5242227,True,NOT_CHECKED,1.3841555
gphna,hoxa2b,-1.383834,-1.0427344,True,NOT_CHECKED,1.383834
greb1l,rarga,-1.3825293,-1.5611075,True,NOT_CHECKED,1.3825293
nfatc1,bach2b,-1.3824009,-0.9301674,True,NOT_CHECKED,1.3824009
pag1,zic4,-1.3816464,-2.0697362,True,NOT_CHECKED,1.3816464
ptpn4a,hoxb8a,1.3812705,2.2898583,True,NOT_CHECKED,1.3812705
vox,otx2b,1.3811105,1.5688759,True,NOT_CHECKED,1.3811105
ptprub,hoxc3a,-1.3789024,-1.5589846,True,NOT_CHECKED,1.3789024
col11a1b,sox10,-1.3778267,-0.9132724,True,NOT_CHECKED,1.3778267
si:ch73-127m5.1,rorab,-1.3774656,-1.7995397,True,NOT_CHECKED,1.3774656
cxcl12a,rarga,-1.3773457,-2.4856706,True,NOT_CHECKED,1.3773457
nr6a1b,hoxc3a,1.3770481,1.7644985,True,NOT_CHECKED,1.3770481
cxcl14,ebf3a,-1.3767666,-1.2363096,True,NOT_CHECKED,1.3767666
arhgef28a,hoxb8a,1.3758796,1.3388518,True,NOT_CHECKED,1.3758796
src,ebf1b,-1.3750151,-1.105951,True,NOT_CHECKED,1.3750151
sipa1l2,sox9b,1.3731387,0.96173453,True,NOT_CHECKED,1.3731387
fscn1a,rarga,-1.3724227,-2.911917,True,NOT_CHECKED,1.3724227
tle3b,sox9b,1.3718088,2.5339503,True,NOT_CHECKED,1.3718088
ccnjl,sox9b,1.3713827,2.321163,True,NOT_CHECKED,1.3713827
cib2,egr2b,1.3709564,1.949429,True,NOT_CHECKED,1.3709564
tmem130,bhlhe41,1.369577,1.4395195,True,NOT_CHECKED,1.369577
asap3,sox10,-1.3684713,-0.2959598,True,NOT_CHECKED,1.3684713
tgfbr3,tead3b,-1.3683457,-1.6073066,True,NOT_CHECKED,1.3683457
hmgb2a,tfec,-1.3679725,-1.5230271,True,NOT_CHECKED,1.3679725
asap3,fosl2,-1.367757,-0.29580534,True,NOT_CHECKED,1.367757
gdf6a,ebf1b,-1.3660756,-1.0726709,True,NOT_CHECKED,1.3660756
kcnq5a,nr2f5,-1.3644358,-1.5745442,True,NOT_CHECKED,1.3644358
atp2b4,tfap2a,-1.3626778,-0.3465198,True,NOT_CHECKED,1.3626778
rab7b,sox10,-1.3613373,-0.9017965,True,NOT_CHECKED,1.3613373
kif26ab,tbx15,-1.3612839,-0.9886059,True,NOT_CHECKED,1.3612839
hoxb1b,hoxb9a,1.361078,1.3036106,True,NOT_CHECKED,1.361078
hoxb6a,hoxb9a,1.3605567,1.3501807,True,NOT_CHECKED,1.3605567
zic5,zic2a,1.3604469,1.867081,True,NOT_CHECKED,1.3604469
lypd6b,hoxc9a,-1.360417,-1.4820088,True,NOT_CHECKED,1.360417
celf2,ebf3a,-1.3598688,-1.3990847,True,NOT_CHECKED,1.3598688
efemp2b,hoxd12a,1.359401,1.6597584,True,NOT_CHECKED,1.359401
mylk2,mitfa,-1.3590134,-1.240152,True,NOT_CHECKED,1.3590134
lpar1,hoxa9a,-1.3581959,-1.3033649,True,NOT_CHECKED,1.3581959
pnp4a,tfap2e,1.3577006,1.3157833,True,NOT_CHECKED,1.3577006
hoxd9a,hoxa9b,1.3572013,1.5327035,True,NOT_CHECKED,1.3572013
tead1b,nr2f5,-1.3570206,-2.7401814,True,NOT_CHECKED,1.3570206
chmp4bb,bhlhe40,1.355677,1.6338106,True,NOT_CHECKED,1.355677
notch2,tfap2a,-1.3538299,-0.94803697,True,NOT_CHECKED,1.3538299
msx1b,rxraa,-1.3535391,-1.8991032,True,NOT_CHECKED,1.3535391
ebf3a,elf1,-1.3530896,-0.47207686,True,NOT_CHECKED,1.3530896
mdh1aa,sox6,-1.3524798,-1.4052943,True,NOT_CHECKED,1.3524798
aldh9a1a.1,nr2f2,1.3519751,2.0887902,True,NOT_CHECKED,1.3519751
cdx4,hoxa9a,1.3503932,1.4136081,True,NOT_CHECKED,1.3503932
bin2b,jun,1.3490183,2.1161547,True,NOT_CHECKED,1.3490183
slit2,tfap2e,-1.3481952,-1.8457083,True,NOT_CHECKED,1.3481952
nfatc1,sox10,-1.3478267,-0.9069036,True,NOT_CHECKED,1.3478267
erbb3b,sox10,-1.3475238,-1.2355871,True,NOT_CHECKED,1.3475238
lhfpl2a,nr2f5,-1.3456862,-1.2109162,True,NOT_CHECKED,1.3456862
vat1,sox9b,-1.3451775,-0.83059174,True,NOT_CHECKED,1.3451775
cdh7a,hoxa4a,-1.34409,-1.0442556,True,NOT_CHECKED,1.34409
tead1b,bach2b,-1.3438859,-2.7136588,True,NOT_CHECKED,1.3438859
b4galt5,bhlhe40,1.3428868,1.7875252,True,NOT_CHECKED,1.3428868
stom,jun,1.341888,2.2154994,True,NOT_CHECKED,1.341888
kirrel3l,ebf3a,1.3408939,2.166445,True,NOT_CHECKED,1.3408939
sall4,fli1a,1.3405399,1.2840456,True,NOT_CHECKED,1.3405399
alg11,tfap2a,-1.3405081,-1.346092,True,NOT_CHECKED,1.3405081
sept9a,sox9b,-1.3404793,-0.69186825,True,NOT_CHECKED,1.3404793
gdf11,ebf1b,1.3401245,1.8304332,True,NOT_CHECKED,1.3401245
elf1,tfap2a,-1.338553,-2.3353446,True,NOT_CHECKED,1.338553
rarga,sox9b,-1.3366487,-2.2313812,True,NOT_CHECKED,1.3366487
dlgap5,nr2f6b,1.3365387,1.9414481,True,NOT_CHECKED,1.3365387
hoxa2b,hoxa9a,-1.3359296,-1.5755934,True,NOT_CHECKED,1.3359296
jun,tfap2e,-1.3353616,-4.83994,True,NOT_CHECKED,1.3353616
ssr2,bhlhe40,1.3346395,1.0916873,True,NOT_CHECKED,1.3346395
ctsba,tead1b,-1.3345832,-0.98904663,True,NOT_CHECKED,1.3345832
rabl6b,elf1,1.3330656,0.84080863,True,NOT_CHECKED,1.3330656
abcd4,tfec,1.3329419,1.8489903,True,NOT_CHECKED,1.3329419
hoxb1b,hoxb1a,-1.3318597,-1.275626,True,NOT_CHECKED,1.3318597
rab32a,bhlhe41,-1.3316853,-0.95167154,True,NOT_CHECKED,1.3316853
pdcd6,mitfa,1.3283547,1.9721365,True,NOT_CHECKED,1.3283547
hbegfa,hoxb9a,1.3274425,1.0287559,True,NOT_CHECKED,1.3274425
hivep1,rxraa,1.3252937,1.2043463,True,NOT_CHECKED,1.3252937
crlf1a,sox19a,-1.3240563,-0.90662634,True,NOT_CHECKED,1.3240563
tuba1c,msx3,1.3235134,1.9706404,True,NOT_CHECKED,1.3235134
cthrc1a,msx1b,-1.322334,-0.49223867,True,NOT_CHECKED,1.322334
mmp2,sox9b,-1.3219638,-0.99203956,True,NOT_CHECKED,1.3219638
irx7,tfap2e,-1.3218298,-1.4873693,True,NOT_CHECKED,1.3218298
hbegfa,sox10,-1.3216907,-1.0242983,True,NOT_CHECKED,1.3216907
zic2a,her9,-1.320085,-1.3340096,True,NOT_CHECKED,1.320085
mctp2a,sox9b,1.3199958,1.5148381,True,NOT_CHECKED,1.3199958
lin28a,sox9b,-1.3198122,-2.508726,True,NOT_CHECKED,1.3198122
tmem59l,rorab,1.3196709,1.8030677,True,NOT_CHECKED,1.3196709
alx4a,hoxa2b,-1.3196126,-1.4253422,True,NOT_CHECKED,1.3196126
naga,nfe2l2a,-1.319518,-1.2640597,True,NOT_CHECKED,1.319518
bloc1s4,mitfa,1.319444,1.166438,True,NOT_CHECKED,1.319444
nrp2a,msx1b,-1.3189204,-1.9978672,True,NOT_CHECKED,1.3189204
rrbp1b,ebf3a,1.3188858,1.0525297,True,NOT_CHECKED,1.3188858
stxbp1a,klf15,-1.3176174,-1.3858985,True,NOT_CHECKED,1.3176174
dtnbp1a,tfec,1.3160462,1.2135282,True,NOT_CHECKED,1.3160462
homer3b,bhlhe40,1.3141451,1.8592803,True,NOT_CHECKED,1.3141451
edil3a,nr2f6b,-1.3130968,-1.2426171,True,NOT_CHECKED,1.3130968
arl8ba,rorab,-1.3125933,-1.5621002,True,NOT_CHECKED,1.3125933
prkcea,tfec,1.3120421,1.5164952,True,NOT_CHECKED,1.3120421
stat3,elf1,-1.3113889,-2.3637578,True,NOT_CHECKED,1.3113889
asap3,rxraa,-1.3112912,-0.28359345,True,NOT_CHECKED,1.3112912
cbfb,msx1b,-1.3112521,-1.1005448,True,NOT_CHECKED,1.3112521
cbfb,twist1b,1.3093914,1.098983,True,NOT_CHECKED,1.3093914
caska,tead1b,1.3093154,1.2058656,True,NOT_CHECKED,1.3093154
gdf11,egr2b,-1.3091631,-1.788144,True,NOT_CHECKED,1.3091631
ctsba,bhlhe40,1.3083833,0.96963024,True,NOT_CHECKED,1.3083833
elmo1,rxraa,1.307892,2.794488,True,NOT_CHECKED,1.307892
hnrnpabb,elf1,-1.3075663,-1.84622,True,NOT_CHECKED,1.3075663
pdzrn3b,tfap2b,1.3072163,2.055145,True,NOT_CHECKED,1.3072163
gpm6bb,bhlhe40,1.3071125,0.872942,True,NOT_CHECKED,1.3071125
ssr2,etv5b,-1.3066993,-1.0688332,True,NOT_CHECKED,1.3066993
colec12,rxraa,-1.3062968,-0.96452814,True,NOT_CHECKED,1.3062968
hoxa11b,hoxc11b,1.3020482,1.7736689,True,NOT_CHECKED,1.3020482
msi1,otx2b,1.3013408,1.5530782,True,NOT_CHECKED,1.3013408
col4a6,zic2b,1.2996664,1.010377,True,NOT_CHECKED,1.2996664
mad2l1,snai1a,1.2995942,1.5478207,True,NOT_CHECKED,1.2995942
zgc:152830,bhlhe40,1.2991014,2.1356082,True,NOT_CHECKED,1.2991014
mgat4b,tfec,-1.2984838,-1.1131977,True,NOT_CHECKED,1.2984838
npr1a,hoxb9a,1.2981057,0.91950816,True,NOT_CHECKED,1.2981057
amotl2a,fosl2,-1.2978307,-2.3171535,True,NOT_CHECKED,1.2978307
tes,tfap2b,1.2968037,1.6681775,True,NOT_CHECKED,1.2968037
gria1a,tbx15,-1.2960318,-1.3206238,True,NOT_CHECKED,1.2960318
hspa5,jdp2b,1.2957758,2.4571989,True,NOT_CHECKED,1.2957758
tuba8l3,zic2b,-1.2945353,-0.92233354,True,NOT_CHECKED,1.2945353
tuba8l3,twist3,1.2926595,0.920997,True,NOT_CHECKED,1.2926595
prdx1,snai1a,-1.2924254,-2.0685802,True,NOT_CHECKED,1.2924254
grk6,tfec,-1.2920157,-1.037565,True,NOT_CHECKED,1.2920157
cdkn1ca,sox10,-1.2916,-1.408454,True,NOT_CHECKED,1.2916
rc3h2,mitfa,1.2910924,1.4994534,True,NOT_CHECKED,1.2910924
her5,otx2b,-1.2908173,-1.0129397,True,NOT_CHECKED,1.2908173
itga8,tfap2a,-1.2906312,-0.81862414,True,NOT_CHECKED,1.2906312
plpp3,elf1,-1.2901587,-1.7738973,True,NOT_CHECKED,1.2901587
hivep1,sox10,-1.2895712,-1.1718838,True,NOT_CHECKED,1.2895712
ldhba,tead3b,-1.2888385,-1.828859,True,NOT_CHECKED,1.2888385
atp6v0ca,fli1a,-1.2883613,-1.1673344,True,NOT_CHECKED,1.2883613
fhl3a,sox9b,-1.2870173,-1.6125143,True,NOT_CHECKED,1.2870173
gpsm2,snai1a,1.2860514,1.5969173,True,NOT_CHECKED,1.2860514
gch2,mitfa,1.285538,0.8719375,True,NOT_CHECKED,1.285538
entpd1,snai1a,1.2848862,0.86758506,True,NOT_CHECKED,1.2848862
vav2,sox9b,-1.2845639,-2.058533,True,NOT_CHECKED,1.2845639
arvcfb,tead1b,1.2842941,1.7783977,True,NOT_CHECKED,1.2842941
rdh8a,tfap2b,1.2840174,1.4581702,True,NOT_CHECKED,1.2840174
ccdc80l2,snai1a,1.2831936,0.90085554,True,NOT_CHECKED,1.2831936
efnb2a,hoxa2b,1.2820162,0.96028894,True,NOT_CHECKED,1.2820162
serp1,fli1a,-1.281792,-1.9222906,True,NOT_CHECKED,1.281792
pttg1ipb,rxraa,-1.2817041,-0.65727973,True,NOT_CHECKED,1.2817041
ralgps2,jun,1.2815707,1.9424335,True,NOT_CHECKED,1.2815707
rgs3a,elk3,-1.2815435,-1.0202353,True,NOT_CHECKED,1.2815435
pim1,nr4a2b,-1.2802277,-0.19286641,True,NOT_CHECKED,1.2802277
sema4ba,rxraa,1.2800401,0.85347104,True,NOT_CHECKED,1.2800401
hivep3b,elf1,-1.2791095,-1.1809218,True,NOT_CHECKED,1.2791095
pcdh10a,mitfa,1.2786348,1.1427599,True,NOT_CHECKED,1.2786348
mtus1b,nr2f6b,-1.2772733,-1.1845529,True,NOT_CHECKED,1.2772733
hoxb1b,hoxa9b,1.277088,1.2231667,True,NOT_CHECKED,1.277088
asah1b,mitfa,1.2764962,1.4752822,True,NOT_CHECKED,1.2764962
ripor1,bach2b,1.2750055,1.8681606,True,NOT_CHECKED,1.2750055
hoxa4a,hoxb1b,-1.2747741,-1.9007663,True,NOT_CHECKED,1.2747741
trpm1b,tfap2a,-1.2745185,-1.4128793,True,NOT_CHECKED,1.2745185
nrp2a,elk3,1.2744855,1.9305584,True,NOT_CHECKED,1.2744855
hps5,mitfa,1.2742198,1.5774659,True,NOT_CHECKED,1.2742198
cx30.3,mitfa,1.2741866,1.3231784,True,NOT_CHECKED,1.2741866
CABZ01021592.1,mitfa,1.2740952,1.4382137,True,NOT_CHECKED,1.2740952
iqsec1b,ebf3a,-1.2739336,-1.1914946,True,NOT_CHECKED,1.2739336
si:dkey-85n7.6,tfap2a,-1.2732849,-1.6668938,True,NOT_CHECKED,1.2732849
mtmr11,fosl2,1.2727095,2.2001162,True,NOT_CHECKED,1.2727095
pikfyve,mitfa,-1.27268,-1.3103765,True,NOT_CHECKED,1.27268
nsmfa,hoxc9a,-1.2724348,-1.7484659,True,NOT_CHECKED,1.2724348
gadd45ab,snai1a,1.272345,1.3076596,True,NOT_CHECKED,1.272345
pcdh10a,bhlhe40,1.2721385,1.1369541,True,NOT_CHECKED,1.2721385
id2a,otx2b,-1.2719644,-1.389323,True,NOT_CHECKED,1.2719644
chrd,egr2b,1.2716088,1.9649163,True,NOT_CHECKED,1.2716088
sept9b,bhlhe40,1.2699647,1.2605797,True,NOT_CHECKED,1.2699647
npc2,bach2b,-1.2695465,-0.567895,True,NOT_CHECKED,1.2695465
sgcd,pbx1a,1.2690663,1.1302311,True,NOT_CHECKED,1.2690663
atp6ap2,tfec,1.268896,1.2557164,True,NOT_CHECKED,1.268896
tpm4a,sox9b,-1.2679865,-0.67201805,True,NOT_CHECKED,1.2679865
atp6v0ca,ebf3a,-1.2669705,-1.147953,True,NOT_CHECKED,1.2669705
dcaf13,nfe2,1.2667515,2.2786622,True,NOT_CHECKED,1.2667515
mfap2,rxraa,1.2665757,1.0219029,True,NOT_CHECKED,1.2665757
ppat,jdp2b,-1.2665455,-1.5135057,True,NOT_CHECKED,1.2665455
svild,nr4a2b,1.2663527,1.8773321,True,NOT_CHECKED,1.2663527
elovl1b,tfec,-1.266077,-0.78018624,True,NOT_CHECKED,1.266077
sema6e,hnf1bb,1.2659576,1.3696239,True,NOT_CHECKED,1.2659576
hsp70l,tfap2a,-1.2656668,-1.0476687,True,NOT_CHECKED,1.2656668
ptmaa,ebf1b,1.2652243,2.6459079,True,NOT_CHECKED,1.2652243
rhbdf1a,rxraa,-1.2647309,-1.3089329,True,NOT_CHECKED,1.2647309
ENSDARG00000024966,fli1a,-1.2646226,-2.2393224,True,NOT_CHECKED,1.2646226
auts2b,otx2b,1.2643644,1.6268829,True,NOT_CHECKED,1.2643644
sft2d1,bhlhe40,1.2631816,1.3599013,True,NOT_CHECKED,1.2631816
lfng,sox9b,1.2630906,1.2428075,True,NOT_CHECKED,1.2630906
map3k21,hnf1ba,1.2630018,1.7145053,True,NOT_CHECKED,1.2630018
cbarpb,ebf3a,-1.2625709,-1.2190644,True,NOT_CHECKED,1.2625709
tpm4a,tfec,-1.2624419,-0.6690794,True,NOT_CHECKED,1.2624419
cthrc1a,zeb1b,-1.2616276,-0.46964067,True,NOT_CHECKED,1.2616276
krt18b,snai1a,1.2615819,1.2241267,True,NOT_CHECKED,1.2615819
tpx2,bhlhe40,-1.2599405,-1.5932018,True,NOT_CHECKED,1.2599405
pcdh19,hoxa4a,-1.2591312,-1.6952125,True,NOT_CHECKED,1.2591312
fgfr4,rxraa,-1.2589937,-0.84066916,True,NOT_CHECKED,1.2589937
b4galt5,tfeb,-1.2579246,-1.6744314,True,NOT_CHECKED,1.2579246
metrn,zeb1b,-1.25782,-1.0454421,True,NOT_CHECKED,1.25782
tet3,hoxc3a,1.2572638,1.8731974,True,NOT_CHECKED,1.2572638
pdlim4,tfap2e,-1.2571677,-0.3795992,True,NOT_CHECKED,1.2571677
naga,bhlhe40,1.2571313,1.2042952,True,NOT_CHECKED,1.2571313
rgs3a,rxraa,-1.2567813,-1.0005223,True,NOT_CHECKED,1.2567813
hmmr,nfe2,1.2553407,0.7900213,True,NOT_CHECKED,1.2553407
gdap2,tfec,1.2546345,0.9166948,True,NOT_CHECKED,1.2546345
sipa1l2,nr2f5,-1.2541741,-0.8784128,True,NOT_CHECKED,1.2541741
bin2b,klf15,-1.2541329,-1.9673114,True,NOT_CHECKED,1.2541329
ctsc,tfap2e,1.253649,1.2285132,True,NOT_CHECKED,1.253649
tuba1c,jdp2b,-1.2536033,-1.8665483,True,NOT_CHECKED,1.2536033
lypd6b,hoxa9a,-1.253031,-1.3650249,True,NOT_CHECKED,1.253031
ripor1,zeb1b,1.2530001,1.8359181,True,NOT_CHECKED,1.2530001
rnd3a,pknox2,-1.2526871,-1.7651012,True,NOT_CHECKED,1.2526871
ebf3a,zeb1b,-1.2516311,-0.4366792,True,NOT_CHECKED,1.2516311
fjx1,mitfa,1.2509478,0.98834103,True,NOT_CHECKED,1.2509478
ek1,tfap2a,-1.2506472,-0.9811629,True,NOT_CHECKED,1.2506472
msx3,tfap2a,-1.2499335,-1.4216889,True,NOT_CHECKED,1.2499335
col2a1b,snai1a,1.2494681,1.6539977,True,NOT_CHECKED,1.2494681
tle2a,tfap2a,-1.2491199,-1.1812057,True,NOT_CHECKED,1.2491199
wnt1,msx3,-1.24885,-1.075296,True,NOT_CHECKED,1.24885
rundc3ab,tfec,-1.2487131,-1.4977084,True,NOT_CHECKED,1.2487131
ENSDARG00000077648,mitfa,1.2452173,1.2622876,True,NOT_CHECKED,1.2452173
rbm47,rorab,-1.2449868,-1.4711609,True,NOT_CHECKED,1.2449868
amdhd2,tfap2b,1.2448678,1.2186633,True,NOT_CHECKED,1.2448678
col7a1l,ebf3a,-1.2431455,-1.0114049,True,NOT_CHECKED,1.2431455
mcf2l2,hoxa2b,1.2429062,1.5655519,True,NOT_CHECKED,1.2429062
emp2,hic1,1.2426977,0.70306224,True,NOT_CHECKED,1.2426977
srgap3,bhlhe40,1.2418808,1.5425704,True,NOT_CHECKED,1.2418808
epcam,otx2b,-1.2417896,-1.2745181,True,NOT_CHECKED,1.2417896
si:ch211-222l21.1,mitfa,-1.2410972,-1.8943341,True,NOT_CHECKED,1.2410972
zfp36l2,ebf3a,-1.2406031,-1.6543925,True,NOT_CHECKED,1.2406031
prkd3,zic2b,-1.239756,-1.1664253,True,NOT_CHECKED,1.239756
celf5a,ebf3a,-1.2395294,-1.4530712,True,NOT_CHECKED,1.2395294
pttg1ipb,bach2b,-1.2395161,-0.6356451,True,NOT_CHECKED,1.2395161
ENSDARG00000070174,hoxa2b,-1.2387428,-1.4940459,True,NOT_CHECKED,1.2387428
wnt4,jun,-1.2383089,-0.79002494,True,NOT_CHECKED,1.2383089
keap1a,ebf3a,-1.2375947,-0.9800111,True,NOT_CHECKED,1.2375947
atp6ap2,bhlhe40,1.2366145,1.2237703,True,NOT_CHECKED,1.2366145
chl1b,tfap2a,-1.2358412,-1.0570878,True,NOT_CHECKED,1.2358412
gria1a,ebf1b,-1.2350203,-1.2584546,True,NOT_CHECKED,1.2350203
si:ch211-198m17.1,pbx1a,-1.234196,-0.8462138,True,NOT_CHECKED,1.234196
CABZ01067761.1,tfap2e,1.23307,1.3850247,True,NOT_CHECKED,1.23307
crlf1a,rarga,-1.2317405,-0.8434146,True,NOT_CHECKED,1.2317405
atp6v1ba,mitfa,1.2313789,0.875072,True,NOT_CHECKED,1.2313789
caska,bhlhe40,-1.2312008,-1.1339229,True,NOT_CHECKED,1.2312008
ptprfa,sox9b,1.23084,1.0730109,True,NOT_CHECKED,1.23084
ccny,tfap2b,1.2307106,0.8947388,True,NOT_CHECKED,1.2307106
grem2b,sox9b,-1.2306399,-0.76189476,True,NOT_CHECKED,1.2306399
eno1a,alx4b,-1.2305503,-1.0390586,True,NOT_CHECKED,1.2305503
tmeff2a,ebf3a,-1.2304864,-1.6169105,True,NOT_CHECKED,1.2304864
ephb3a,bach2b,-1.2303686,-1.0511572,True,NOT_CHECKED,1.2303686
wnt4,sox9b,1.2284847,0.7837572,True,NOT_CHECKED,1.2284847
si:ch73-364h19.1,rarga,-1.228449,-1.9265547,True,NOT_CHECKED,1.228449
ivns1abpa,tfeb,-1.2283655,-1.2869748,True,NOT_CHECKED,1.2283655
prdm1a,rarga,1.2259465,0.6506822,True,NOT_CHECKED,1.2259465
si:dkey-172h23.2,fli1a,1.2256459,0.9482272,True,NOT_CHECKED,1.2256459
rrbp1b,bach2b,1.2238859,0.9767156,True,NOT_CHECKED,1.2238859
rarga,hoxc3a,-1.2238094,-2.043009,True,NOT_CHECKED,1.2238094
antxr1c,snai1a,1.221292,1.9215045,True,NOT_CHECKED,1.221292
ahnak,sox10,-1.2212356,-0.46103516,True,NOT_CHECKED,1.2212356
hspa5,tfap2a,-1.2211841,-2.3157496,True,NOT_CHECKED,1.2211841
afap1l1a,tfap2a,-1.2209604,-0.7830437,True,NOT_CHECKED,1.2209604
llgl1,tead1b,1.2209433,2.4532087,True,NOT_CHECKED,1.2209433
wnt1,otx2b,1.220828,1.0511683,True,NOT_CHECKED,1.220828
si:dkey-261h17.1,tfap2a,-1.2206095,-0.8294257,True,NOT_CHECKED,1.2206095
gpd2,tfec,1.2201313,1.2777638,True,NOT_CHECKED,1.2201313
atp1b3a,tfap2a,-1.2200471,-0.9040592,True,NOT_CHECKED,1.2200471
nrp2a,nr2f6b,-1.2197785,-1.8476897,True,NOT_CHECKED,1.2197785
nxn,hnf1ba,1.2191987,1.8512961,True,NOT_CHECKED,1.2191987
mob3c,tfap2e,1.2187203,1.148439,True,NOT_CHECKED,1.2187203
jmjd1cb,alx4a,1.2180529,1.8670737,True,NOT_CHECKED,1.2180529
arhgef28a,ebf3a,-1.2177515,-1.1849792,True,NOT_CHECKED,1.2177515
col7a1,hnf1ba,1.2173736,1.6055592,True,NOT_CHECKED,1.2173736
si:ch211-152c2.3,tfap2c,-1.217065,-1.2238553,True,NOT_CHECKED,1.217065
mcf2l2,sox9b,-1.2169942,-1.5329133,True,NOT_CHECKED,1.2169942
dctn5,snai1a,-1.2167728,-1.4844024,True,NOT_CHECKED,1.2167728
angptl2b,hoxa9a,-1.2167455,-1.7751733,True,NOT_CHECKED,1.2167455
asap3,elk3,-1.2162601,-0.26304102,True,NOT_CHECKED,1.2162601
kif20bb,fosl2,-1.2158824,-1.3609388,True,NOT_CHECKED,1.2158824
alx4a,sox9b,-1.215343,-1.3127184,True,NOT_CHECKED,1.215343
dlx2a,nr2f1b,1.2147105,1.1279914,True,NOT_CHECKED,1.2147105
slc15a4,bhlhe40,1.2145628,1.311643,True,NOT_CHECKED,1.2145628
bend3,tfeb,-1.2144216,-1.3995963,True,NOT_CHECKED,1.2144216
grem2b,ebf3a,1.2141956,0.751714,True,NOT_CHECKED,1.2141956
myo10l1,sox9b,1.2130991,1.1980072,True,NOT_CHECKED,1.2130991
vps39,bhlhe40,1.2130198,0.9952861,True,NOT_CHECKED,1.2130198
sema6e,ebf1b,-1.2110935,-1.3102672,True,NOT_CHECKED,1.2110935
cdh11,msx1b,-1.2100106,-0.54943424,True,NOT_CHECKED,1.2100106
gdf6a,sox9b,1.207201,0.94791925,True,NOT_CHECKED,1.207201
slc12a9,bhlhe40,1.2070131,1.895348,True,NOT_CHECKED,1.2070131
thsd7aa,zic2b,1.2066978,1.2993996,True,NOT_CHECKED,1.2066978
edil3a,otx2b,-1.2065907,-1.1418276,True,NOT_CHECKED,1.2065907
cdh1,mitfa,-1.2056422,-0.8344776,True,NOT_CHECKED,1.2056422
sox13,zic2b,1.2056178,1.6913238,True,NOT_CHECKED,1.2056178
id1,rarga,-1.2053727,-1.8068438,True,NOT_CHECKED,1.2053727
pdia6,her9,-1.2045658,-1.5200577,True,NOT_CHECKED,1.2045658
tmem243b,bhlhe40,1.2036179,0.8894079,True,NOT_CHECKED,1.2036179
impdh1b,rarga,-1.2035705,-0.5399652,True,NOT_CHECKED,1.2035705
oc90,sox6,-1.2028586,-0.7958877,True,NOT_CHECKED,1.2028586
plekhn1,rarga,1.2018975,1.3021113,True,NOT_CHECKED,1.2018975
npl,tfec,1.2004504,1.3146753,True,NOT_CHECKED,1.2004504
ppfia4,mitfa,1.1996824,1.15937,True,NOT_CHECKED,1.1996824
slc3a2a,ebf3a,-1.199679,-0.5359514,True,NOT_CHECKED,1.199679
col12a1a,egr2b,1.1995044,1.463262,True,NOT_CHECKED,1.1995044
si:dkey-56m19.5,zic4,-1.1994324,-0.7520748,True,NOT_CHECKED,1.1994324
hspa5,elf1,1.1993357,2.2743182,True,NOT_CHECKED,1.1993357
pnpla6,mitfa,1.1987367,1.1918073,True,NOT_CHECKED,1.1987367
syngr1a,tfap2e,1.1984088,1.3518707,True,NOT_CHECKED,1.1984088
myo1b,elk3,1.1977605,2.0168777,True,NOT_CHECKED,1.1977605
hps4,tfap2e,1.1973602,1.7057254,True,NOT_CHECKED,1.1973602
cyp2y3,hnf1ba,1.1956965,1.3879511,True,NOT_CHECKED,1.1956965
atic,sox6,-1.1955302,-1.597653,True,NOT_CHECKED,1.1955302
mindy3,ebf3a,1.1949829,2.0328553,True,NOT_CHECKED,1.1949829
kitlgb,sox10,-1.1944247,-1.272852,True,NOT_CHECKED,1.1944247
cx30.3,tfap2e,1.1912106,1.237012,True,NOT_CHECKED,1.1912106
atp6v0e1,tfap2a,-1.190524,-0.4420542,True,NOT_CHECKED,1.190524
pepd,bhlhe40,1.1904541,2.0634968,True,NOT_CHECKED,1.1904541
ccdc22,mitfa,1.1901473,0.8386531,True,NOT_CHECKED,1.1901473
tln2a,sox9b,1.1898079,2.540052,True,NOT_CHECKED,1.1898079
lypd6b,hoxa9b,-1.1896803,-1.296012,True,NOT_CHECKED,1.1896803
tgfbr3,snai1a,-1.1889145,-1.3965404,True,NOT_CHECKED,1.1889145
hsp70.3,tead3b,-1.1883225,-2.26215,True,NOT_CHECKED,1.1883225
atp6v0a2b,bhlhe40,1.1880693,1.6317258,True,NOT_CHECKED,1.1880693
bmpr1ab,jun,1.1862193,2.625265,True,NOT_CHECKED,1.1862193
thbs1b,hoxb8a,-1.1845784,-0.7318482,True,NOT_CHECKED,1.1845784
prkd3,tfap2a,-1.1838094,-1.113788,True,NOT_CHECKED,1.1838094
sept9a,hoxa2b,-1.1837124,-0.61095536,True,NOT_CHECKED,1.1837124
CABZ01080568.1,hnf1bb,-1.1826707,-2.482471,True,NOT_CHECKED,1.1826707
crip3,hoxb9a,1.1806163,1.4360186,True,NOT_CHECKED,1.1806163
dag1,tead3b,-1.1804254,-1.6229978,True,NOT_CHECKED,1.1804254
fam189a1,etv5b,-1.1801171,-1.307966,True,NOT_CHECKED,1.1801171
kif26ab,ebf3a,-1.179715,-0.85674506,True,NOT_CHECKED,1.179715
cryba2b,hnf1bb,-1.1782607,-1.8196849,True,NOT_CHECKED,1.1782607
lmx1ba,ebf3a,-1.1770337,-1.5159274,True,NOT_CHECKED,1.1770337
tmem130,tfeb,-1.1768267,-1.2369257,True,NOT_CHECKED,1.1768267
slc35f6,bhlhe40,1.176782,1.2203848,True,NOT_CHECKED,1.176782
suco,bach2b,-1.1761457,-1.6607072,True,NOT_CHECKED,1.1761457
bloc1s6,bhlhe41,1.1760943,1.441767,True,NOT_CHECKED,1.1760943
ppp1r13l,snai1a,1.176042,1.435307,True,NOT_CHECKED,1.176042
afap1l1b,rxraa,1.1750691,2.0036843,True,NOT_CHECKED,1.1750691
pttg1ipb,tfap2e,-1.1748672,-0.602492,True,NOT_CHECKED,1.1748672
atg4da,bhlhe40,1.1739571,1.680752,True,NOT_CHECKED,1.1739571
maff,ebf3a,-1.1735157,-1.3939161,True,NOT_CHECKED,1.1735157
atp6v1c1b,mitfa,1.1732905,1.377766,True,NOT_CHECKED,1.1732905
adgrl1a,hnf1bb,1.1729432,1.3042142,True,NOT_CHECKED,1.1729432
cgnl1,rarga,-1.1727796,-0.72617,True,NOT_CHECKED,1.1727796
scamp3,mitfa,1.1717796,1.1366401,True,NOT_CHECKED,1.1717796
cdkn1ca,elf1,-1.1714842,-1.2774711,True,NOT_CHECKED,1.1714842
cxxc4,ebf3a,-1.1710438,-0.36712793,True,NOT_CHECKED,1.1710438
cacna1ia,hoxa9a,1.1709915,1.0742934,True,NOT_CHECKED,1.1709915
hmgb2a,tfap2b,1.170915,1.3036338,True,NOT_CHECKED,1.170915
fuca2,bhlhe40,1.1704376,0.9965228,True,NOT_CHECKED,1.1704376
ddr1,hnf1ba,-1.1698284,-1.8510085,True,NOT_CHECKED,1.1698284
ralgps2,rxraa,-1.1688564,-1.7715962,True,NOT_CHECKED,1.1688564
krt18b,tfeb,-1.168497,-1.1338054,True,NOT_CHECKED,1.168497
rgcc,hoxb8a,1.1683537,1.6030374,True,NOT_CHECKED,1.1683537
krt8,snai1a,1.1683047,1.5541186,True,NOT_CHECKED,1.1683047
gna12a,sox9b,-1.1673232,-0.6264509,True,NOT_CHECKED,1.1673232
mibp,elf1,-1.1671154,-1.8111259,True,NOT_CHECKED,1.1671154
ebf2,nr2f6b,-1.1662222,-1.7804073,True,NOT_CHECKED,1.1662222
si:dkey-205h13.1,sox9b,1.1655531,1.6718673,True,NOT_CHECKED,1.1655531
khdrbs1a,sox9b,1.1650695,2.6965845,True,NOT_CHECKED,1.1650695
bmper,alx4a,-1.164825,-1.2727485,True,NOT_CHECKED,1.164825
emd,snai1a,1.1647048,1.191486,True,NOT_CHECKED,1.1647048
ek1,otx2b,1.1646928,0.9137296,True,NOT_CHECKED,1.1646928
rap1gap2a,ebf3a,-1.1645669,-1.0052898,True,NOT_CHECKED,1.1645669
epha7,otx2b,1.1643888,1.3416169,True,NOT_CHECKED,1.1643888
afap1l1a,hoxb1a,-1.1640848,-0.7465674,True,NOT_CHECKED,1.1640848
mgat4b,mitfa,1.1635811,0.9975448,True,NOT_CHECKED,1.1635811
vps39,rorab,-1.1618409,-0.9532936,True,NOT_CHECKED,1.1618409
fjx1,alx4b,-1.1618317,-0.91793275,True,NOT_CHECKED,1.1618317
myo10l1,ebf3a,-1.1615059,-1.1470559,True,NOT_CHECKED,1.1615059
dag1,bach2b,1.1606483,1.5958056,True,NOT_CHECKED,1.1606483
CR936977.2,rarga,-1.1603819,-1.5456021,True,NOT_CHECKED,1.1603819
snai1a,twist3,1.1602206,1.078148,True,NOT_CHECKED,1.1602206
prdm1a,elf1,-1.1585302,-0.6149004,True,NOT_CHECKED,1.1585302
krt8,rxraa,1.1580397,1.5404639,True,NOT_CHECKED,1.1580397
lmx1ba,zic2b,1.1576282,1.4909346,True,NOT_CHECKED,1.1576282
BX571715.1,ebf3a,-1.1570872,-0.67538434,True,NOT_CHECKED,1.1570872
id1,mitfa,-1.1570477,-1.734405,True,NOT_CHECKED,1.1570477
mdga1,mitfa,1.1570024,1.0807533,True,NOT_CHECKED,1.1570024
eya1,tbx15,1.156789,0.77818567,True,NOT_CHECKED,1.156789
pim1,tead1b,-1.1567783,-0.17426877,True,NOT_CHECKED,1.1567783
nrp2a,ebf3a,-1.1562804,-1.7515043,True,NOT_CHECKED,1.1562804
pag1,bhlhe41,1.1548451,1.729983,True,NOT_CHECKED,1.1548451
slc15a4,sox10,-1.1546922,-1.2469869,True,NOT_CHECKED,1.1546922
dusp6,elk3,1.1535631,1.5923661,True,NOT_CHECKED,1.1535631
epha4b,tfap2a,-1.1527596,-0.813183,True,NOT_CHECKED,1.1527596
arhgef28a,hoxb9a,1.151783,1.120786,True,NOT_CHECKED,1.151783
prkcea,rorab,1.1513277,1.330737,True,NOT_CHECKED,1.1513277
atp6ap1b,bhlhe40,1.1506854,1.0277352,True,NOT_CHECKED,1.1506854
cdx4,hoxb9a,1.1491551,1.2029496,True,NOT_CHECKED,1.1491551
kif5c,hoxb9a,-1.1482015,-1.182091,True,NOT_CHECKED,1.1482015
tmem204,snai1a,1.1478062,1.6718013,True,NOT_CHECKED,1.1478062
fam189a1,tead1b,1.1475794,1.2719033,True,NOT_CHECKED,1.1475794
prkd3,sox9b,-1.1472707,-1.0794104,True,NOT_CHECKED,1.1472707
rrbp1b,tfap2b,-1.1463449,-0.91483444,True,NOT_CHECKED,1.1463449
col4a6,tfap2a,-1.1455011,-0.89052707,True,NOT_CHECKED,1.1455011
man2a1,tfap2b,1.1454371,1.5524688,True,NOT_CHECKED,1.1454371
hoxb6b,hoxc11b,1.1453505,1.1270242,True,NOT_CHECKED,1.1453505
prkceb,tfap2b,1.1447164,1.423635,True,NOT_CHECKED,1.1447164
osbpl10b,bach2b,1.144063,1.8591225,True,NOT_CHECKED,1.144063
mef2ca,tead1b,-1.1440226,-1.3220606,True,NOT_CHECKED,1.1440226
ENSDARG00000042329,rxraa,1.1430101,0.9631185,True,NOT_CHECKED,1.1430101
gfra1a,hoxb8a,1.142916,1.206717,True,NOT_CHECKED,1.142916
plxdc2,msx3,-1.1429101,-1.213351,True,NOT_CHECKED,1.1429101
nsmfa,hoxa9a,-1.142339,-1.5697,True,NOT_CHECKED,1.142339
serpinh1b,zeb1b,1.1401982,1.8783119,True,NOT_CHECKED,1.1401982
aldob,sox9b,1.1400245,2.6309676,True,NOT_CHECKED,1.1400245
edil3a,ebf1b,-1.139146,-1.0780029,True,NOT_CHECKED,1.139146
tspan36,sox9b,-1.1389971,-0.84281164,True,NOT_CHECKED,1.1389971
tpm4a,bach2b,-1.1382706,-0.6032701,True,NOT_CHECKED,1.1382706
cxxc5b,tfec,1.1381232,1.3254738,True,NOT_CHECKED,1.1381232
edil3a,msx1b,-1.137894,-1.0768182,True,NOT_CHECKED,1.137894
ccdc22,tfap2e,1.1378461,0.80179834,True,NOT_CHECKED,1.1378461
calr3b,elf1,1.1375676,2.0212595,True,NOT_CHECKED,1.1375676
mdka,tfap2a,-1.1375452,-1.7280027,True,NOT_CHECKED,1.1375452
lsp1a,alx4b,1.1370243,1.5732458,True,NOT_CHECKED,1.1370243
cln5,klf15,1.13676,1.5261507,True,NOT_CHECKED,1.13676
tnc,msx1b,-1.1366168,-0.7459283,True,NOT_CHECKED,1.1366168
vps41,mitfa,1.136326,1.4190744,True,NOT_CHECKED,1.136326
atp6ap2,ebf3a,-1.1359828,-1.1241838,True,NOT_CHECKED,1.1359828
alcama,hoxa2b,-1.1350449,-2.2834718,True,NOT_CHECKED,1.1350449
lgmn,tfec,1.1347057,1.3223413,True,NOT_CHECKED,1.1347057
myo10l3,tead1b,-1.133274,-0.89898795,True,NOT_CHECKED,1.133274
hoxc3a,hoxc9a,1.132843,1.5900893,True,NOT_CHECKED,1.132843
dlx2a,sox10,-1.1318775,-1.0510719,True,NOT_CHECKED,1.1318775
wnt4,otx2b,1.1312158,0.7217009,True,NOT_CHECKED,1.1312158
rgs2,bhlhe40,-1.1303005,-0.99466926,True,NOT_CHECKED,1.1303005
hoxb5a,hoxa9a,1.1302642,1.1602927,True,NOT_CHECKED,1.1302642
slc15a2,ebf3a,-1.1300931,-0.73168683,True,NOT_CHECKED,1.1300931
gdap2,zeb1b,-1.1292804,-0.82510525,True,NOT_CHECKED,1.1292804
atp6v0e1,bach2b,-1.1288884,-0.41916826,True,NOT_CHECKED,1.1288884
cst14b.1,bhlhe40,1.1282167,0.67237824,True,NOT_CHECKED,1.1282167
hmgb2a,mitfa,-1.1275,-1.255298,True,NOT_CHECKED,1.1275
pim1,tfeb,1.1273655,0.16983771,True,NOT_CHECKED,1.1273655
tuba8l3,sox9b,-1.1255054,-0.8019027,True,NOT_CHECKED,1.1255054
hs1bp3,bhlhe40,1.1249272,1.4375948,True,NOT_CHECKED,1.1249272
mcf2l2,rxraa,1.1246483,1.4165955,True,NOT_CHECKED,1.1246483
fam219aa,mitfa,1.1203448,1.5210196,True,NOT_CHECKED,1.1203448
lhfpl2a,snai1a,1.1203266,1.0081263,True,NOT_CHECKED,1.1203266
ivns1abpa,tfap2b,-1.11909,-1.1724854,True,NOT_CHECKED,1.11909
tspan36,tfap2a,-1.1190203,-0.8280297,True,NOT_CHECKED,1.1190203
arvcfb,zic2b,-1.1188384,-1.5492865,True,NOT_CHECKED,1.1188384
kcnab1a,fosl2,-1.1184859,-1.2834753,True,NOT_CHECKED,1.1184859
dennd4a,tfap2a,-1.1181508,-0.93128496,True,NOT_CHECKED,1.1181508
ccn2a,sox10,-1.1168888,-0.38475454,True,NOT_CHECKED,1.1168888
fkbp9,bhlhe40,-1.116197,-2.0919633,True,NOT_CHECKED,1.116197
iqgap1,tfap2a,-1.1160406,-0.95529544,True,NOT_CHECKED,1.1160406
sash1b,mitfa,1.1160141,1.7597626,True,NOT_CHECKED,1.1160141
col7a1,msx1b,1.1159774,1.4718306,True,NOT_CHECKED,1.1159774
tubb4b,snai1a,1.1156505,1.8588616,True,NOT_CHECKED,1.1156505
krt18b,tfap2a,-1.1151732,-1.0820647,True,NOT_CHECKED,1.1151732
vps39,tfec,-1.1151524,-0.91498554,True,NOT_CHECKED,1.1151524
ccn2a,fosl2,-1.1146301,-0.38397643,True,NOT_CHECKED,1.1146301
cthrc1a,msx3,-1.1135032,-0.4145014,True,NOT_CHECKED,1.1135032
calr3b,fli1a,1.1133,1.9781402,True,NOT_CHECKED,1.1133
elk3,bach2b,-1.1131074,-1.7939352,True,NOT_CHECKED,1.1131074
mdh1aa,klf15,1.1130602,1.1565254,True,NOT_CHECKED,1.1130602
arvcfb,rxraa,1.1130078,1.5412127,True,NOT_CHECKED,1.1130078
ccdc85b,tfap2a,-1.1104499,-0.56661296,True,NOT_CHECKED,1.1104499
emc2,zic2b,1.110425,2.2878358,True,NOT_CHECKED,1.110425
kirrel3l,hoxa2b,1.1096745,1.7928702,True,NOT_CHECKED,1.1096745
myo10l3,zic2b,-1.10888,-0.8796371,True,NOT_CHECKED,1.10888
hsp70.1,sox9b,1.1084361,1.7213472,True,NOT_CHECKED,1.1084361
crlf1a,tfeb,-1.1071414,-0.7580974,True,NOT_CHECKED,1.1071414
myo10l1,sox10,1.1066129,1.0928457,True,NOT_CHECKED,1.1066129
myo6b,rarga,1.1065962,1.4020981,True,NOT_CHECKED,1.1065962
sox6,hoxa9b,-1.106585,-4.6165543,True,NOT_CHECKED,1.106585
prdm1a,bach2b,-1.1065037,-0.58728683,True,NOT_CHECKED,1.1065037
mych,bhlhe40,-1.1054634,-2.497334,True,NOT_CHECKED,1.1054634
ptprz1b,nr4a3,1.105327,1.245988,True,NOT_CHECKED,1.105327
dtnbp1a,tfap2a,-1.105219,-1.019124,True,NOT_CHECKED,1.105219
lamb1a,tfap2a,-1.1043907,-1.2397276,True,NOT_CHECKED,1.1043907
tmem125b,klf15,1.1042228,1.4454284,True,NOT_CHECKED,1.1042228
amotl2a,jun,1.1040317,1.9711437,True,NOT_CHECKED,1.1040317
psd2,rxraa,-1.1038501,-1.0030124,True,NOT_CHECKED,1.1038501
phactr2,klf15,1.1034012,1.409677,True,NOT_CHECKED,1.1034012
tmem243b,tfec,-1.1030194,-0.815071,True,NOT_CHECKED,1.1030194
zgc:152830,bhlhe41,1.1030072,1.8132466,True,NOT_CHECKED,1.1030072
hexb,tead1b,-1.1028041,-1.295654,True,NOT_CHECKED,1.1028041
mthfd1l,jun,-1.1027777,-1.5645471,True,NOT_CHECKED,1.1027777
tes,elf1,-1.1027211,-1.4185144,True,NOT_CHECKED,1.1027211
zgc:154093,elf1,-1.1015135,-1.0576674,True,NOT_CHECKED,1.1015135
nsmfa,hoxa9b,-1.1011933,-1.5131612,True,NOT_CHECKED,1.1011933
zcchc24,rxraa,-1.101162,-1.498047,True,NOT_CHECKED,1.101162
ctsd,ebf3a,1.0996006,1.3384554,True,NOT_CHECKED,1.0996006
tgfbr3,hoxa2b,1.0986549,1.2905183,True,NOT_CHECKED,1.0986549
egr3,nr4a3,-1.0986509,-1.3512957,True,NOT_CHECKED,1.0986509
gabarapb,tfec,1.0985421,2.046397,True,NOT_CHECKED,1.0985421
plpp3,alx4a,1.0979921,1.5096787,True,NOT_CHECKED,1.0979921
ctsd,tead1b,-1.0973454,-1.3357104,True,NOT_CHECKED,1.0973454
gmps,bhlhe41,1.0971283,1.7450751,True,NOT_CHECKED,1.0971283
hoxb3a,hoxb8a,-1.0965751,-1.4354879,True,NOT_CHECKED,1.0965751
zbtb16a,her9,1.096027,2.9044957,True,NOT_CHECKED,1.096027
prss16,mitfa,1.0959257,0.96431446,True,NOT_CHECKED,1.0959257
hsh2d,sox6,-1.0953497,-1.3222581,True,NOT_CHECKED,1.0953497
eno1a,bhlhe41,1.0952865,0.9248438,True,NOT_CHECKED,1.0952865
cenpf,tfec,-1.0944963,-1.3367783,True,NOT_CHECKED,1.0944963
elavl3,jun,-1.0933338,-1.4456049,True,NOT_CHECKED,1.0933338
actb1,snai1a,1.0933062,2.3360443,True,NOT_CHECKED,1.0933062
kalrnb,nr2f5,1.0929383,2.1248784,True,NOT_CHECKED,1.0929383
hoxb5a,hoxa9b,1.0920745,1.1210885,True,NOT_CHECKED,1.0920745
gdap2,tfap2b,1.0920161,0.7978782,True,NOT_CHECKED,1.0920161
rc3h2,tfec,1.0918192,1.2680207,True,NOT_CHECKED,1.0918192
alcama,jun,-1.0913544,-2.1955755,True,NOT_CHECKED,1.0913544
slc45a2,tfec,1.0904832,0.48950604,True,NOT_CHECKED,1.0904832
sox10,sox9b,1.0897838,6.101334,True,NOT_CHECKED,1.0897838
itga8,sox9b,-1.089522,-0.69106424,True,NOT_CHECKED,1.089522
serpinh1b,klf15,-1.0888587,-1.7937374,True,NOT_CHECKED,1.0888587
jdp2b,jun,1.0883645,2.0608554,True,NOT_CHECKED,1.0883645
atp2b4,zic2b,-1.0870146,-0.27642047,True,NOT_CHECKED,1.0870146
notch2,nr2f5,-1.0868465,-0.7610783,True,NOT_CHECKED,1.0868465
sorbs1,rxraa,1.0851897,1.1955062,True,NOT_CHECKED,1.0851897
serinc5,tfap2a,-1.0843072,-0.7224456,True,NOT_CHECKED,1.0843072
f3b,tead3b,-1.0839343,-1.5440751,True,NOT_CHECKED,1.0839343
meis1b,nr4a3,-1.0838993,-1.4195579,True,NOT_CHECKED,1.0838993
pcbd1,tfeb,1.0823568,0.87163025,True,NOT_CHECKED,1.0823568
pik3r3b,sox9b,1.0821447,1.3160393,True,NOT_CHECKED,1.0821447
mef2ca,sox9b,-1.0812699,-1.249542,True,NOT_CHECKED,1.0812699
prkceb,elf1,1.0792761,1.3422498,True,NOT_CHECKED,1.0792761
yap1,tead3b,-1.0792263,-0.4687372,True,NOT_CHECKED,1.0792263
ndrg1a,snai1a,-1.0783362,-0.6428674,True,NOT_CHECKED,1.0783362
tfap2b,tfec,1.0775843,1.6389407,True,NOT_CHECKED,1.0775843
entpd1,fli1a,-1.0775001,-0.7275531,True,NOT_CHECKED,1.0775001
asah1b,tfap2e,1.0762694,1.2438745,True,NOT_CHECKED,1.0762694
mdka,tfap2e,-1.0755029,-1.6337563,True,NOT_CHECKED,1.0755029
cenpf,elf1,-1.0753155,-1.3133515,True,NOT_CHECKED,1.0753155
mdka,nr2f2,1.0737295,1.6310626,True,NOT_CHECKED,1.0737295
slit3,egr4,-1.0729861,-0.5865371,True,NOT_CHECKED,1.0729861
erbb3b,jun,1.0716336,0.9826147,True,NOT_CHECKED,1.0716336
rrbp1b,fosl2,1.0715522,0.85514647,True,NOT_CHECKED,1.0715522
krt18a.1,nr2f5,-1.0711876,-0.5767796,True,NOT_CHECKED,1.0711876
tgfbr3,nr2f2,1.0695612,1.2563438,True,NOT_CHECKED,1.0695612
marcksl1b,hoxc3a,1.069237,3.239368,True,NOT_CHECKED,1.069237
sertad4,ebf3a,-1.06821,-1.0104965,True,NOT_CHECKED,1.06821
washc5,mitfa,1.067625,0.9782657,True,NOT_CHECKED,1.067625
dlgap5,fosl2,-1.0673782,-1.5504671,True,NOT_CHECKED,1.0673782
myo1b,nr2f5,-1.0668613,-1.7964599,True,NOT_CHECKED,1.0668613
dag1,egr2b,-1.066677,-1.466602,True,NOT_CHECKED,1.066677
hspb8,tfap2e,1.064719,0.83467835,True,NOT_CHECKED,1.064719
ENSDARG00000070174,tead3b,-1.0645604,-1.2839648,True,NOT_CHECKED,1.0645604
hoxb7a,hoxb10a,1.0645186,1.1689173,True,NOT_CHECKED,1.0645186
plp2,tead1b,-1.0607511,-0.99760073,True,NOT_CHECKED,1.0607511
shroom4,bhlhe40,-1.0603749,-1.7869936,True,NOT_CHECKED,1.0603749
atox1,sox6,-1.0602325,-0.8555843,True,NOT_CHECKED,1.0602325
ccne2,etv5b,1.0602006,1.8846834,True,NOT_CHECKED,1.0602006
sptlc2a,tfap2e,1.0583055,1.7499365,True,NOT_CHECKED,1.0583055
nrp2a,sox6,1.0579969,1.6026269,True,NOT_CHECKED,1.0579969
slit2,egr2b,-1.0576851,-1.4479939,True,NOT_CHECKED,1.0576851
rabl6b,sox19a,-1.0561588,-0.6661543,True,NOT_CHECKED,1.0561588
zfhx3,otx2b,1.0557513,1.3032993,True,NOT_CHECKED,1.0557513
dusp6,fli1a,1.0557332,1.4573227,True,NOT_CHECKED,1.0557332
cthrc1a,bach2b,-1.0552444,-0.3928146,True,NOT_CHECKED,1.0552444
hmgn2,elf1,-1.0545127,-2.463759,True,NOT_CHECKED,1.0545127
spsb4a,sox9b,1.0542667,1.6426618,True,NOT_CHECKED,1.0542667
hoxc9a,hoxa9b,1.0541836,1.4315363,True,NOT_CHECKED,1.0541836
ccdc22,sox10,-1.0538783,-0.7426293,True,NOT_CHECKED,1.0538783
msx1b,hoxb9a,1.0538297,1.4785913,True,NOT_CHECKED,1.0538297
fosl2,jdp2b,1.0530905,4.777633,True,NOT_CHECKED,1.0530905
pkdccb,otx2b,1.052472,1.0691634,True,NOT_CHECKED,1.052472
id2a,tfec,1.0518789,1.1489311,True,NOT_CHECKED,1.0518789
zgc:154093,hoxa11b,1.0505899,1.0087708,True,NOT_CHECKED,1.0505899
tfap2e,sox10,-1.0491464,-0.9951103,True,NOT_CHECKED,1.0491464
si:ch211-199g17.2,elf1,1.0485829,1.2320992,True,NOT_CHECKED,1.0485829
tmeff1b,mitfa,-1.0481912,-1.8081542,True,NOT_CHECKED,1.0481912
eva1ba,sox9b,-1.0468682,-1.1780514,True,NOT_CHECKED,1.0468682
zcchc24,fosl2,-1.0465508,-1.4237525,True,NOT_CHECKED,1.0465508
atp6ap1b,ebf3a,-1.0461018,-0.9343263,True,NOT_CHECKED,1.0461018
ENSDARG00000024966,bhlhe40,1.0458632,1.8519557,True,NOT_CHECKED,1.0458632
si:ch211-241j12.3,bhlhe41,1.0450324,1.7651939,True,NOT_CHECKED,1.0450324
junba,egr4,1.0439746,3.166764,True,NOT_CHECKED,1.0439746
kntc1,tead3b,-1.0421844,-1.448094,True,NOT_CHECKED,1.0421844
srgap3,alx4a,1.0416089,1.2938079,True,NOT_CHECKED,1.0416089
ebf3a,elk3,-1.0413566,-0.3633169,True,NOT_CHECKED,1.0413566
tgfbr3,sox9b,-1.0395477,-1.2210889,True,NOT_CHECKED,1.0395477
scamp3,bhlhe40,1.0392914,1.008125,True,NOT_CHECKED,1.0392914
si:dkey-21a6.5,tfec,1.0390168,1.3305994,True,NOT_CHECKED,1.0390168
tet3,tfap2a,-1.0387836,-1.5476838,True,NOT_CHECKED,1.0387836
ctsba,tfap2e,-1.0387231,-0.7697876,True,NOT_CHECKED,1.0387231
fhod3b,tfap2a,-1.0381696,-1.2363377,True,NOT_CHECKED,1.0381696
nusap1,jun,-1.0377635,-1.3460596,True,NOT_CHECKED,1.0377635
zeb1b,rarga,-1.0372825,-2.7498598,True,NOT_CHECKED,1.0372825
irx7,hoxa2b,-1.0369308,-1.166791,True,NOT_CHECKED,1.0369308
notch2,tead3b,-1.0361208,-0.725557,True,NOT_CHECKED,1.0361208
lmo4a,fli1a,1.0357994,1.7221856,True,NOT_CHECKED,1.0357994
mocs1,klf15,1.035205,0.81625587,True,NOT_CHECKED,1.035205
hoxb5b,hoxc11b,1.0348816,0.94393504,True,NOT_CHECKED,1.0348816
cdh1,sox6,-1.0348654,-0.7162755,True,NOT_CHECKED,1.0348654
lmf2b,ebf1b,-1.0347245,-0.622342,True,NOT_CHECKED,1.0347245
mmp2,rarga,1.0342444,0.7761267,True,NOT_CHECKED,1.0342444
efna3b,ebf3a,-1.0339416,-1.1399443,True,NOT_CHECKED,1.0339416
gphna,bhlhe40,1.0333544,0.7786441,True,NOT_CHECKED,1.0333544
hoxd10a,hoxc11b,1.0330414,1.1143869,True,NOT_CHECKED,1.0330414
caska,bach2b,-1.0329021,-0.9512919,True,NOT_CHECKED,1.0329021
swap70b,sox10,1.0327289,1.1680174,True,NOT_CHECKED,1.0327289
nxn,egr2b,1.0319241,1.5669284,True,NOT_CHECKED,1.0319241
sptbn1,jun,1.0318191,1.6347618,True,NOT_CHECKED,1.0318191
atp6v1aa,mitfa,1.0312935,0.9018936,True,NOT_CHECKED,1.0312935
kcnq5a,elk3,-1.030633,-1.1893394,True,NOT_CHECKED,1.030633
agtrap,tfap2e,1.030575,0.9719377,True,NOT_CHECKED,1.030575
kcnab1a,nr2f6b,-1.0297649,-1.1816669,True,NOT_CHECKED,1.0297649
epas1a,bhlhe40,1.0296865,0.7482445,True,NOT_CHECKED,1.0296865
pi4k2a,mitfa,1.0294425,1.0780092,True,NOT_CHECKED,1.0294425
gabarapb,bhlhe40,1.0292128,1.9172482,True,NOT_CHECKED,1.0292128
myo10l3,tfap2a,-1.0287468,-0.81607014,True,NOT_CHECKED,1.0287468
slc9a3r1a,hnf1bb,1.0281599,1.2535038,True,NOT_CHECKED,1.0281599
hmcn1,hoxa11b,1.0278018,1.2432061,True,NOT_CHECKED,1.0278018
plekha6,tead1b,-1.0275553,-1.1480254,True,NOT_CHECKED,1.0275553
lrmda,tfap2a,-1.0262451,-0.462218,True,NOT_CHECKED,1.0262451
hoxb10a,hoxc11b,1.0252818,1.3988547,True,NOT_CHECKED,1.0252818
fgfr3,bach2b,1.0245899,1.1419874,True,NOT_CHECKED,1.0245899
si:ch73-127m5.1,tfeb,-1.0243518,-1.3382269,True,NOT_CHECKED,1.0243518
kcnab1a,zeb1b,1.0242068,1.1752889,True,NOT_CHECKED,1.0242068
rhbdf1a,tfec,1.0241717,1.0599662,True,NOT_CHECKED,1.0241717
gli2a,ebf3a,-1.0236522,-1.624689,True,NOT_CHECKED,1.0236522
serinc5,rarga,-1.0230277,-0.68161666,True,NOT_CHECKED,1.0230277
cdh7a,tfap2a,-1.022474,-0.7943845,True,NOT_CHECKED,1.022474
rgl1,nfe2,-1.02183,-0.90994173,True,NOT_CHECKED,1.02183
pnp4a,bhlhe40,-1.0211884,-0.9896604,True,NOT_CHECKED,1.0211884
ENSDARG00000024966,elf1,-1.0210412,-1.8080024,True,NOT_CHECKED,1.0210412
dclre1c,tfec,1.0206867,1.5290154,True,NOT_CHECKED,1.0206867
cax1,bhlhe40,1.0203335,1.2939191,True,NOT_CHECKED,1.0203335
tes,sox10,-1.019472,-1.3114246,True,NOT_CHECKED,1.019472
msna,elk3,1.0189006,1.3369471,True,NOT_CHECKED,1.0189006
hoxb10a,hoxd12a,1.0188572,1.3900894,True,NOT_CHECKED,1.0188572
upf3a,mitfa,1.0180229,1.2693874,True,NOT_CHECKED,1.0180229
nr6a1b,hoxb9a,1.0176706,1.3040054,True,NOT_CHECKED,1.0176706
jun,jdp2b,1.017392,3.687478,True,NOT_CHECKED,1.017392
pcdh19,otx2b,1.0172325,1.3695359,True,NOT_CHECKED,1.0172325
vma21,bhlhe40,1.0160216,1.2985762,True,NOT_CHECKED,1.0160216
man2a1,tfec,1.0160205,1.3770641,True,NOT_CHECKED,1.0160205
mmp2,nr2f6b,-1.0153928,-0.7619798,True,NOT_CHECKED,1.0153928
rgcc,sox9b,-1.0153766,-1.3931454,True,NOT_CHECKED,1.0153766
caska,sox10,-1.013868,-0.9337617,True,NOT_CHECKED,1.013868
serinc5,elf1,-1.0138537,-0.6755042,True,NOT_CHECKED,1.0138537
ralgps2,sox9b,-1.0127949,-1.5350591,True,NOT_CHECKED,1.0127949
ccn2a,snai1a,1.0127764,0.34888908,True,NOT_CHECKED,1.0127764
kntc1,fli1a,1.0122055,1.406439,True,NOT_CHECKED,1.0122055
btg1,nr2f2,-1.0110476,-1.7691396,True,NOT_CHECKED,1.0110476
myo10l1,tfap2a,-1.0110078,-0.99842995,True,NOT_CHECKED,1.0110078
impdh1b,mitfa,1.0108258,0.45349297,True,NOT_CHECKED,1.0108258
slc15a2,mitfa,1.0105652,0.65429765,True,NOT_CHECKED,1.0105652
cbx6a,tfec,1.0103068,1.5800781,True,NOT_CHECKED,1.0103068
dusp2,tbx15,-1.0099047,-0.4160118,True,NOT_CHECKED,1.0099047
six1a,snai1a,1.009145,0.51262015,True,NOT_CHECKED,1.009145
slit3,tead1b,1.0087677,0.5514328,True,NOT_CHECKED,1.0087677
sept9a,bhlhe40,1.0086931,0.5206218,True,NOT_CHECKED,1.0086931
psen2,tfec,1.0080158,1.3073375,True,NOT_CHECKED,1.0080158
slc9a3r1a,egr2b,1.0079802,1.2289015,True,NOT_CHECKED,1.0079802
ENSDARG00000053091,rarga,1.0073336,0.7768386,True,NOT_CHECKED,1.0073336
efnb2a,sox9b,1.0071638,0.7544118,True,NOT_CHECKED,1.0071638
wnt10b,otx2b,1.0065124,1.1047693,True,NOT_CHECKED,1.0065124
ptbp1b,bhlhe40,-1.0064285,-0.8696523,True,NOT_CHECKED,1.0064285
gna12a,tfap2a,-1.0060909,-0.53992456,True,NOT_CHECKED,1.0060909
msx1b,fosl2,-1.006007,-1.411493,True,NOT_CHECKED,1.006007
cxcl14,nr4a3,-1.0055947,-0.9030045,True,NOT_CHECKED,1.0055947
hoxd9a,hoxc9a,1.0048584,1.1347984,True,NOT_CHECKED,1.0048584
suco,bhlhe41,1.0048163,1.4187917,True,NOT_CHECKED,1.0048163
pcbp4,bhlhe40,1.0047894,0.5849162,True,NOT_CHECKED,1.0047894
aldh2.2,tfec,-1.004559,-1.3471025,True,NOT_CHECKED,1.004559
cbarpb,jdp2b,-1.0044756,-0.96986276,True,NOT_CHECKED,1.0044756
hoxd12a,hoxc11b,1.0031089,1.333992,True,NOT_CHECKED,1.0031089
pcdh9,rarga,-1.0023713,-0.7032336,True,NOT_CHECKED,1.0023713
pdgfra,mitfa,-1.0021256,-1.840442,True,NOT_CHECKED,1.0021256
pax3a,zeb1b,1.0015278,1.7271904,True,NOT_CHECKED,1.0015278
swap70b,tfap2a,-1.0014042,-1.1325891,True,NOT_CHECKED,1.0014042
pah,klf15,1.0002793,0.7042453,True,NOT_CHECKED,1.0002793
sptbn1,tfap2a,-0.99912924,-1.5829695,True,NOT_CHECKED,0.99912924
erbb3b,hoxc3a,0.9987138,0.91575223,True,NOT_CHECKED,0.9987138
zgc:174888,elk3,0.9982223,1.4195652,True,NOT_CHECKED,0.9982223
bhlhe40,tfap2a,-0.9981667,-1.0116112,True,NOT_CHECKED,0.9981667
cacna1ia,hoxb10a,0.9976665,0.91528124,True,NOT_CHECKED,0.9976665
itga5,elk3,0.99534637,1.4853452,True,NOT_CHECKED,0.99534637
cdkn1ca,rxraa,0.9949993,1.0850191,True,NOT_CHECKED,0.9949993
nedd4a,tfec,0.99461895,0.7962875,True,NOT_CHECKED,0.99461895
rnd3a,pbx1a,0.9945862,1.4014237,True,NOT_CHECKED,0.9945862
vav2,snai1a,-0.9935806,-1.5922278,True,NOT_CHECKED,0.9935806
fmnl3,hoxa4a,-0.9922211,-1.1407156,True,NOT_CHECKED,0.9922211
stard9,junba,0.9907197,1.9655964,True,NOT_CHECKED,0.9907197
dacha,tead3b,-0.99047303,-0.59498876,True,NOT_CHECKED,0.99047303
gphna,rxraa,-0.9904013,-0.7462785,True,NOT_CHECKED,0.9904013
fhod3b,nr2f5,-0.98985314,-1.1787984,True,NOT_CHECKED,0.98985314
sdf2l1,mitfa,0.98976105,1.2144465,True,NOT_CHECKED,0.98976105
kcnq5a,rarga,0.98915917,1.1414791,True,NOT_CHECKED,0.98915917
serinc5,bhlhe40,-0.98905855,-0.6589839,True,NOT_CHECKED,0.98905855
apoeb,msx3,0.9889626,1.5506635,True,NOT_CHECKED,0.9889626
si:ch211-198m17.1,tbx15,0.98888904,0.6780217,True,NOT_CHECKED,0.98888904
epha4a,ebf1b,-0.98820376,-0.9197238,True,NOT_CHECKED,0.98820376
itga3a,elf1,-0.9881194,-1.6837711,True,NOT_CHECKED,0.9881194
rundc3ab,rorab,-0.9880578,-1.185078,True,NOT_CHECKED,0.9880578
CR936977.2,hoxb9a,0.98793525,1.3159071,True,NOT_CHECKED,0.98793525
eva1ba,tfec,0.98713475,1.1108327,True,NOT_CHECKED,0.98713475
foxp4,hoxa2b,-0.98650485,-1.6010265,True,NOT_CHECKED,0.98650485
ttyh2l,mitfa,0.986011,0.97333485,True,NOT_CHECKED,0.986011
gphna,ebf3a,-0.98597616,-0.7429441,True,NOT_CHECKED,0.98597616
cad,snai1a,-0.9855831,-1.7832139,True,NOT_CHECKED,0.9855831
dut,sox10,-0.9854767,-1.9821095,True,NOT_CHECKED,0.9854767
efnb2a,tead1b,-0.98474956,-0.7376226,True,NOT_CHECKED,0.98474956
pax7a,tfap2e,0.9846823,0.38257328,True,NOT_CHECKED,0.9846823
msx3,nr2f5,-0.9846473,-1.1199492,True,NOT_CHECKED,0.9846473
ugp2b,bhlhe41,0.98463005,1.10756,True,NOT_CHECKED,0.98463005
psen2,nfe2l2a,0.98454404,1.2768961,True,NOT_CHECKED,0.98454404
junba,ebf3a,0.9843953,2.9860377,True,NOT_CHECKED,0.9843953
si:ch211-152c2.3,ebf3a,-0.9843933,-0.9898855,True,NOT_CHECKED,0.9843933
fscn1a,pknox2,0.98383033,2.0874271,True,NOT_CHECKED,0.98383033
zgc:153039,bhlhe41,0.98351467,1.7445805,True,NOT_CHECKED,0.98351467
zfhx4,fosl2,-0.98348814,-1.2873434,True,NOT_CHECKED,0.98348814
tes,hoxb8a,0.9825112,1.2638792,True,NOT_CHECKED,0.9825112
zbtb16a,tfap2a,-0.9822848,-2.6030765,True,NOT_CHECKED,0.9822848
si:dkey-17m8.1,tfec,0.9819986,1.1067892,True,NOT_CHECKED,0.9819986
zic2b,sox9b,0.9812537,1.8814939,True,NOT_CHECKED,0.9812537
bin2b,ebf1b,0.9809595,1.5387945,True,NOT_CHECKED,0.9809595
col12a1a,bach2b,0.9789287,1.1941842,True,NOT_CHECKED,0.9789287
dnajb2,mitfa,0.97840166,1.44996,True,NOT_CHECKED,0.97840166
ivns1abpa,tfec,-0.9781625,-1.0248338,True,NOT_CHECKED,0.9781625
sema5a,nr2f5,-0.9780269,-1.1848459,True,NOT_CHECKED,0.9780269
mcf2l2,mitfa,0.97781366,1.231644,True,NOT_CHECKED,0.97781366
zeb1b,sox9b,0.9776848,2.591865,True,NOT_CHECKED,0.9776848
epha7,tbx15,-0.9771094,-1.1258322,True,NOT_CHECKED,0.9771094
trpm1b,bhlhe40,0.97667265,1.0826995,True,NOT_CHECKED,0.97667265
stom,snai1a,0.97638315,1.6120394,True,NOT_CHECKED,0.97638315
cadm1a,rxraa,0.97581875,0.8999384,True,NOT_CHECKED,0.97581875
pfas,tfeb,0.9757877,0.89308786,True,NOT_CHECKED,0.9757877
gphna,jdp2b,-0.9757697,-0.73525345,True,NOT_CHECKED,0.9757697
tmem130,mitfa,0.97572887,1.0255581,True,NOT_CHECKED,0.97572887
rtn1a,mitfa,0.9744542,1.3268685,True,NOT_CHECKED,0.9744542
notch2,dlx1a,0.97433645,0.6822917,True,NOT_CHECKED,0.97433645
rgcc,elf1,-0.9739166,-1.3362604,True,NOT_CHECKED,0.9739166
junba,nfe2,-0.9735505,-2.9531415,True,NOT_CHECKED,0.9735505
ptbp2b,tfap2a,-0.9717964,-1.1587492,True,NOT_CHECKED,0.9717964
arl8ba,tfec,-0.97147053,-1.1561344,True,NOT_CHECKED,0.97147053
hsh2d,tead3b,-0.97030234,-1.1713065,True,NOT_CHECKED,0.97030234
lrmda,nr2f5,-0.9698881,-0.43683493,True,NOT_CHECKED,0.9698881
gabarapb,ebf3a,-0.96952456,-1.8060591,True,NOT_CHECKED,0.96952456
thbs1b,jun,0.9684306,0.5983092,True,NOT_CHECKED,0.9684306
mef2ca,fli1a,0.96830493,1.1189969,True,NOT_CHECKED,0.96830493
coro1ca,bhlhe40,0.96795017,1.2535613,True,NOT_CHECKED,0.96795017
tgfbr3,tfap2e,-0.9671172,-1.1360096,True,NOT_CHECKED,0.9671172
dacha,fli1a,0.9656781,0.58009416,True,NOT_CHECKED,0.9656781
pgk1,bhlhe40,0.9653645,1.5909568,True,NOT_CHECKED,0.9653645
scpep1,mitfa,0.96472704,1.4603702,True,NOT_CHECKED,0.96472704
rabl6b,sox10,-0.9641614,-0.60812855,True,NOT_CHECKED,0.9641614
slc15a4,tfap2e,0.96411735,1.0411794,True,NOT_CHECKED,0.96411735
prdm1a,tfap2b,-0.9626842,-0.51095337,True,NOT_CHECKED,0.9626842
trim71,sox6,-0.96253985,-1.8161694,True,NOT_CHECKED,0.96253985
slit2,zic2b,0.96238536,1.3175263,True,NOT_CHECKED,0.96238536
rxraa,ebf3a,-0.9623061,-2.5589318,True,NOT_CHECKED,0.9623061
bmpr1aa,ebf3a,0.96185815,1.962355,True,NOT_CHECKED,0.96185815
diaph2,jun,0.96119845,0.80197465,True,NOT_CHECKED,0.96119845
cbfb,egr2b,-0.9607615,-0.80637515,True,NOT_CHECKED,0.9607615
epha4a,tfap2b,-0.96073145,-0.8941553,True,NOT_CHECKED,0.96073145
pfas,sox10,-0.9605368,-0.87912947,True,NOT_CHECKED,0.9605368
ENSDARG00000042329,sox9b,-0.9589205,-0.80800164,True,NOT_CHECKED,0.9589205
kif2c,msx1b,-0.95813364,-1.0770594,True,NOT_CHECKED,0.95813364
tgfbr3,rxraa,-0.95747644,-1.1246852,True,NOT_CHECKED,0.95747644
mycn,sox10,-0.9573667,-1.3820003,True,NOT_CHECKED,0.9573667
CABZ01067761.1,mitfa,0.957305,1.0752764,True,NOT_CHECKED,0.957305
igdcc3,otx2b,-0.9570972,-0.8416862,True,NOT_CHECKED,0.9570972
boc,alx4a,-0.95696753,-1.5336664,True,NOT_CHECKED,0.95696753
krt18a.1,sox9b,-0.95685506,-0.51521736,True,NOT_CHECKED,0.95685506
hoxd3a,hoxb9a,0.9568307,1.382276,True,NOT_CHECKED,0.9568307
arhgef1a,tfap2a,-0.9566104,-1.195174,True,NOT_CHECKED,0.9566104
pdlim1,sox9b,-0.9559907,-1.137515,True,NOT_CHECKED,0.9559907
tgfbr2b,sox9b,-0.9557821,-1.3426235,True,NOT_CHECKED,0.9557821
msna,tfap2a,-0.9551834,-1.2533407,True,NOT_CHECKED,0.9551834
mdga1,nr4a3,-0.9549274,-0.8919954,True,NOT_CHECKED,0.9549274
nr4a2b,zeb1b,0.9546129,1.4440577,True,NOT_CHECKED,0.9546129
hsp70.3,sox9b,-0.9538883,-1.8158692,True,NOT_CHECKED,0.9538883
tshz1,hoxb8a,0.95375085,1.3115723,True,NOT_CHECKED,0.95375085
eya1,fli1a,0.953291,0.6412902,True,NOT_CHECKED,0.953291
emd,tead3b,-0.952961,-0.9748735,True,NOT_CHECKED,0.952961
ENSDARG00000077648,bhlhe40,0.9525648,0.9656232,True,NOT_CHECKED,0.9525648
pmela,bhlhe40,0.9522368,1.1943303,True,NOT_CHECKED,0.9522368
hoxa2b,hoxa11b,-0.9518854,-1.1226522,True,NOT_CHECKED,0.9518854
vav2,rxraa,-0.9514148,-1.5246564,True,NOT_CHECKED,0.9514148
calua,tfap2a,-0.9509446,-1.3753498,True,NOT_CHECKED,0.9509446
elf1,hoxc3a,0.94987637,1.657229,True,NOT_CHECKED,0.94987637
si:zfos-943e10.1,bhlhe40,0.9497282,0.90793806,True,NOT_CHECKED,0.9497282
ahnak,rxraa,-0.94945574,-0.35843408,True,NOT_CHECKED,0.94945574
pax7a,alx4b,-0.9493982,-0.36886457,True,NOT_CHECKED,0.9493982
sept9a,tfap2a,-0.949165,-0.48989728,True,NOT_CHECKED,0.949165
coro1ca,tfec,0.9487898,1.2287472,True,NOT_CHECKED,0.9487898
snx15,tfap2e,0.94760156,0.7413585,True,NOT_CHECKED,0.94760156
dusp6,tead3b,-0.94711953,-1.3073936,True,NOT_CHECKED,0.94711953
gadd45bb,bach2b,-0.9470749,-0.4911774,True,NOT_CHECKED,0.9470749
snai1b,sox9b,0.94639486,1.007484,True,NOT_CHECKED,0.94639486
tfap2a,sox9b,0.9463202,4.7465878,True,NOT_CHECKED,0.9463202
prex2,mitfa,-0.9462749,-1.5725555,True,NOT_CHECKED,0.9462749
npr1a,alx4b,0.94599885,0.6700946,True,NOT_CHECKED,0.94599885
zfhx4,tead3b,-0.9459831,-1.238251,True,NOT_CHECKED,0.9459831
alcama,tfap2e,-0.94564956,-1.902448,True,NOT_CHECKED,0.94564956
hoxc6b,hoxb9a,0.94526523,1.2375953,True,NOT_CHECKED,0.94526523
hsp70.3,nr2f5,0.9451913,1.7993133,True,NOT_CHECKED,0.9451913
ptprub,jun,0.94476426,1.0681487,True,NOT_CHECKED,0.94476426
stard13b,snai1a,-0.9446693,-1.797822,True,NOT_CHECKED,0.9446693
alcama,elf1,-0.94357866,-1.8982819,True,NOT_CHECKED,0.94357866
svild,tead1b,0.94315577,1.3982018,True,NOT_CHECKED,0.94315577
vav2,nr2f6b,-0.94296885,-1.5111216,True,NOT_CHECKED,0.94296885
cbfb,snai1a,-0.942571,-0.7911077,True,NOT_CHECKED,0.942571
stard13b,pknox2,0.9419447,1.7926368,True,NOT_CHECKED,0.9419447
plxnb1a,tead3b,-0.9416319,-0.8475231,True,NOT_CHECKED,0.9416319
wnt4,ebf3a,-0.9413855,-0.60059166,True,NOT_CHECKED,0.9413855
boc,msx3,0.94094265,1.5079844,True,NOT_CHECKED,0.94094265
alcama,zeb1b,0.9404431,1.8919737,True,NOT_CHECKED,0.9404431
afap1l1b,nr2f5,0.9400565,1.6029494,True,NOT_CHECKED,0.9400565
snai1b,msx3,0.9400268,1.0007049,True,NOT_CHECKED,0.9400268
twist1a,fli1a,0.93994087,1.5182307,True,NOT_CHECKED,0.93994087
plekhg4,zic2b,0.93969095,1.4530694,True,NOT_CHECKED,0.93969095
rnaseka,mitfa,0.9395419,0.8816462,True,NOT_CHECKED,0.9395419
kcnk10a,hoxa2b,0.93883604,1.0338398,True,NOT_CHECKED,0.93883604
cxcl12b,hoxc9a,-0.9383105,-1.141803,True,NOT_CHECKED,0.9383105
cpvl,tfec,0.9373678,1.0789384,True,NOT_CHECKED,0.9373678
kcnk10a,hoxb1a,0.93715763,1.0319916,True,NOT_CHECKED,0.93715763
nr1d2a,mitfa,0.93711567,1.6715974,True,NOT_CHECKED,0.93711567
tle3b,elf1,-0.93681896,-1.7304544,True,NOT_CHECKED,0.93681896
krt18b,bhlhe41,-0.93677944,-0.9089673,True,NOT_CHECKED,0.93677944
fkbp9,nr2f6b,0.93660027,1.7553651,True,NOT_CHECKED,0.93660027
boc,tead1b,0.93609786,1.50022,True,NOT_CHECKED,0.93609786
gmps,elk3,-0.9341252,-1.4858049,True,NOT_CHECKED,0.9341252
si:dkey-172h23.2,bhlhe41,0.9337877,0.72242963,True,NOT_CHECKED,0.9337877
abcb6b,bhlhe41,0.93369377,1.5168599,True,NOT_CHECKED,0.93369377
gabra5,egr2b,0.9335,1.101431,True,NOT_CHECKED,0.9335
atic,tead3b,-0.9334709,-1.2474487,True,NOT_CHECKED,0.9334709
hmcn1,hoxb9a,-0.9333318,-1.1289374,True,NOT_CHECKED,0.9333318
aatkb,tfap2e,0.9330727,1.2913605,True,NOT_CHECKED,0.9330727
zfhx3,tead1b,0.9329797,1.1517407,True,NOT_CHECKED,0.9329797
lrmda,fli1a,-0.9318498,-0.41970256,True,NOT_CHECKED,0.9318498
mtbl,tfap2e,0.93123424,0.90400195,True,NOT_CHECKED,0.93123424
inka1a,hoxa2b,-0.9312035,-1.0901139,True,NOT_CHECKED,0.9312035
hsd17b12a,nr2f5,-0.93019265,-1.1553911,True,NOT_CHECKED,0.93019265
notch2,rxraa,0.9297455,0.6510663,True,NOT_CHECKED,0.9297455
ctsba,tead3b,-0.9279485,-0.68769366,True,NOT_CHECKED,0.9279485
mitfa,tfap2e,0.9276447,2.3782725,True,NOT_CHECKED,0.9276447
osbpl10b,sox9b,0.9272186,1.5067465,True,NOT_CHECKED,0.9272186
lgmn,mitfa,0.92674875,1.0799965,True,NOT_CHECKED,0.92674875
slit3,hoxb1b,0.92672366,0.5065843,True,NOT_CHECKED,0.92672366
pmp22a,sox10,-0.9261445,-0.9445227,True,NOT_CHECKED,0.9261445
tfap2a,alx4a,-0.92595243,-4.6444263,True,NOT_CHECKED,0.92595243
ahnak,klf15,-0.9254056,-0.3493548,True,NOT_CHECKED,0.9254056
atp11a,bhlhe41,0.9252736,0.7673382,True,NOT_CHECKED,0.9252736
zgc:110626,elk3,0.923749,1.546976,True,NOT_CHECKED,0.923749
mob3c,mitfa,0.92247504,0.86927766,True,NOT_CHECKED,0.92247504
fgfr3,msx3,0.9220973,1.0277513,True,NOT_CHECKED,0.9220973
mdka,msx1b,-0.9220821,-1.4007007,True,NOT_CHECKED,0.9220821
dacha,jun,-0.9218381,-0.553759,True,NOT_CHECKED,0.9218381
eno3,tfec,-0.921496,-1.0586846,True,NOT_CHECKED,0.921496
lin28a,bhlhe40,-0.92087096,-1.7504102,True,NOT_CHECKED,0.92087096
fnip1,jdp2b,-0.9207821,-1.2611082,True,NOT_CHECKED,0.9207821
mvb12bb,hnf1ba,-0.91964597,-1.6014385,True,NOT_CHECKED,0.91964597
sox6,hoxa4a,-0.9193179,-3.8352957,True,NOT_CHECKED,0.9193179
lfng,fli1a,-0.9187385,-0.9039851,True,NOT_CHECKED,0.9187385
lipf,tfeb,-0.9180073,-0.91608065,True,NOT_CHECKED,0.9180073
dlx3b,ebf1b,-0.91778266,-0.9443023,True,NOT_CHECKED,0.91778266
rab7b,mitfa,0.9164823,0.60710937,True,NOT_CHECKED,0.9164823
si:ch73-91k6.2,tfec,0.91608864,1.1071793,True,NOT_CHECKED,0.91608864
neto1l,hoxa9b,0.9160617,1.2415804,True,NOT_CHECKED,0.9160617
ccny,sox9b,-0.9146228,-0.66493976,True,NOT_CHECKED,0.9146228
vcana,hnf1ba,-0.91422176,-1.2036523,True,NOT_CHECKED,0.91422176
pcdh19,sox9b,0.91401553,1.2305712,True,NOT_CHECKED,0.91401553
bace2,bhlhe41,0.91358346,1.063605,True,NOT_CHECKED,0.91358346
si:ch211-199g17.2,hoxb9a,0.9134944,1.0733683,True,NOT_CHECKED,0.9134944
aopep,hoxb9a,0.91244566,1.5633131,True,NOT_CHECKED,0.91244566
klf6a,nr2f6b,0.91197675,1.060525,True,NOT_CHECKED,0.91197675
ccnb3,otx2b,-0.9119017,-1.3030177,True,NOT_CHECKED,0.9119017
ppfibp1a,rarga,0.9118747,1.3569672,True,NOT_CHECKED,0.9118747
hoxb6a,hoxb10a,0.9116298,0.90467745,True,NOT_CHECKED,0.9116298
mtfr2,her9,0.9115239,1.4965324,True,NOT_CHECKED,0.9115239
slc39a14,sox6,0.9114934,0.45921233,True,NOT_CHECKED,0.9114934
apc,tfec,0.91099775,0.7185321,True,NOT_CHECKED,0.91099775
bend3,tfap2b,0.9097668,1.0484878,True,NOT_CHECKED,0.9097668
tpm4a,twist1a,-0.909665,-0.4821118,True,NOT_CHECKED,0.909665
runx1t1,alx4a,0.9091379,0.598369,True,NOT_CHECKED,0.9091379
alcamb,ebf1b,-0.9091376,-1.1583987,True,NOT_CHECKED,0.9091376
cds2,mitfa,0.9085091,1.1866789,True,NOT_CHECKED,0.9085091
rhoca,elf1,-0.9077788,-0.6265873,True,NOT_CHECKED,0.9077788
si:ch211-198m17.1,ebf3a,0.90768796,0.62234694,True,NOT_CHECKED,0.90768796
pcbp4,tfec,0.907178,0.5280939,True,NOT_CHECKED,0.907178
rhbdf1a,elk3,-0.9069043,-0.93860036,True,NOT_CHECKED,0.9069043
pcdh2g28,elf1,0.90614504,2.67376,True,NOT_CHECKED,0.90614504
ctsd,bhlhe40,0.9060412,1.1028512,True,NOT_CHECKED,0.9060412
lipf,rorab,0.9059358,0.9040345,True,NOT_CHECKED,0.9059358
stom,nr2f5,-0.90591073,-1.4956872,True,NOT_CHECKED,0.90591073
nr2f2,egr4,0.90537167,1.6868457,True,NOT_CHECKED,0.90537167
dusp2,ebf3a,-0.90398407,-0.37237975,True,NOT_CHECKED,0.90398407
tes,tead1b,-0.9038625,-1.1627073,True,NOT_CHECKED,0.9038625
tbx2b,fli1a,-0.90341157,-1.1891828,True,NOT_CHECKED,0.90341157
cxxc5b,tfeb,0.90231067,1.0508434,True,NOT_CHECKED,0.90231067
fjx1,tfeb,-0.9022176,-0.71281844,True,NOT_CHECKED,0.9022176
pdgfba,elf1,-0.9021829,-1.1344202,True,NOT_CHECKED,0.9021829
itga8,ebf1b,0.9021239,0.572201,True,NOT_CHECKED,0.9021239
ucp2,zeb1b,0.90128684,1.7506195,True,NOT_CHECKED,0.90128684
aox5,bhlhe41,0.90063703,0.43837053,True,NOT_CHECKED,0.90063703
kcnab1a,sox9b,0.90027386,1.0330745,True,NOT_CHECKED,0.90027386
lin28a,tfap2a,-0.899747,-1.7102574,True,NOT_CHECKED,0.899747
phc2a,hoxb9a,-0.89845735,-1.2712175,True,NOT_CHECKED,0.89845735
atp6ap1b,klf15,-0.89820784,-0.8022347,True,NOT_CHECKED,0.89820784
fli1a,elk3,-0.89658314,-1.9618767,True,NOT_CHECKED,0.89658314
fgfr1b,zic2a,0.89617383,1.1758968,True,NOT_CHECKED,0.89617383
cad,ebf1b,0.8955828,1.6203765,True,NOT_CHECKED,0.8955828
serpine1,fli1a,0.89540315,0.5302634,True,NOT_CHECKED,0.89540315
srgap3,ebf3a,-0.894951,-1.1116405,True,NOT_CHECKED,0.894951
crip3,hoxa9b,0.89459056,1.088117,True,NOT_CHECKED,0.89459056
recql4,e2f7,0.8943893,1.307173,True,NOT_CHECKED,0.8943893
cenpe,fosl2,-0.8943291,-1.0448067,True,NOT_CHECKED,0.8943291
atp6v1ba,tfec,0.894132,0.63540953,True,NOT_CHECKED,0.894132
sept12,sox9b,0.89392596,1.7999432,True,NOT_CHECKED,0.89392596
gna12a,ebf3a,-0.8923439,-0.4788816,True,NOT_CHECKED,0.8923439
meis2a,hoxa2b,0.8922309,1.2402681,True,NOT_CHECKED,0.8922309
keap1a,rarga,-0.8917525,-0.7061498,True,NOT_CHECKED,0.8917525
ctsc,tfec,-0.88996667,-0.8721227,True,NOT_CHECKED,0.88996667
jmjd1cb,sox6,-0.8897713,-1.3638723,True,NOT_CHECKED,0.8897713
ankrd50l,hoxa9a,-0.88971895,-1.0938278,True,NOT_CHECKED,0.88971895
tfap2e,mitfa,0.8894911,0.843678,True,NOT_CHECKED,0.8894911
tln2a,bhlhe40,-0.88905865,-1.8979999,True,NOT_CHECKED,0.88905865
kif22,jun,-0.8887694,-1.2888938,True,NOT_CHECKED,0.8887694
vash2,bach2b,-0.8884441,-1.0084974,True,NOT_CHECKED,0.8884441
stm,hoxa11b,0.8881078,1.0558891,True,NOT_CHECKED,0.8881078
src,elf1,-0.88809335,-0.7143104,True,NOT_CHECKED,0.88809335
tnfrsf19,klf15,-0.8861271,-1.5562856,True,NOT_CHECKED,0.8861271
cpm,tfap2a,-0.8858862,-1.1219285,True,NOT_CHECKED,0.8858862
dtnbp1a,rorab,0.88551915,0.8165385,True,NOT_CHECKED,0.88551915
lfng,msx3,0.8853494,0.8711322,True,NOT_CHECKED,0.8853494
zgc:158423,bhlhe40,0.8848959,0.94476336,True,NOT_CHECKED,0.8848959
prdm1a,elk3,-0.88444835,-0.46942893,True,NOT_CHECKED,0.88444835
zgc:110239,bhlhe40,-0.88440704,-0.7982065,True,NOT_CHECKED,0.88440704
si:ch211-267e7.3,rarga,-0.8843434,-1.1215993,True,NOT_CHECKED,0.8843434
cdk1,nfe2,0.8836668,1.2667766,True,NOT_CHECKED,0.8836668
atp6v1g1,tfap2e,0.88348067,0.6961586,True,NOT_CHECKED,0.88348067
si:ch211-152c2.3,sox9b,0.88265175,0.8875763,True,NOT_CHECKED,0.88265175
aqp7,tfeb,0.88093495,1.1066207,True,NOT_CHECKED,0.88093495
kif26ab,hoxd11a,0.88025254,0.63926625,True,NOT_CHECKED,0.88025254
tfeb,tfap2e,0.8800186,0.6821718,True,NOT_CHECKED,0.8800186
btg1,jun,-0.87977165,-1.5394318,True,NOT_CHECKED,0.87977165
prex2,sox10,0.879247,1.461166,True,NOT_CHECKED,0.879247
ctsla,etv5b,-0.8791751,-0.5684697,True,NOT_CHECKED,0.8791751
ankrd50l,zic2a,-0.8786173,-1.0801793,True,NOT_CHECKED,0.8786173
col4a6,tfap2e,-0.8785822,-0.68302083,True,NOT_CHECKED,0.8785822
fosl2,jun,0.8781026,3.983753,True,NOT_CHECKED,0.8781026
celf5a,ebf1b,-0.8776101,-1.0288017,True,NOT_CHECKED,0.8776101
tead1b,tfap2b,-0.87728184,-1.7714627,True,NOT_CHECKED,0.87728184
pttg1ipb,sox10,0.876912,0.44969547,True,NOT_CHECKED,0.876912
fgfr4,msx3,0.8768865,0.5855243,True,NOT_CHECKED,0.8768865
aatka,hnf1bb,0.87546057,1.3155606,True,NOT_CHECKED,0.87546057
plpp5,mitfa,0.8745314,0.9987521,True,NOT_CHECKED,0.8745314
thbs1b,nr2f6b,-0.8742443,-0.5401197,True,NOT_CHECKED,0.8742443
mov10b.1,tfec,-0.87379336,-1.3831555,True,NOT_CHECKED,0.87379336
rab32a,tfec,0.873147,0.6239831,True,NOT_CHECKED,0.873147
rxraa,nr2f6b,-0.87300706,-2.321471,True,NOT_CHECKED,0.87300706
trim71,bhlhe40,-0.8726691,-1.6465967,True,NOT_CHECKED,0.8726691
tfdp2,ebf3a,-0.8723407,-1.5602316,True,NOT_CHECKED,0.8723407
snai1b,zic2b,0.8717198,0.92798865,True,NOT_CHECKED,0.8717198
pts,mitfa,0.8716256,0.96247387,True,NOT_CHECKED,0.8716256
lipf,mitfa,0.8715762,0.869747,True,NOT_CHECKED,0.8715762
ccdc85b,msx3,0.87139076,0.4446318,True,NOT_CHECKED,0.87139076
si:ch211-152c2.3,twist1b,0.8713259,0.87618726,True,NOT_CHECKED,0.8713259
rundc3ab,klf15,0.8712956,1.0450332,True,NOT_CHECKED,0.8712956
rab32a,sox6,-0.8711113,-0.62252825,True,NOT_CHECKED,0.8711113
tnfrsf19,tead1b,-0.8700058,-1.5279721,True,NOT_CHECKED,0.8700058
bmper,her9,0.8692673,0.94980663,True,NOT_CHECKED,0.8692673
f3b,mitfa,-0.8683498,-1.2369729,True,NOT_CHECKED,0.8683498
msx1b,hoxb8a,0.8683011,1.2182827,True,NOT_CHECKED,0.8683011
sema6e,bach2b,-0.8682427,-0.93934107,True,NOT_CHECKED,0.8682427
prdm1a,hoxa2b,0.8680916,0.46074745,True,NOT_CHECKED,0.8680916
hspb8,mitfa,0.8676505,0.68018806,True,NOT_CHECKED,0.8676505
cst14b.1,sox10,-0.8675312,-0.5170186,True,NOT_CHECKED,0.8675312
bicc1a,elk3,0.86719984,0.9854029,True,NOT_CHECKED,0.86719984
snai1b,ebf3a,-0.8671125,-0.92308396,True,NOT_CHECKED,0.8671125
meis1a,hoxa2b,0.86689913,1.1057292,True,NOT_CHECKED,0.86689913
galca,bhlhe41,0.8667055,0.9385309,True,NOT_CHECKED,0.8667055
hivep1,sox6,-0.86664116,-0.78755075,True,NOT_CHECKED,0.86664116
sept9a,fosab,0.86597306,0.446959,True,NOT_CHECKED,0.86597306
ccny,jun,0.8650262,0.6288825,True,NOT_CHECKED,0.8650262
src,sox6,-0.86477315,-0.69555354,True,NOT_CHECKED,0.86477315
pcdh10b,ebf1b,-0.86437136,-1.0457866,True,NOT_CHECKED,0.86437136
alcama,hoxa9b,-0.86417395,-1.7385361,True,NOT_CHECKED,0.86417395
zfhx3,zeb1b,-0.8640817,-1.0666878,True,NOT_CHECKED,0.8640817
ldlrad2,hoxb10a,0.8639447,1.1055566,True,NOT_CHECKED,0.8639447
drd2b,tbx15,-0.86355203,-0.7030197,True,NOT_CHECKED,0.86355203
runx1t1,rarga,-0.8620523,-0.5673786,True,NOT_CHECKED,0.8620523
pepd,bhlhe41,0.86199784,1.4941609,True,NOT_CHECKED,0.86199784
atp6v0a2b,mitfa,0.8610275,1.182558,True,NOT_CHECKED,0.8610275
actb1,bach2b,-0.85994184,-1.8374196,True,NOT_CHECKED,0.85994184
dlgap5,tfeb,-0.85986406,-1.2490335,True,NOT_CHECKED,0.85986406
gdf6a,nr2f5,-0.85962707,-0.67499703,True,NOT_CHECKED,0.85962707
elovl1b,mitfa,0.8595632,0.5296829,True,NOT_CHECKED,0.8595632
ptbp1b,tfeb,-0.8592949,-0.7425145,True,NOT_CHECKED,0.8592949
hoxb9a,hoxb10a,0.85875106,1.432046,True,NOT_CHECKED,0.85875106
mtus1b,elk3,-0.85867286,-0.7963397,True,NOT_CHECKED,0.85867286
eya1,tead3b,-0.8584324,-0.5774777,True,NOT_CHECKED,0.8584324
slc9a3r1a,tfap2a,-0.8581656,-1.0462517,True,NOT_CHECKED,0.8581656
syngr1a,mitfa,0.85756165,0.96737635,True,NOT_CHECKED,0.85756165
stox1,msx3,-0.85739714,-1.2549387,True,NOT_CHECKED,0.85739714
parp12b,nr2f5,0.8573872,1.4472541,True,NOT_CHECKED,0.8573872
fhod3b,rxraa,0.85547084,1.018765,True,NOT_CHECKED,0.85547084
gpd2,elf1,-0.85539937,-0.8958039,True,NOT_CHECKED,0.85539937
zbtb16a,bhlhe40,-0.85481703,-2.265284,True,NOT_CHECKED,0.85481703
kirrel3l,sox9b,0.85464835,1.3808317,True,NOT_CHECKED,0.85464835
krt18a.1,fosab,-0.85451305,-0.46011147,True,NOT_CHECKED,0.85451305
zic2b,otx2b,0.8540407,1.6375709,True,NOT_CHECKED,0.8540407
atox1,bhlhe41,0.8537693,0.68897307,True,NOT_CHECKED,0.8537693
itga1,snai1a,-0.85308695,-0.64338505,True,NOT_CHECKED,0.85308695
pknox2,fli1a,0.85286427,1.8251026,True,NOT_CHECKED,0.85286427
prcp,tfeb,-0.852405,-0.7416524,True,NOT_CHECKED,0.852405
zcchc24,pknox2,0.8522733,1.1594529,True,NOT_CHECKED,0.8522733
rnd3a,snai1a,0.8521717,1.2007542,True,NOT_CHECKED,0.8521717
nr2f5,sox9b,0.8503447,4.4989076,True,NOT_CHECKED,0.8503447
plekhg4,ebf1b,0.8503028,1.3148463,True,NOT_CHECKED,0.8503028
gpd2,sox10,-0.85,-0.89014953,True,NOT_CHECKED,0.85
sorbs1,ebf3a,-0.84968024,-0.9360557,True,NOT_CHECKED,0.84968024
zgc:158423,tfec,-0.8495797,-0.9070578,True,NOT_CHECKED,0.8495797
khdrbs1a,tfec,-0.84853,-1.9639454,True,NOT_CHECKED,0.84853
serinc5,alx4a,-0.8484556,-0.5653038,True,NOT_CHECKED,0.8484556
pdlim1,tead3b,-0.8480818,-1.0091163,True,NOT_CHECKED,0.8480818
sipa1l2,tfap2a,-0.8479147,-0.5938722,True,NOT_CHECKED,0.8479147
sorbs2b,sox6,-0.8475077,-0.8385669,True,NOT_CHECKED,0.8475077
hoxb5b,hoxd12a,-0.84730023,-0.7728385,True,NOT_CHECKED,0.84730023
psap,mitfa,0.8452853,1.223794,True,NOT_CHECKED,0.8452853
si:ch73-127m5.1,mitfa,0.84527683,1.1042811,True,NOT_CHECKED,0.84527683
sh3tc2,tfap2e,0.8451686,0.9608471,True,NOT_CHECKED,0.8451686
wnt3,tfap2a,-0.8440942,-1.2193699,True,NOT_CHECKED,0.8440942
thsd7aa,tfap2a,-0.8435236,-0.90832543,True,NOT_CHECKED,0.8435236
ppp1r14ab,ebf1b,-0.8424119,-1.1664238,True,NOT_CHECKED,0.8424119
fam219aa,ebf3a,-0.84211385,-1.1432835,True,NOT_CHECKED,0.84211385
ccn2a,jun,-0.8413438,-0.28983265,True,NOT_CHECKED,0.8413438
dusp2,ebf1b,-0.8406711,-0.34629914,True,NOT_CHECKED,0.8406711
bmper,hoxc3a,-0.8406509,-0.9185389,True,NOT_CHECKED,0.8406509
wnt11f2,her9,0.84021777,0.86947495,True,NOT_CHECKED,0.84021777
slc2a15b,bhlhe41,0.8398792,0.5760749,True,NOT_CHECKED,0.8398792
pbx1a,egr3,-0.8398535,-0.7239112,True,NOT_CHECKED,0.8398535
ptpn4a,tfec,0.83965224,1.3919683,True,NOT_CHECKED,0.83965224
ENSDARG00000042329,tfap2a,-0.839408,-0.7072985,True,NOT_CHECKED,0.839408
irx7,otx2b,-0.8385167,-0.9435284,True,NOT_CHECKED,0.8385167
hmcn1,hoxd11a,0.83794487,1.0135595,True,NOT_CHECKED,0.83794487
sox10,tfec,0.8366287,4.6840034,True,NOT_CHECKED,0.8366287
dnajb2,egr2b,-0.8365839,-1.2397907,True,NOT_CHECKED,0.8365839
pcdh9,fli1a,-0.83620673,-0.58665746,True,NOT_CHECKED,0.83620673
gnpda2,bhlhe40,0.8353241,1.0578067,True,NOT_CHECKED,0.8353241
sorbs1,fli1a,0.83464843,0.9194958,True,NOT_CHECKED,0.83464843
fmnl3,rarga,0.83462536,0.95953435,True,NOT_CHECKED,0.83462536
eno1a,bhlhe40,0.8343392,0.7045038,True,NOT_CHECKED,0.8343392
zcchc24,nr2f6b,-0.83347285,-1.1338763,True,NOT_CHECKED,0.83347285
f3b,rxraa,0.8331522,1.1868336,True,NOT_CHECKED,0.8331522
dnajb2,jdp2b,0.83216685,1.2332447,True,NOT_CHECKED,0.83216685
ctsba,ebf3a,-0.83193797,-0.61654115,True,NOT_CHECKED,0.83193797
sptbn1,bhlhe40,0.83148015,1.317355,True,NOT_CHECKED,0.83148015
atg4da,bhlhe41,0.82966554,1.1878304,True,NOT_CHECKED,0.82966554
pdia4,hoxc9a,0.8296627,1.0556877,True,NOT_CHECKED,0.8296627
ppfia2,mitfa,0.82939243,0.9956748,True,NOT_CHECKED,0.82939243
cx30.3,bhlhe40,-0.8293676,-0.86125624,True,NOT_CHECKED,0.8293676
plekhg4,alx4a,0.8293559,1.2824554,True,NOT_CHECKED,0.8293559
her9,egr2b,0.8290713,1.4802474,True,NOT_CHECKED,0.8290713
bloc1s6,bhlhe40,0.8289546,1.0162104,True,NOT_CHECKED,0.8289546
coro1ca,sox9b,-0.828729,-1.0732604,True,NOT_CHECKED,0.828729
pfas,tead3b,-0.8286949,-0.7584614,True,NOT_CHECKED,0.8286949
pcdh2g28,sox9b,-0.8285112,-2.444686,True,NOT_CHECKED,0.8285112
slit3,jdp2b,0.8282397,0.45274895,True,NOT_CHECKED,0.8282397
ahnak,rarga,-0.828198,-0.31265745,True,NOT_CHECKED,0.828198
pld1a,ebf1b,-0.828138,-1.0682193,True,NOT_CHECKED,0.828138
si:dkey-85n7.6,hnf1bb,0.8278845,1.0838073,True,NOT_CHECKED,0.8278845
lrmda,rarga,-0.82775503,-0.3728186,True,NOT_CHECKED,0.82775503
tuba8l4,nr2f5,-0.8265945,-0.5790873,True,NOT_CHECKED,0.8265945
tspan36,bhlhe40,0.8265531,0.61161584,True,NOT_CHECKED,0.8265531
ctsz,bach2b,-0.8256801,-0.694481,True,NOT_CHECKED,0.8256801
aox5,ebf3a,-0.82563233,-0.40186322,True,NOT_CHECKED,0.82563233
slc38a7,tfap2e,0.82541853,1.6631144,True,NOT_CHECKED,0.82541853
chaf1a,tfeb,-0.82486755,-1.4389547,True,NOT_CHECKED,0.82486755
six1a,alx4b,0.82480955,0.4189824,True,NOT_CHECKED,0.82480955
gli3,sox6,0.8247464,2.0023475,True,NOT_CHECKED,0.8247464
tet3,sox9b,-0.82456195,-1.228515,True,NOT_CHECKED,0.82456195
ccn2a,tfap2a,-0.8241581,-0.2839124,True,NOT_CHECKED,0.8241581
nedd4a,mitfa,0.8241188,0.6597858,True,NOT_CHECKED,0.8241188
slc12a9,ebf3a,-0.8240494,-1.293988,True,NOT_CHECKED,0.8240494
lrmda,sox6,-0.8239658,-0.3711119,True,NOT_CHECKED,0.8239658
zbtb16a,tfeb,-0.8235518,-2.1824303,True,NOT_CHECKED,0.8235518
rrbp1b,tfap2e,-0.8233871,-0.65709966,True,NOT_CHECKED,0.8233871
ivns1abpa,mitfa,0.82304084,0.8623108,True,NOT_CHECKED,0.82304084
ugp2b,mitfa,0.8228918,0.9256289,True,NOT_CHECKED,0.8228918
greb1l,ebf1b,-0.822678,-0.9289416,True,NOT_CHECKED,0.822678
sept9b,nr2f6b,-0.8225452,-0.8164666,True,NOT_CHECKED,0.8225452
cadm1a,ebf1b,-0.8222788,-0.75833786,True,NOT_CHECKED,0.8222788
diaph2,bach2b,-0.82226837,-0.6860585,True,NOT_CHECKED,0.82226837
hspa12a,alx4b,0.8211122,0.6324168,True,NOT_CHECKED,0.8211122
mbd3b,twist1a,-0.8197752,-1.1170565,True,NOT_CHECKED,0.8197752
nid2a,nr2f5,0.81949013,0.68035424,True,NOT_CHECKED,0.81949013
slc36a1,sox10,-0.81935596,-1.2111683,True,NOT_CHECKED,0.81935596
asap3,tfap2a,-0.81930405,-0.1771912,True,NOT_CHECKED,0.81930405
rhoca,ebf3a,0.8188549,0.56520826,True,NOT_CHECKED,0.8188549
hoxb6b,hoxa11b,0.81865275,0.80555385,True,NOT_CHECKED,0.81865275
boc,rxraa,-0.8186167,-1.3119409,True,NOT_CHECKED,0.8186167
atp6v1c1b,tfeb,-0.81732327,-0.9597626,True,NOT_CHECKED,0.81732327
epha4a,ebf3a,-0.8168142,-0.76021105,True,NOT_CHECKED,0.8168142
phc2b,rarga,0.8161832,1.5360825,True,NOT_CHECKED,0.8161832
pnpla6,tfap2e,0.81608146,0.81136405,True,NOT_CHECKED,0.81608146
rnaseka,rorab,-0.8158944,-0.765618,True,NOT_CHECKED,0.8158944
hnrnpabb,tead3b,-0.8158376,-1.1519232,True,NOT_CHECKED,0.8158376
gfra1a,ebf1b,-0.81497985,-0.8604745,True,NOT_CHECKED,0.81497985
si:ch211-208h16.4,etv5b,0.8149212,1.9019047,True,NOT_CHECKED,0.8149212
adam10a,jun,0.8146867,0.5492493,True,NOT_CHECKED,0.8146867
pcdh2g28,jun,0.81350595,2.40041,True,NOT_CHECKED,0.81350595
ednrab,otx2b,0.8121327,1.3747233,True,NOT_CHECKED,0.8121327
thsd7aa,bach2b,-0.8111736,-0.87349015,True,NOT_CHECKED,0.8111736
atp6v0ca,tfap2a,-0.8109502,-0.7347707,True,NOT_CHECKED,0.8109502
cbfb,twist1a,0.81084406,0.6805482,True,NOT_CHECKED,0.81084406
sgpl1,mitfa,0.8106716,0.8709815,True,NOT_CHECKED,0.8106716
rras2,sox9b,-0.8088392,-1.0939933,True,NOT_CHECKED,0.8088392
tfeb,ebf3a,-0.80858386,-0.62679714,True,NOT_CHECKED,0.80858386
mtmr11,hoxb1b,0.8081714,1.3970753,True,NOT_CHECKED,0.8081714
foxp4,msx3,-0.8075022,-1.310518,True,NOT_CHECKED,0.8075022
crlf1a,otx2b,-0.8074382,-0.5528804,True,NOT_CHECKED,0.8074382
osbpl10b,rxraa,-0.806917,-1.3112544,True,NOT_CHECKED,0.806917
hexb,tead3b,-0.8066092,-0.94766295,True,NOT_CHECKED,0.8066092
hexb,fli1a,-0.80653715,-0.9475783,True,NOT_CHECKED,0.80653715
fhod3b,elk3,0.8058852,0.9597143,True,NOT_CHECKED,0.8058852
ahnak,snai1a,0.8055174,0.30409515,True,NOT_CHECKED,0.8055174
crlf1a,snai1a,-0.80540687,-0.5514895,True,NOT_CHECKED,0.80540687
pcdh19,egr2b,-0.80507356,-1.0838988,True,NOT_CHECKED,0.80507356
psd2,fli1a,0.8048902,0.7313627,True,NOT_CHECKED,0.8048902
svild,tfap2a,-0.8048527,-1.1931715,True,NOT_CHECKED,0.8048527
nrp2a,tead3b,-0.8039157,-1.2177513,True,NOT_CHECKED,0.8039157
hoxb6a,hoxc11b,-0.80159533,-0.7954821,True,NOT_CHECKED,0.80159533
si:ch73-127m5.1,bhlhe41,0.8014017,1.0469619,True,NOT_CHECKED,0.8014017
fzd3a,zic4,0.8013942,0.7014318,True,NOT_CHECKED,0.8013942
ttyh2l,bhlhe40,0.8010681,0.79076964,True,NOT_CHECKED,0.8010681
asap3,nr2f5,-0.801036,-0.17324036,True,NOT_CHECKED,0.801036
cgnl1,hoxa2b,-0.8004106,-0.49560398,True,NOT_CHECKED,0.8004106
gria1a,zeb1b,0.8001111,0.815293,True,NOT_CHECKED,0.8001111
si:dkey-261h17.1,msx1b,-0.79967314,-0.54339194,True,NOT_CHECKED,0.79967314
ralgps2,elf1,-0.7987438,-1.2106291,True,NOT_CHECKED,0.7987438
yap1,nfe2l2a,-0.7987391,-0.34691402,True,NOT_CHECKED,0.7987391
tgfbr3,tfap2c,-0.79857194,-0.9380304,True,NOT_CHECKED,0.79857194
naga,mitfa,0.7984484,0.76489025,True,NOT_CHECKED,0.7984484
pdzrn3b,snai1a,0.7983791,1.2551748,True,NOT_CHECKED,0.7983791
sipa1l2,ebf3a,0.7982641,0.5590973,True,NOT_CHECKED,0.7982641
sema4ba,sox9b,-0.7977388,-0.531895,True,NOT_CHECKED,0.7977388
fgfr4,egr2b,-0.79696196,-0.5321562,True,NOT_CHECKED,0.79696196
mllt3,hoxb9a,0.7954661,1.2515023,True,NOT_CHECKED,0.7954661
arhgef33,mitfa,0.7950841,0.99803567,True,NOT_CHECKED,0.7950841
tgfbi,hic1,-0.79494846,-0.6682385,True,NOT_CHECKED,0.79494846
ENSDARG00000070174,nr2f6b,-0.7948012,-0.95860857,True,NOT_CHECKED,0.7948012
nrp2a,hoxc3a,-0.7942934,-1.2031757,True,NOT_CHECKED,0.7942934
gna12a,tfec,0.79367685,0.42593133,True,NOT_CHECKED,0.79367685
hoxc11b,hoxd12a,0.7931571,1.3954321,True,NOT_CHECKED,0.7931571
klf6a,hoxa2b,-0.79161483,-0.92055774,True,NOT_CHECKED,0.79161483
stard9,tfec,0.7914372,1.5702183,True,NOT_CHECKED,0.7914372
cxxc5b,elf1,-0.791259,-0.92151105,True,NOT_CHECKED,0.791259
cited4b,msx1b,-0.79100865,-1.1480455,True,NOT_CHECKED,0.79100865
alx4a,bach2b,-0.7909103,-0.85427934,True,NOT_CHECKED,0.7909103
tuba1b,mitfa,-0.79088974,-0.7489169,True,NOT_CHECKED,0.79088974
nme4,bhlhe40,0.7907331,0.75303274,True,NOT_CHECKED,0.7907331
bloc1s4,tfeb,-0.78993547,-0.69833267,True,NOT_CHECKED,0.78993547
greb1l,bhlhe40,-0.78988314,-0.8919107,True,NOT_CHECKED,0.78988314
efnb2a,msx1b,-0.78967565,-0.59150326,True,NOT_CHECKED,0.78967565
ccn2a,tead3b,-0.78956074,-0.27199402,True,NOT_CHECKED,0.78956074
pi4k2a,bhlhe40,0.7893584,0.8265985,True,NOT_CHECKED,0.7893584
arvcfb,nr2f5,-0.78930444,-1.0929717,True,NOT_CHECKED,0.78930444
msx3,sox9b,0.78876793,0.8971538,True,NOT_CHECKED,0.78876793
ednrab,zic4,-0.7886425,-1.3349607,True,NOT_CHECKED,0.7886425
ldhba,bhlhe40,0.7878751,1.1179931,True,NOT_CHECKED,0.7878751
abi3a,hoxb1a,0.78622913,1.1412152,True,NOT_CHECKED,0.78622913
prdm1a,hnf1bb,0.78607017,0.41721386,True,NOT_CHECKED,0.78607017
cnksr2b,bhlhe40,0.78551745,1.1824458,True,NOT_CHECKED,0.78551745
ccdc85b,egr2b,-0.7853693,-0.40073884,True,NOT_CHECKED,0.7853693
mxi1,tfap2c,0.7849196,0.6595896,True,NOT_CHECKED,0.7849196
tfap2a,tead3b,-0.78481525,-3.9365053,True,NOT_CHECKED,0.78481525
hoxd4a,hoxa9b,0.78401756,0.97417253,True,NOT_CHECKED,0.78401756
glulb,elf1,0.7837641,0.89921296,True,NOT_CHECKED,0.7837641
efnb2a,nr2f6b,-0.78354,-0.58690745,True,NOT_CHECKED,0.78354
erbb3b,hoxb8a,0.7832407,0.7181781,True,NOT_CHECKED,0.7832407
itga8,nr4a2b,-0.7810551,-0.49540922,True,NOT_CHECKED,0.7810551
ucp2,tfap2a,-0.7797613,-1.5145738,True,NOT_CHECKED,0.7797613
tgfbr2b,fli1a,0.7796193,1.0951608,True,NOT_CHECKED,0.7796193
pdlim1,nr2f5,0.7789243,0.9268271,True,NOT_CHECKED,0.7789243
greb1l,tfap2a,-0.7787877,-0.879382,True,NOT_CHECKED,0.7787877
rnd3a,bach2b,0.7766532,1.0943446,True,NOT_CHECKED,0.7766532
nr2f5,tfec,-0.7764773,-4.108098,True,NOT_CHECKED,0.7764773
slbp,e2f7,0.77573013,1.3983645,True,NOT_CHECKED,0.77573013
mcf2l2,fli1a,-0.77552426,-0.97684234,True,NOT_CHECKED,0.77552426
diaph2,alx4a,-0.77529335,-0.646865,True,NOT_CHECKED,0.77529335
ccny,rxraa,-0.7752244,-0.5635958,True,NOT_CHECKED,0.7752244
gdpd5a,ebf1b,-0.77515006,-1.0708314,True,NOT_CHECKED,0.77515006
lrmda,jun,-0.7749713,-0.34904492,True,NOT_CHECKED,0.7749713
rnd3a,fosl2,-0.77484906,-1.0918026,True,NOT_CHECKED,0.77484906
hexb,tfec,0.7744731,0.9099071,True,NOT_CHECKED,0.7744731
pcdh9,bhlhe40,0.7740913,0.5430792,True,NOT_CHECKED,0.7740913
ebf1b,nr2f5,-0.7739556,-0.88792557,True,NOT_CHECKED,0.7739556
col11a1b,alx4b,0.7732043,0.51250726,True,NOT_CHECKED,0.7732043
sox9b,zic2b,0.772844,1.1723725,True,NOT_CHECKED,0.772844
lrwd1,tfap2a,-0.77116096,-1.2833828,True,NOT_CHECKED,0.77116096
hmgn7,zic2b,0.770027,1.8496323,True,NOT_CHECKED,0.770027
epha4a,sox9b,0.76992494,0.7165711,True,NOT_CHECKED,0.76992494
diaph2,elf1,-0.769788,-0.64227164,True,NOT_CHECKED,0.769788
plekhn1,rxraa,-0.7695354,-0.83369905,True,NOT_CHECKED,0.7695354
celf2,tfec,0.7693836,0.79157114,True,NOT_CHECKED,0.7693836
artnb,rxraa,0.7692658,0.78173304,True,NOT_CHECKED,0.7692658
tpm4a,sox6,0.76914257,0.40763658,True,NOT_CHECKED,0.76914257
colec12,elk3,-0.7688986,-0.56773037,True,NOT_CHECKED,0.7688986
ckbb,bhlhe40,0.76865184,1.1942201,True,NOT_CHECKED,0.76865184
pleca,hoxa11b,0.76658076,1.4158186,True,NOT_CHECKED,0.76658076
atp11a,tfeb,-0.76621944,-0.635433,True,NOT_CHECKED,0.76621944
slc15a2,tfec,0.7650445,0.49533352,True,NOT_CHECKED,0.7650445
dtnbp1a,sox6,-0.7648097,-0.7052321,True,NOT_CHECKED,0.7648097
hspa5,mitfa,0.7645146,1.4497604,True,NOT_CHECKED,0.7645146
tspan36,tfec,0.7643401,0.56558067,True,NOT_CHECKED,0.7643401
prss16,tfap2b,0.7632758,0.67161304,True,NOT_CHECKED,0.7632758
epha4b,hoxa2b,0.76298445,0.5382267,True,NOT_CHECKED,0.76298445
fgfr3,tfap2a,-0.7627034,-0.850094,True,NOT_CHECKED,0.7627034
hsp70.2,nr2f5,0.7625592,1.4043089,True,NOT_CHECKED,0.7625592
efnb2a,ebf3a,0.7621126,0.57085735,True,NOT_CHECKED,0.7621126
s100a1,sox19a,0.7620864,0.94297236,True,NOT_CHECKED,0.7620864
meis1b,sox6,-0.7619305,-0.99788284,True,NOT_CHECKED,0.7619305
slc26a11,tfec,-0.76172537,-0.9322323,True,NOT_CHECKED,0.76172537
ssr2,bach2b,-0.7617251,-0.6230639,True,NOT_CHECKED,0.7617251
atp6v1h,tfap2b,0.76085865,0.7559789,True,NOT_CHECKED,0.76085865
pi4k2a,klf15,0.7607081,0.7965966,True,NOT_CHECKED,0.7607081
col11a1b,tfap2a,-0.76067126,-0.50419986,True,NOT_CHECKED,0.76067126
hoxa10b,hoxa11b,0.7606704,0.8389728,True,NOT_CHECKED,0.7606704
dtnbp1a,bhlhe40,0.76060164,0.7013518,True,NOT_CHECKED,0.76060164
rap1gap2a,ebf1b,-0.7602641,-0.6562832,True,NOT_CHECKED,0.7602641
slc2a15b,tfeb,-0.76001865,-0.52129835,True,NOT_CHECKED,0.76001865
cadm1a,nr2f1b,0.75996184,0.7008667,True,NOT_CHECKED,0.75996184
mcf2l2,ebf3a,-0.75987506,-0.95713085,True,NOT_CHECKED,0.75987506
si:dkey-240h12.3,nfe2,0.7597855,0.6542261,True,NOT_CHECKED,0.7597855
wnt4,tead1b,-0.7596928,-0.48467404,True,NOT_CHECKED,0.7596928
plekha6,alx4b,0.75849587,0.8474215,True,NOT_CHECKED,0.75849587
fhl3a,tfec,-0.75838983,-0.95019263,True,NOT_CHECKED,0.75838983
flrt3,tfap2a,-0.7580787,-0.7271794,True,NOT_CHECKED,0.7580787
psd2,ebf3a,-0.7576022,-0.6883945,True,NOT_CHECKED,0.7576022
id2a,bhlhe41,-0.7573395,-0.82721585,True,NOT_CHECKED,0.7573395
ek1,zeb1b,-0.75728196,-0.594106,True,NOT_CHECKED,0.75728196
diaph2,sox10,-0.757002,-0.6316036,True,NOT_CHECKED,0.757002
pcbp4,nr2f5,-0.756954,-0.44064423,True,NOT_CHECKED,0.756954
gadd45bb,bhlhe40,0.75669503,0.3924415,True,NOT_CHECKED,0.75669503
cdh11,ebf3a,-0.7566524,-0.34357613,True,NOT_CHECKED,0.7566524
hexb,rarga,-0.7565278,-0.8888237,True,NOT_CHECKED,0.7565278
stard13b,zeb1b,0.75530475,1.437438,True,NOT_CHECKED,0.75530475
msna,nr4a2b,0.75474405,0.99033487,True,NOT_CHECKED,0.75474405
pcbp4,klf15,-0.75449806,-0.4392146,True,NOT_CHECKED,0.75449806
lrmda,bhlhe41,0.7539115,0.33955964,True,NOT_CHECKED,0.7539115
atox1,sox10,-0.7536467,-0.60817635,True,NOT_CHECKED,0.7536467
col7a1l,msx1b,0.75334716,0.6129122,True,NOT_CHECKED,0.75334716
ap3m2,mitfa,0.7529284,0.66274345,True,NOT_CHECKED,0.7529284
eva1ba,tfap2b,0.7523718,0.84665155,True,NOT_CHECKED,0.7523718
dusp6,egr4,0.7515969,1.0374963,True,NOT_CHECKED,0.7515969
ccny,etv5b,-0.7511671,-0.54610586,True,NOT_CHECKED,0.7511671
rxraa,tfap2b,-0.7504225,-1.9954982,True,NOT_CHECKED,0.7504225
ugp2b,bhlhe40,0.7503428,0.8440222,True,NOT_CHECKED,0.7503428
pold1,e2f7,0.7499898,1.3809048,True,NOT_CHECKED,0.7499898
bace2,bhlhe40,0.7497512,0.8728695,True,NOT_CHECKED,0.7497512
ENSDARG00000024966,tfap2e,0.7490309,1.3263417,True,NOT_CHECKED,0.7490309
pcbp4,bach2b,-0.7484103,-0.4356707,True,NOT_CHECKED,0.7484103
pdlim1,sox10,-0.7483583,-0.8904572,True,NOT_CHECKED,0.7483583
msx1b,hnf1ba,-0.7478098,-1.0492256,True,NOT_CHECKED,0.7478098
sept12,alx4a,0.7477058,1.5055252,True,NOT_CHECKED,0.7477058
plxnb1a,jun,0.7470312,0.6723712,True,NOT_CHECKED,0.7470312
sh3tc2,mitfa,0.7458832,0.8479725,True,NOT_CHECKED,0.7458832
si:dkey-261h17.1,rxraa,-0.7448294,-0.50612473,True,NOT_CHECKED,0.7448294
fhl3a,twist3,-0.74482244,-0.933194,True,NOT_CHECKED,0.74482244
bloc1s6,mitfa,0.74283427,0.9106361,True,NOT_CHECKED,0.74283427
eno1a,klf15,-0.74271214,-0.6271352,True,NOT_CHECKED,0.74271214
agtrap,mitfa,0.7425596,0.7003097,True,NOT_CHECKED,0.7425596
rgs2,bhlhe41,0.7420754,0.6530295,True,NOT_CHECKED,0.7420754
egr2b,nr4a2b,-0.7414456,-0.7836755,True,NOT_CHECKED,0.7414456
cdkn1ca,bhlhe40,0.74126416,0.80832803,True,NOT_CHECKED,0.74126416
cadm1a,egr2b,-0.74082243,-0.68321556,True,NOT_CHECKED,0.74082243
oaz1a,her9,0.7407155,1.4962082,True,NOT_CHECKED,0.7407155
mcama,hnf1ba,-0.7404109,-1.0328403,True,NOT_CHECKED,0.7404109
snx8a,tfap2e,0.74028367,1.0884911,True,NOT_CHECKED,0.74028367
prkcea,tfap2a,-0.7393731,-0.8545882,True,NOT_CHECKED,0.7393731
gnpda2,mitfa,0.73927605,0.936177,True,NOT_CHECKED,0.73927605
cbarpb,egr2b,0.7387736,0.71331644,True,NOT_CHECKED,0.7387736
tnk2b,alx4b,-0.7381769,-1.00472,True,NOT_CHECKED,0.7381769
mbnl2,bhlhe40,0.73807,0.6732395,True,NOT_CHECKED,0.73807
bend3,mitfa,0.7379287,0.8504479,True,NOT_CHECKED,0.7379287
gna12a,snai1a,-0.7374595,-0.39576197,True,NOT_CHECKED,0.7374595
plekhg4,tfap2a,-0.7371086,-1.1398109,True,NOT_CHECKED,0.7371086
ccny,elf1,0.73635167,0.5353349,True,NOT_CHECKED,0.73635167
erfl3,rarga,0.7363246,1.8384974,True,NOT_CHECKED,0.7363246
sox6,rxraa,-0.7359837,-3.0704453,True,NOT_CHECKED,0.7359837
efnb2a,hoxb1a,0.7359713,0.55127627,True,NOT_CHECKED,0.7359713
nrp1a,nr2f1b,0.7353714,0.837459,True,NOT_CHECKED,0.7353714
slc2a15a,tfap2e,0.73502284,0.44505987,True,NOT_CHECKED,0.73502284
cnn3a,jdp2b,0.73485744,0.6990008,True,NOT_CHECKED,0.73485744
runx1t1,alx4b,0.7342256,0.48324665,True,NOT_CHECKED,0.7342256
hoxc9a,hoxa9a,0.7334053,0.99593306,True,NOT_CHECKED,0.7334053
vav2,tfap2b,-0.7330439,-1.1747139,True,NOT_CHECKED,0.7330439
prkcsh,elf1,0.73263925,1.0654707,True,NOT_CHECKED,0.73263925
sept12,rxraa,0.7326109,1.475131,True,NOT_CHECKED,0.7326109
tpx2,fosl2,-0.7325526,-0.92631686,True,NOT_CHECKED,0.7325526
tmem198b,mitfa,0.7324184,0.9856593,True,NOT_CHECKED,0.7324184
hpca,bhlhe40,-0.7306529,-0.50384736,True,NOT_CHECKED,0.7306529
grem2b,nr2f5,-0.73007876,-0.45199507,True,NOT_CHECKED,0.73007876
cxcl12b,hoxb10a,-0.7296977,-0.8879481,True,NOT_CHECKED,0.7296977
atox1,tfec,0.729598,0.58876956,True,NOT_CHECKED,0.729598
pik3r3b,otx2b,0.7294543,0.88711846,True,NOT_CHECKED,0.7294543
epha4a,tfap2a,-0.7292613,-0.67872536,True,NOT_CHECKED,0.7292613
tubb4b,sox10,0.72892624,1.2145138,True,NOT_CHECKED,0.72892624
efemp2b,hnf1ba,0.72884244,0.88987905,True,NOT_CHECKED,0.72884244
marcksl1b,nr2f2,0.72883844,2.2080941,True,NOT_CHECKED,0.72883844
stard9,bhlhe40,-0.72879064,-1.445927,True,NOT_CHECKED,0.72879064
epha4b,bach2b,-0.7286555,-0.5140103,True,NOT_CHECKED,0.7286555
cgnl1,sox9b,0.72811985,0.45084244,True,NOT_CHECKED,0.72811985
meis3,ebf3a,-0.7280607,-1.2901583,True,NOT_CHECKED,0.7280607
nme4,tfec,-0.7279317,-0.69322556,True,NOT_CHECKED,0.7279317
eif4ebp3l,klf15,0.7277899,1.3881816,True,NOT_CHECKED,0.7277899
ckbb,mitfa,0.72767055,1.1305493,True,NOT_CHECKED,0.72767055
bhlhe41,mitfa,0.7273701,1.1655421,True,NOT_CHECKED,0.7273701
rxraa,fli1a,0.7264791,1.9318287,True,NOT_CHECKED,0.7264791
serinc5,fli1a,-0.72619206,-0.48384282,True,NOT_CHECKED,0.72619206
lin28a,mitfa,-0.7257962,-1.3796082,True,NOT_CHECKED,0.7257962
trpm1b,mitfa,0.7256901,0.80447054,True,NOT_CHECKED,0.7256901
hoxb5b,hoxc9a,0.7252743,0.66153634,True,NOT_CHECKED,0.7252743
dlgap1a,egr2b,0.7248668,0.7492379,True,NOT_CHECKED,0.7248668
rarga,tfap2a,-0.7248561,-1.2100638,True,NOT_CHECKED,0.7248561
col11a1b,ebf1b,-0.7247639,-0.4803992,True,NOT_CHECKED,0.7247639
epha4l,hoxa2b,0.72435063,1.1073037,True,NOT_CHECKED,0.72435063
foxo1a,mitfa,0.7241906,0.4370673,True,NOT_CHECKED,0.7241906
cdc42ep4a,elk3,0.72418696,1.4634888,True,NOT_CHECKED,0.72418696
shmt1,mitfa,0.72259516,0.4130239,True,NOT_CHECKED,0.72259516
bmpr1ab,tfap2a,-0.72249657,-1.5989833,True,NOT_CHECKED,0.72249657
col5a2a,hoxc9a,0.72110116,1.1236554,True,NOT_CHECKED,0.72110116
slc9a3r1a,msx3,0.72058886,0.87852186,True,NOT_CHECKED,0.72058886
pdlim4,elf1,-0.72038084,-0.21751751,True,NOT_CHECKED,0.72038084
efnb2a,sox10,-0.72018814,-0.539454,True,NOT_CHECKED,0.72018814
id1,tfap2a,-0.719304,-1.0782309,True,NOT_CHECKED,0.719304
cxxc5b,tead1b,-0.7190881,-0.83745974,True,NOT_CHECKED,0.7190881
cax1,tfec,0.7179859,0.91050196,True,NOT_CHECKED,0.7179859
cnnm2b,mitfa,0.7172923,0.8100501,True,NOT_CHECKED,0.7172923
mocs2,bhlhe40,0.7172463,0.8648165,True,NOT_CHECKED,0.7172463
sema5a,tfap2a,-0.71712404,-0.86877114,True,NOT_CHECKED,0.71712404
ptprz1b,zic2b,0.7164639,0.80763924,True,NOT_CHECKED,0.7164639
afap1l1a,bach2b,-0.71631557,-0.4593977,True,NOT_CHECKED,0.71631557
fli1a,rxraa,-0.7158201,-1.5663364,True,NOT_CHECKED,0.7158201
igfbp5b,rarga,0.71553415,0.87623715,True,NOT_CHECKED,0.71553415
zbtb16a,zeb1b,0.7152612,1.895458,True,NOT_CHECKED,0.7152612
mdka,nfe2l2a,-0.71485925,-1.085916,True,NOT_CHECKED,0.71485925
klf6a,elf1,-0.7139362,-0.83022636,True,NOT_CHECKED,0.7139362
epha7,tfap2a,-0.7132591,-0.82182217,True,NOT_CHECKED,0.7132591
scpep1,tfec,0.713232,1.0796658,True,NOT_CHECKED,0.713232
chaf1a,e2f7,0.71317035,1.2441026,True,NOT_CHECKED,0.71317035
hpca,ebf1b,0.71287096,0.49158517,True,NOT_CHECKED,0.71287096
krt18a.1,rarga,-0.7127115,-0.38375863,True,NOT_CHECKED,0.7127115
ahnak,zic2b,-0.7120255,-0.26880056,True,NOT_CHECKED,0.7120255
ankrd50l,zic2b,0.7117325,0.8750098,True,NOT_CHECKED,0.7117325
itga8,nr2f5,-0.7114055,-0.45123172,True,NOT_CHECKED,0.7114055
ptgdsb.1,jun,-0.7111824,-1.0802983,True,NOT_CHECKED,0.7111824
ripor1,tead3b,-0.71075845,-1.0414159,True,NOT_CHECKED,0.71075845
cnksr2b,mitfa,0.7093773,1.0678313,True,NOT_CHECKED,0.7093773
prdm1a,hnf1ba,-0.70893854,-0.3762755,True,NOT_CHECKED,0.70893854
tuba1b,alx4a,-0.70848924,-0.67088944,True,NOT_CHECKED,0.70848924
nxn,ebf1b,-0.70843256,-1.0757216,True,NOT_CHECKED,0.70843256
got2b,zic4,-0.70825005,-0.87536263,True,NOT_CHECKED,0.70825005
sox9b,sox10,-0.7079827,-1.0739806,True,NOT_CHECKED,0.7079827
pax7a,alx4a,-0.7071491,-0.2747448,True,NOT_CHECKED,0.7071491
rxraa,jun,0.7063845,1.8783939,True,NOT_CHECKED,0.7063845
slc36a1,tfec,0.7063273,1.0440898,True,NOT_CHECKED,0.7063273
vav2,sox6,0.7062489,1.1317744,True,NOT_CHECKED,0.7062489
vav2,pknox2,-0.70608854,-1.1315175,True,NOT_CHECKED,0.70608854
ablim3,tfap2e,0.70603377,0.6917231,True,NOT_CHECKED,0.70603377
pttg1ipb,klf15,0.70574164,0.36191636,True,NOT_CHECKED,0.70574164
zfhx3,nr2f2,0.7049283,0.8702168,True,NOT_CHECKED,0.7049283
cst14b.1,tfap2e,0.70472956,0.4199945,True,NOT_CHECKED,0.70472956
usp10,jun,-0.7018551,-0.44077665,True,NOT_CHECKED,0.7018551
coro1ca,jdp2b,-0.7012784,-0.9082032,True,NOT_CHECKED,0.7012784
osbpl10b,tfap2a,-0.701132,-1.1393518,True,NOT_CHECKED,0.701132
gstp1,tfap2e,0.7000887,0.69259644,True,NOT_CHECKED,0.7000887
stx8,mitfa,0.6997782,1.1860093,True,NOT_CHECKED,0.6997782
egr2b,tfap2a,-0.69918096,-0.73900366,True,NOT_CHECKED,0.69918096
hoxd3a,hoxd11a,-0.69914216,-1.0100089,True,NOT_CHECKED,0.69914216
celf2,mitfa,0.69869447,0.7188434,True,NOT_CHECKED,0.69869447
atp6v1h,tfap2e,0.6981663,0.6936886,True,NOT_CHECKED,0.6981663
hdlbpa,sox10,-0.6974864,-0.74161786,True,NOT_CHECKED,0.6974864
hpca,hoxa2b,0.6973307,0.48086888,True,NOT_CHECKED,0.6973307
dipk1ab,tfap2e,0.69721943,1.1233869,True,NOT_CHECKED,0.69721943
dipk1ab,bhlhe40,0.69650126,1.1222297,True,NOT_CHECKED,0.69650126
mcf2l2,egr2b,0.69640565,0.87718534,True,NOT_CHECKED,0.69640565
pdgfra,nr2f2,0.69616807,1.2785392,True,NOT_CHECKED,0.69616807
lin28a,tead3b,0.6959807,1.3229343,True,NOT_CHECKED,0.6959807
zfhx3,tead3b,-0.6953129,-0.8583469,True,NOT_CHECKED,0.6953129
chaf1a,jun,-0.69460315,-1.2117127,True,NOT_CHECKED,0.69460315
nsmfa,hoxa11b,-0.6940759,-0.9537369,True,NOT_CHECKED,0.6940759
nr6a1b,elf1,0.69406515,0.88934934,True,NOT_CHECKED,0.69406515
pttg1ipb,sox6,-0.69360036,-0.35569012,True,NOT_CHECKED,0.69360036
mbnl2,elf1,-0.6929201,-0.6320555,True,NOT_CHECKED,0.6929201
prkceb,elk3,0.6928998,0.86173,True,NOT_CHECKED,0.6928998
sept12,nr2f5,0.6928294,1.39503,True,NOT_CHECKED,0.6928294
pcbd1,snai1a,0.6918524,0.55715406,True,NOT_CHECKED,0.6918524
ebf3a,snai1a,0.69152445,0.24126464,True,NOT_CHECKED,0.69152445
ptgdsb.1,hoxc3a,-0.69061875,-1.0490618,True,NOT_CHECKED,0.69061875
slc39a14,ebf3a,-0.6905932,-0.34792233,True,NOT_CHECKED,0.6905932
serinc5,msx3,0.69020617,0.45986637,True,NOT_CHECKED,0.69020617
gpr143,rorab,0.68990505,0.7564568,True,NOT_CHECKED,0.68990505
cdca7a,ebf3a,0.68980885,1.1068648,True,NOT_CHECKED,0.68980885
stox1,sox9b,0.6895309,1.0092396,True,NOT_CHECKED,0.6895309
apc,tfap2b,0.68818706,0.54279435,True,NOT_CHECKED,0.68818706
diaph2,ebf3a,0.68739635,0.57352823,True,NOT_CHECKED,0.68739635
dlx1a,fli1a,0.6873106,0.88106805,True,NOT_CHECKED,0.6873106
sorbs2b,tfap2a,-0.68666774,-0.6794237,True,NOT_CHECKED,0.68666774
tgfbr3,bach2b,0.68644035,0.80631673,True,NOT_CHECKED,0.68644035
twist1b,sox9b,0.6864017,1.2635993,True,NOT_CHECKED,0.6864017
gabarapb,bhlhe41,-0.685807,-1.2775416,True,NOT_CHECKED,0.685807
ctsa,tfec,-0.6853106,-0.701104,True,NOT_CHECKED,0.6853106
ahnak,sox9b,-0.68500125,-0.25859848,True,NOT_CHECKED,0.68500125
prex2,tfap2a,-0.6842705,-1.1371467,True,NOT_CHECKED,0.6842705
aatkb,tfeb,-0.6842312,-0.9469671,True,NOT_CHECKED,0.6842312
lpar1,fli1a,0.68420446,0.6565828,True,NOT_CHECKED,0.68420446
egr2b,hnf1bb,0.68414074,0.72310674,True,NOT_CHECKED,0.68414074
hspa12a,alx4a,0.6841044,0.52689403,True,NOT_CHECKED,0.6841044
maff,nr2f2,0.68407863,0.81255686,True,NOT_CHECKED,0.68407863
bhlhe40,sox10,-0.68395066,-0.6931629,True,NOT_CHECKED,0.68395066
hoxb6a,hoxc9a,0.68338245,0.6781708,True,NOT_CHECKED,0.68338245
meis1b,tbx15,-0.6832807,-0.89487696,True,NOT_CHECKED,0.6832807
vamp5,mitfa,0.68304724,1.1442707,True,NOT_CHECKED,0.68304724
marcksl1b,hoxa9a,-0.682919,-2.0689762,True,NOT_CHECKED,0.682919
stom,elk3,0.6828767,1.1274511,True,NOT_CHECKED,0.6828767
pim1,nr2f2,-0.68252516,-0.10282249,True,NOT_CHECKED,0.68252516
atp6v0ca,elf1,0.68152714,0.61750543,True,NOT_CHECKED,0.68152714
gpr143,tfap2e,0.68001074,0.7456081,True,NOT_CHECKED,0.68001074
dnajb2,elf1,0.67966044,1.007235,True,NOT_CHECKED,0.67966044
dlg1,elf1,0.6785628,0.73533785,True,NOT_CHECKED,0.6785628
epha4a,otx2b,0.6772737,0.6303404,True,NOT_CHECKED,0.6772737
pax2a,otx2b,0.6767368,0.8292435,True,NOT_CHECKED,0.6767368
CABZ01080568.1,sox9b,0.6765603,1.420126,True,NOT_CHECKED,0.6765603
npr1a,rarga,0.6759227,0.4787872,True,NOT_CHECKED,0.6759227
apoda.1,rorab,0.67588997,0.40442625,True,NOT_CHECKED,0.67588997
snx15,klf15,0.67493665,0.52803844,True,NOT_CHECKED,0.67493665
ebf3a,rarga,0.6732339,0.23488331,True,NOT_CHECKED,0.6732339
id2a,elf1,-0.6731435,-0.7352514,True,NOT_CHECKED,0.6731435
stard13b,fosl2,0.67306453,1.2809247,True,NOT_CHECKED,0.67306453
gadd45ba,jun,0.67305905,0.7443519,True,NOT_CHECKED,0.67305905
mef2ca,rarga,-0.673008,-0.77774453,True,NOT_CHECKED,0.673008
her9,bhlhe40,-0.6725971,-1.2008741,True,NOT_CHECKED,0.6725971
plxnb1a,hoxb9a,0.6723098,0.6051176,True,NOT_CHECKED,0.6723098
cad,nfe2l2a,-0.67224526,-1.2162923,True,NOT_CHECKED,0.67224526
adam10a,tead1b,-0.6721959,-0.45318416,True,NOT_CHECKED,0.6721959
pax7a,mitfa,0.6721386,0.26114234,True,NOT_CHECKED,0.6721386
diaph2,fosl2,0.6720452,0.56071997,True,NOT_CHECKED,0.6720452
gadd45bb,sox9b,-0.6714133,-0.3482122,True,NOT_CHECKED,0.6714133
bace2,mitfa,0.6709141,0.7810863,True,NOT_CHECKED,0.6709141
col5a2a,hoxa9b,0.6703215,1.0445281,True,NOT_CHECKED,0.6703215
ENSDARG00000024966,ebf3a,-0.6695733,-1.1856428,True,NOT_CHECKED,0.6695733
col5a1,fli1a,0.6694867,0.888712,True,NOT_CHECKED,0.6694867
dipk1ab,bhlhe41,0.66843337,1.0770056,True,NOT_CHECKED,0.66843337
hsp70.3,twist1a,-0.6683591,-1.2723217,True,NOT_CHECKED,0.6683591
fmnl3,sox10,-0.6683116,-0.7683302,True,NOT_CHECKED,0.6683116
ptgdsb.1,sox9b,0.6682566,1.0150933,True,NOT_CHECKED,0.6682566
krt18a.1,jun,-0.6673058,-0.35930997,True,NOT_CHECKED,0.6673058
qdpra,mitfa,-0.66703266,-0.55861455,True,NOT_CHECKED,0.66703266
zfhx4,tead1b,-0.667029,-0.8731121,True,NOT_CHECKED,0.667029
kirrel3l,rarga,-0.66624427,-1.0764325,True,NOT_CHECKED,0.66624427
afap1l1a,hoxa2b,0.6660206,0.42714182,True,NOT_CHECKED,0.6660206
nrp2b,sox9b,-0.6657886,-0.9329372,True,NOT_CHECKED,0.6657886
gabarapb,mitfa,0.66536474,1.2394613,True,NOT_CHECKED,0.66536474
si:dkey-261h17.1,fli1a,0.66534597,0.45211428,True,NOT_CHECKED,0.66534597
antxr1c,nfe2,-0.6650043,-1.0462762,True,NOT_CHECKED,0.6650043
cadm1a,egr3,0.6646957,0.6130085,True,NOT_CHECKED,0.6646957
trim71,tfec,0.6642805,1.2533984,True,NOT_CHECKED,0.6642805
dusp6,mitfa,-0.66392654,-0.916477,True,NOT_CHECKED,0.66392654
kntc1,e2f7,0.6635374,0.9219717,True,NOT_CHECKED,0.6635374
cgnl1,fli1a,0.6625304,0.41023034,True,NOT_CHECKED,0.6625304
pttg1ipb,bhlhe40,0.6620758,0.33952382,True,NOT_CHECKED,0.6620758
bend3,bhlhe40,0.66168165,0.76257473,True,NOT_CHECKED,0.66168165
sema5a,elk3,-0.6616698,-0.80159014,True,NOT_CHECKED,0.6616698
gmps,tead3b,-0.66155213,-1.0522544,True,NOT_CHECKED,0.66155213
fhod3b,tfap2b,-0.6613299,-0.787566,True,NOT_CHECKED,0.6613299
tshz1,jun,0.660831,0.9087568,True,NOT_CHECKED,0.660831
pfas,bhlhe41,0.6605821,0.6045965,True,NOT_CHECKED,0.6605821
erbb3b,hoxb9a,0.6605241,0.60565543,True,NOT_CHECKED,0.6605241
mbnl2,bhlhe41,-0.6603286,-0.6023268,True,NOT_CHECKED,0.6603286
boc,tfap2a,-0.6601924,-1.0580451,True,NOT_CHECKED,0.6601924
serpinh1b,hoxc3a,-0.6593934,-1.0862554,True,NOT_CHECKED,0.6593934
apc,fli1a,-0.65914816,-0.5198905,True,NOT_CHECKED,0.65914816
npr1a,alx4a,0.6591011,0.4668717,True,NOT_CHECKED,0.6591011
zcchc24,hoxc3a,-0.6588808,-0.8963571,True,NOT_CHECKED,0.6588808
id1,bhlhe40,-0.6587451,-0.9874535,True,NOT_CHECKED,0.6587451
pmp22a,alx4a,-0.6584105,-0.6714759,True,NOT_CHECKED,0.6584105
lrmda,bhlhe40,0.65828574,0.29649007,True,NOT_CHECKED,0.65828574
itga5,ebf3a,0.6582842,0.98235077,True,NOT_CHECKED,0.6582842
svild,rarga,0.6582214,0.97579473,True,NOT_CHECKED,0.6582214
nid2a,egr2b,0.6572631,0.5456706,True,NOT_CHECKED,0.6572631
vma21,mitfa,0.65725183,0.840033,True,NOT_CHECKED,0.65725183
pts,bhlhe40,-0.65720886,-0.72570884,True,NOT_CHECKED,0.65720886
il17rd,elk3,0.6569732,0.54625326,True,NOT_CHECKED,0.6569732
hsp70.2,ebf1b,-0.6565942,-1.2091666,True,NOT_CHECKED,0.6565942
glb1l,tfap2e,0.6559664,0.5367954,True,NOT_CHECKED,0.6559664
glb1l,tfap2b,0.6552366,0.5361982,True,NOT_CHECKED,0.6552366
slc22a2,bhlhe41,-0.6547781,-0.7270596,True,NOT_CHECKED,0.6547781
plpp3,rxraa,0.65435916,0.89970785,True,NOT_CHECKED,0.65435916
rab27a,elk3,0.6539362,1.0907273,True,NOT_CHECKED,0.6539362
sh3glb2b,tfec,-0.6535664,-0.5554747,True,NOT_CHECKED,0.6535664
meis1b,ebf1b,0.65334266,0.85566777,True,NOT_CHECKED,0.65334266
dnajb2,fli1a,-0.65299124,-0.96771216,True,NOT_CHECKED,0.65299124
pot1,ebf3a,0.6524711,1.1614671,True,NOT_CHECKED,0.6524711
pdia4,ebf3a,0.65218836,0.829864,True,NOT_CHECKED,0.65218836
zeb1b,tead3b,-0.6518503,-1.7280701,True,NOT_CHECKED,0.6518503
pax7b,tfap2e,0.651609,0.46625844,True,NOT_CHECKED,0.651609
si:ch211-263k4.2,pbx1a,-0.65076745,-0.47650227,True,NOT_CHECKED,0.65076745
crlf1a,tead1b,-0.6507196,-0.44556984,True,NOT_CHECKED,0.6507196
ctsba,tfap2a,-0.6498955,-0.48163125,True,NOT_CHECKED,0.6498955
pcdh10a,tfec,-0.64912254,-0.58014315,True,NOT_CHECKED,0.64912254
dusp6,rxraa,-0.64894134,-0.89579165,True,NOT_CHECKED,0.64894134
cxcl12b,hoxa9b,-0.6489124,-0.78964275,True,NOT_CHECKED,0.6489124
apoda.1,bhlhe40,0.64870167,0.38815784,True,NOT_CHECKED,0.64870167
ccny,zic2b,-0.6474484,-0.47070137,True,NOT_CHECKED,0.6474484
lig1,fli1a,0.64653045,1.2689439,True,NOT_CHECKED,0.64653045
hsp70.2,zeb1b,0.6462823,1.1901765,True,NOT_CHECKED,0.6462823
ccdc85b,her9,-0.6456888,-0.32946613,True,NOT_CHECKED,0.6456888
tubb4b,tfap2a,-0.6451178,-1.0748749,True,NOT_CHECKED,0.6451178
hoxb9a,hoxa9b,0.6448403,1.0753304,True,NOT_CHECKED,0.6448403
pcdh10b,sox9b,-0.644519,-0.77979136,True,NOT_CHECKED,0.644519
cpvl,bhlhe40,0.64421576,0.7415116,True,NOT_CHECKED,0.64421576
rrbp1b,sox10,-0.644079,-0.5140038,True,NOT_CHECKED,0.644079
msx1b,zeb1b,-0.6430333,-0.90221745,True,NOT_CHECKED,0.6430333
ptger4a,mitfa,0.6423915,0.7656194,True,NOT_CHECKED,0.6423915
gli3,msx1b,-0.6422553,-1.5592895,True,NOT_CHECKED,0.6422553
apc,tfeb,0.64220434,0.5065264,True,NOT_CHECKED,0.64220434
dlx2a,rxraa,-0.64194167,-0.59611297,True,NOT_CHECKED,0.64194167
hsp70.2,sox9b,0.64187974,1.1820688,True,NOT_CHECKED,0.64187974
apoeb,sox9b,0.6417899,1.0063071,True,NOT_CHECKED,0.6417899
col18a1a,tfap2a,-0.6413688,-0.26148942,True,NOT_CHECKED,0.6413688
rxraa,egr2b,-0.64132833,-1.7053988,True,NOT_CHECKED,0.64132833
ppiab,zeb1b,-0.6413121,-0.75767094,True,NOT_CHECKED,0.6413121
man2a1,zeb1b,-0.6409166,-0.8686667,True,NOT_CHECKED,0.6409166
si:ch73-364h19.1,hoxa11b,0.6405051,1.0044926,True,NOT_CHECKED,0.6405051
zfhx3,nr4a3,-0.6404364,-0.79060316,True,NOT_CHECKED,0.6404364
mad2l1,fli1a,-0.64028066,-0.7625762,True,NOT_CHECKED,0.64028066
gpr143,mitfa,0.6400457,0.7017878,True,NOT_CHECKED,0.6400457
mmp14a,alx4a,0.6397535,0.8505613,True,NOT_CHECKED,0.6397535
ugp2b,tfec,-0.6396059,-0.71945995,True,NOT_CHECKED,0.6396059
arhgap11a,sox9b,0.63871217,0.950161,True,NOT_CHECKED,0.63871217
scamp3,tfec,-0.63868827,-0.61953515,True,NOT_CHECKED,0.63868827
cx43.4,nr2f5,-0.6386287,-1.1076775,True,NOT_CHECKED,0.6386287
vav2,egr2b,0.6383683,1.0229948,True,NOT_CHECKED,0.6383683
rundc3ab,bhlhe40,0.638329,0.7656128,True,NOT_CHECKED,0.638329
itga5,tfap2a,-0.6378801,-0.9519019,True,NOT_CHECKED,0.6378801
gfra1a,hoxb9a,-0.6378042,-0.6734084,True,NOT_CHECKED,0.6378042
cpeb4b,etv5b,-0.6375384,-0.89654225,True,NOT_CHECKED,0.6375384
cited4b,nr2f2,0.6370009,0.9245234,True,NOT_CHECKED,0.6370009
mbnl2,tfec,0.6359244,0.5800662,True,NOT_CHECKED,0.6359244
marcksl1b,tfap2e,-0.63573265,-1.9260201,True,NOT_CHECKED,0.63573265
tcf12,tead1b,0.6354323,0.7793449,True,NOT_CHECKED,0.6354323
adam10a,ebf1b,0.63534105,0.4283372,True,NOT_CHECKED,0.63534105
gli2a,tfap2e,-0.6347922,-1.0075101,True,NOT_CHECKED,0.6347922
prkcea,bhlhe40,0.6342399,0.7330724,True,NOT_CHECKED,0.6342399
hoxa10b,hoxa9b,0.6341918,0.69947463,True,NOT_CHECKED,0.6341918
ptger4a,bhlhe40,0.634032,0.75565636,True,NOT_CHECKED,0.634032
ppiab,jun,-0.6331053,-0.74797505,True,NOT_CHECKED,0.6331053
zic2b,fli1a,-0.6331053,-1.2139406,True,NOT_CHECKED,0.6331053
man2b1,tfec,0.6318964,0.46608895,True,NOT_CHECKED,0.6318964
crlf1a,tfap2c,-0.63167,-0.43252593,True,NOT_CHECKED,0.63167
tle3b,bach2b,-0.6309699,-1.1655023,True,NOT_CHECKED,0.6309699
serinc5,rxraa,-0.6307559,-0.4202562,True,NOT_CHECKED,0.6307559
hoxd4a,hoxb10a,0.6305008,0.783422,True,NOT_CHECKED,0.6305008
alcama,ebf1b,0.6304612,1.2683554,True,NOT_CHECKED,0.6304612
gphna,tfec,0.63035333,0.4749783,True,NOT_CHECKED,0.63035333
sptlc2a,bhlhe40,0.6295273,1.0409402,True,NOT_CHECKED,0.6295273
thsd7aa,klf15,-0.6293266,-0.6776731,True,NOT_CHECKED,0.6293266
hoxa9b,hoxa11b,0.62917453,1.0014352,True,NOT_CHECKED,0.62917453
CABZ01080568.1,tfap2a,-0.62807864,-1.318361,True,NOT_CHECKED,0.62807864
pcdh2g28,sox6,0.62800765,1.8530606,True,NOT_CHECKED,0.62800765
kalrnb,hnf1ba,0.6274322,1.2198466,True,NOT_CHECKED,0.6274322
ufc1,tfec,-0.62699574,-0.9282152,True,NOT_CHECKED,0.62699574
runx1t1,ebf3a,-0.6260781,-0.41206703,True,NOT_CHECKED,0.6260781
si:ch211-198m17.1,nr2f1b,0.62606984,0.4292584,True,NOT_CHECKED,0.62606984
zfhx4,sox6,0.62570465,0.81902033,True,NOT_CHECKED,0.62570465
zfhx3,sox9b,0.6256382,0.7723351,True,NOT_CHECKED,0.6256382
pttg1ipb,tfap2a,-0.6255294,-0.32078218,True,NOT_CHECKED,0.6255294
ttyh2l,tfeb,-0.62470025,-0.6166691,True,NOT_CHECKED,0.62470025
aatkb,bhlhe41,0.6246794,0.86454815,True,NOT_CHECKED,0.6246794
nid2a,tfap2a,-0.62404627,-0.5180935,True,NOT_CHECKED,0.62404627
cxxc5b,fli1a,0.623895,0.72659665,True,NOT_CHECKED,0.623895
zgc:92242,rarga,-0.6238157,-1.3887504,True,NOT_CHECKED,0.6238157
epha7,hoxa4a,-0.6236417,-0.7185644,True,NOT_CHECKED,0.6236417
hmgb2a,sox10,-0.6234439,-0.69410896,True,NOT_CHECKED,0.6234439
mdka,rxraa,0.6233461,0.94690186,True,NOT_CHECKED,0.6233461
kif26ab,hoxa9a,0.62330115,0.45266032,True,NOT_CHECKED,0.62330115
gstp1,mitfa,0.623113,0.61644447,True,NOT_CHECKED,0.623113
si:dkey-172h23.2,nr2f5,-0.62295365,-0.48195127,True,NOT_CHECKED,0.62295365
svild,tead3b,-0.6228492,-0.9233564,True,NOT_CHECKED,0.6228492
celf2,fli1a,-0.62176627,-0.63969684,True,NOT_CHECKED,0.62176627
gli3,jun,0.62159216,1.5091228,True,NOT_CHECKED,0.62159216
rnaseka,tfec,-0.6213484,-0.58306015,True,NOT_CHECKED,0.6213484
cgnl1,zeb1b,0.6208312,0.3844107,True,NOT_CHECKED,0.6208312
sox10,zeb1b,-0.62081844,-3.4757545,True,NOT_CHECKED,0.62081844
shroom4,nr2f2,-0.62077826,-1.0461648,True,NOT_CHECKED,0.62077826
aldob,etv5b,0.6205699,1.4321615,True,NOT_CHECKED,0.6205699
hoxd3a,hoxc9a,-0.6204072,-0.8962652,True,NOT_CHECKED,0.6204072
sfrp5,nr2f2,-0.62002796,-0.6680746,True,NOT_CHECKED,0.62002796
ctsc,bhlhe40,0.6192081,0.6067929,True,NOT_CHECKED,0.6192081
pikfyve,tfec,0.6184469,0.6367651,True,NOT_CHECKED,0.6184469
ENSDARG00000070174,rxraa,0.6184409,0.7459007,True,NOT_CHECKED,0.6184409
gdap2,mitfa,-0.61806244,-0.45158544,True,NOT_CHECKED,0.61806244
cbfb,sox19a,0.617787,0.5185138,True,NOT_CHECKED,0.617787
si:ch211-263k4.2,egr3,0.61728346,0.45198476,True,NOT_CHECKED,0.61728346
tpm4a,jun,0.6170385,0.3270232,True,NOT_CHECKED,0.6170385
pcbp4,bhlhe41,-0.61686337,-0.35909352,True,NOT_CHECKED,0.61686337
tp53bp1,sox9b,0.6161514,1.4081239,True,NOT_CHECKED,0.6161514
wnt4,zeb1b,-0.6156425,-0.39277187,True,NOT_CHECKED,0.6156425
vcana,hoxc9a,-0.61494607,-0.8096298,True,NOT_CHECKED,0.61494607
slc3a2a,mitfa,0.61484015,0.27467716,True,NOT_CHECKED,0.61484015
ptbp1b,bach2b,-0.6146733,-0.53113765,True,NOT_CHECKED,0.6146733
hoxd3a,hoxd12a,0.61420006,0.8872981,True,NOT_CHECKED,0.61420006
tfdp2,zeb1b,-0.61342645,-1.0971485,True,NOT_CHECKED,0.61342645
antxr1c,rxraa,0.6133778,0.9650503,True,NOT_CHECKED,0.6133778
cst14b.1,tfec,0.61326325,0.36548373,True,NOT_CHECKED,0.61326325
hsp70l,tfec,-0.6131216,-0.5075177,True,NOT_CHECKED,0.6131216
ENSDARG00000062929,fosl2,0.6128003,0.92394596,True,NOT_CHECKED,0.6128003
glb1l,bach2b,-0.6122401,-0.501013,True,NOT_CHECKED,0.6122401
slc12a9,tfec,0.6121134,0.96118915,True,NOT_CHECKED,0.6121134
zgc:165573,elf1,0.61179453,0.7142519,True,NOT_CHECKED,0.61179453
zgc:153039,bhlhe40,0.6115703,1.0848172,True,NOT_CHECKED,0.6115703
mllt3,hoxb10a,0.611551,0.96214956,True,NOT_CHECKED,0.611551
junba,jun,0.6113729,1.8545218,True,NOT_CHECKED,0.6113729
kcnab1a,tead1b,0.6100291,0.7000153,True,NOT_CHECKED,0.6100291
asap3,fli1a,-0.60902095,-0.13171318,True,NOT_CHECKED,0.60902095
hexb,ebf3a,0.6089733,0.715466,True,NOT_CHECKED,0.6089733
itga8,snai1a,0.60845876,0.38593447,True,NOT_CHECKED,0.60845876
itga1,mitfa,0.60833883,0.45879975,True,NOT_CHECKED,0.60833883
lmo4b,tfap2a,-0.6081143,-1.0959015,True,NOT_CHECKED,0.6081143
sema6dl,jun,0.60796034,0.56151336,True,NOT_CHECKED,0.60796034
nrp2a,sox10,-0.60759634,-0.9203716,True,NOT_CHECKED,0.60759634
col5a1,ebf3a,0.6075401,0.80648077,True,NOT_CHECKED,0.6075401
cenpf,zic2b,0.6075368,0.7420236,True,NOT_CHECKED,0.6075368
sox6,bhlhe40,-0.60710937,-2.5327952,True,NOT_CHECKED,0.60710937
ptgdsb.1,fosl2,-0.6067487,-0.9216618,True,NOT_CHECKED,0.6067487
cbfb,klf15,-0.6065527,-0.50908476,True,NOT_CHECKED,0.6065527
tubb2b,sox6,0.60650367,1.0345799,True,NOT_CHECKED,0.60650367
gli3,ebf3a,-0.60638344,-1.4721986,True,NOT_CHECKED,0.60638344
sept12,hoxc3a,-0.604768,-1.2177161,True,NOT_CHECKED,0.604768
cad,bach2b,0.6047367,1.0941491,True,NOT_CHECKED,0.6047367
fabp3,sox19a,-0.60418147,-1.1483455,True,NOT_CHECKED,0.60418147
ckbb,tfap2e,0.6038823,0.93822503,True,NOT_CHECKED,0.6038823
cad,pbx1a,0.6038765,1.0925927,True,NOT_CHECKED,0.6038765
dlgap1a,hnf1bb,0.60385084,0.6241532,True,NOT_CHECKED,0.60385084
ptprub,rarga,-0.60244155,-0.68111926,True,NOT_CHECKED,0.60244155
nme4,tfeb,-0.6020143,-0.5733116,True,NOT_CHECKED,0.6020143
sept12,otx2b,0.60183036,1.2118012,True,NOT_CHECKED,0.60183036
ostm1,bhlhe40,0.601462,0.77693105,True,NOT_CHECKED,0.601462
hoxb5b,hoxb9a,0.6013338,0.5484879,True,NOT_CHECKED,0.6013338
msi1,sox9b,0.6007837,0.7170021,True,NOT_CHECKED,0.6007837
atp6ap1b,tfec,0.6006548,0.53647506,True,NOT_CHECKED,0.6006548
stx8,tfap2e,0.6005497,1.0178332,True,NOT_CHECKED,0.6005497
BX571715.1,mitfa,0.6003267,0.35040683,True,NOT_CHECKED,0.6003267
jun,fli1a,-0.599375,-2.1723998,True,NOT_CHECKED,0.599375
alcama,tfec,0.5991367,1.205337,True,NOT_CHECKED,0.5991367
col12a1a,sox6,-0.5990487,-0.73077273,True,NOT_CHECKED,0.5990487
cdkn1ca,ebf3a,-0.597464,-0.651518,True,NOT_CHECKED,0.597464
cgnl1,tfap2a,-0.596501,-0.36934572,True,NOT_CHECKED,0.596501
foxp1a,erfl3,0.59621185,0.57490647,True,NOT_CHECKED,0.59621185
sept12,tfap2a,-0.5961157,-1.2002945,True,NOT_CHECKED,0.5961157
cpeb4b,nfe2,-0.5953332,-0.83719105,True,NOT_CHECKED,0.5953332
slc12a9,mitfa,0.59468114,0.93381566,True,NOT_CHECKED,0.59468114
lrrc58b,fli1a,0.5945672,0.8166009,True,NOT_CHECKED,0.5945672
pdgfra,hoxc3a,-0.59431785,-1.0914874,True,NOT_CHECKED,0.59431785
si:ch211-286o17.1,sox10,-0.59423345,-0.5988039,True,NOT_CHECKED,0.59423345
hoxb3a,hoxa9a,0.5941858,0.7778277,True,NOT_CHECKED,0.5941858
lrmda,ebf3a,-0.5941665,-0.26761097,True,NOT_CHECKED,0.5941665
adam19b,fli1a,-0.5933753,-1.0045546,True,NOT_CHECKED,0.5933753
ctsa,mitfa,0.5932021,0.60687286,True,NOT_CHECKED,0.5932021
nrip1b,nr2f2,0.5928302,1.0965558,True,NOT_CHECKED,0.5928302
gli2a,tfeb,0.5926808,0.940673,True,NOT_CHECKED,0.5926808
sema5a,rarga,-0.5917654,-0.71690345,True,NOT_CHECKED,0.5917654
col12a1a,hnf1bb,0.5916524,0.7217501,True,NOT_CHECKED,0.5916524
efna3b,zeb1b,-0.591272,-0.651891,True,NOT_CHECKED,0.591272
phactr3a,sox10,-0.5906385,-0.7012227,True,NOT_CHECKED,0.5906385
kif2c,sox10,-0.58969665,-0.66289115,True,NOT_CHECKED,0.58969665
sorbs1,fosl2,-0.58938265,-0.6492972,True,NOT_CHECKED,0.58938265
ankrd50l,hoxb9a,-0.58900356,-0.72412586,True,NOT_CHECKED,0.58900356
pax7b,klf15,0.58899105,0.42145216,True,NOT_CHECKED,0.58899105
cpeb4b,ebf3a,-0.5885081,-0.8275932,True,NOT_CHECKED,0.5885081
parp6b,bhlhe40,0.588217,0.66099554,True,NOT_CHECKED,0.588217
efnb2a,nr2f1b,0.588189,0.44058052,True,NOT_CHECKED,0.588189
col2a1b,alx4a,-0.58793914,-0.77829117,True,NOT_CHECKED,0.58793914
ripor1,hoxc3a,-0.58777565,-0.8612193,True,NOT_CHECKED,0.58777565
tnfrsf19,zic2a,0.5870143,1.0309603,True,NOT_CHECKED,0.5870143
mvb12bb,hoxa4a,0.5870075,1.0221939,True,NOT_CHECKED,0.5870075
ccny,bhlhe40,0.5868621,0.42665452,True,NOT_CHECKED,0.5868621
nsmfa,hoxc11b,-0.5868157,-0.8063496,True,NOT_CHECKED,0.5868157
sox9b,nr4a2b,-0.5865638,-0.88979316,True,NOT_CHECKED,0.5865638
pax7a,hic1,0.5863544,0.22781308,True,NOT_CHECKED,0.5863544
ssr2,mitfa,-0.5852419,-0.47870693,True,NOT_CHECKED,0.5852419
zic2a,msx3,0.58404106,0.5902017,True,NOT_CHECKED,0.58404106
ednrab,rxraa,0.58329165,0.98735666,True,NOT_CHECKED,0.58329165
ctsba,jun,0.58301055,0.4320635,True,NOT_CHECKED,0.58301055
smad3a,hoxa11b,0.58192825,0.65892726,True,NOT_CHECKED,0.58192825
hnrnpa1b,tfap2a,-0.581796,-1.172827,True,NOT_CHECKED,0.581796
hoxc3a,hoxa11b,-0.58145547,-0.8161467,True,NOT_CHECKED,0.58145547
hps5,tfec,0.58136594,0.71972275,True,NOT_CHECKED,0.58136594
tpm4a,nr4a2b,0.5810898,0.3079708,True,NOT_CHECKED,0.5810898
nrp2a,bach2b,0.5804702,0.87928164,True,NOT_CHECKED,0.5804702
sox6,hoxa2b,-0.5794319,-2.4173276,True,NOT_CHECKED,0.5794319
gli3,tead3b,-0.57753664,-1.4021633,True,NOT_CHECKED,0.57753664
cdh1,sox10,-0.5774725,-0.39969394,True,NOT_CHECKED,0.5774725
snai1b,sox6,-0.5772636,-0.61452556,True,NOT_CHECKED,0.5772636
hoxb7a,hoxa9b,0.5765388,0.6330807,True,NOT_CHECKED,0.5765388
man2a1,mitfa,0.576193,0.7809435,True,NOT_CHECKED,0.576193
cthrc1a,nr2f2,-0.57615376,-0.21447316,True,NOT_CHECKED,0.57615376
actb1,jun,0.57548225,1.2296208,True,NOT_CHECKED,0.57548225
atp6v0e1,nr4a2b,-0.57536715,-0.21363994,True,NOT_CHECKED,0.57536715
atp6v1e1b,mitfa,0.57526624,0.5898888,True,NOT_CHECKED,0.57526624
bmp7b,fli1a,-0.57515216,-0.6902959,True,NOT_CHECKED,0.57515216
npffr1l2,alx4b,0.57428753,0.7816948,True,NOT_CHECKED,0.57428753
stm,hoxb9a,0.5740945,0.6825524,True,NOT_CHECKED,0.5740945
elf1,hoxa4a,0.57396793,1.0013895,True,NOT_CHECKED,0.57396793
pgk1,tfap2b,0.5735944,0.94530505,True,NOT_CHECKED,0.5735944
sept12,rarga,-0.5733056,-1.1543658,True,NOT_CHECKED,0.5733056
gdap2,alx4a,0.5728427,0.41854578,True,NOT_CHECKED,0.5728427
atp6v1ab,rorab,-0.5726094,-0.67566466,True,NOT_CHECKED,0.5726094
hexb,bhlhe40,0.5725401,0.6726616,True,NOT_CHECKED,0.5725401
cacna1ba,sox6,-0.5724462,-0.5630828,True,NOT_CHECKED,0.5724462
si:zfos-943e10.1,tfap2e,0.57195795,0.54679054,True,NOT_CHECKED,0.57195795
dapk1,jun,0.57190585,0.8414516,True,NOT_CHECKED,0.57190585
zic2a,msx1b,-0.5717143,-0.57774484,True,NOT_CHECKED,0.5717143
dact2,hoxb9a,0.57125473,0.71695226,True,NOT_CHECKED,0.57125473
si:ch73-86n18.1,snai1a,0.57119745,0.6417344,True,NOT_CHECKED,0.57119745
ebf3a,nr2f6b,0.57095677,0.1992,True,NOT_CHECKED,0.57095677
afap1l1a,hoxa9a,-0.57093954,-0.36616305,True,NOT_CHECKED,0.57093954
dlx2a,nr2f5,-0.57082456,-0.530073,True,NOT_CHECKED,0.57082456
npl,rorab,0.5706802,0.6249814,True,NOT_CHECKED,0.5706802
gadd45bb,mitfa,-0.57060975,-0.2959329,True,NOT_CHECKED,0.57060975
notch2,rarga,0.57033443,0.39938408,True,NOT_CHECKED,0.57033443
fgfr4,alx4a,-0.5700141,-0.3806161,True,NOT_CHECKED,0.5700141
fhl3a,bach2b,0.5699274,0.71406657,True,NOT_CHECKED,0.5699274
hsp70.2,etv5b,-0.56960434,-1.0489683,True,NOT_CHECKED,0.56960434
ednrab,elk3,0.56945324,0.9639319,True,NOT_CHECKED,0.56945324
si:dkey-261h17.1,snai1a,0.5687275,0.38646033,True,NOT_CHECKED,0.5687275
tln2a,tfap2a,-0.5676363,-1.2118139,True,NOT_CHECKED,0.5676363
tead3b,e2f7,-0.56745386,-2.2577746,True,NOT_CHECKED,0.56745386
tcf12,rarga,-0.56735146,-0.6958451,True,NOT_CHECKED,0.56735146
slc35f6,mitfa,0.566508,0.58749855,True,NOT_CHECKED,0.566508
atp6v0a2b,bhlhe41,0.5660779,0.7774663,True,NOT_CHECKED,0.5660779
si:ch211-208h16.4,nr2f5,0.56548166,1.31975,True,NOT_CHECKED,0.56548166
her9,hoxb9a,-0.5649915,-1.0087519,True,NOT_CHECKED,0.5649915
lsp1a,ebf3a,0.56495744,0.7817045,True,NOT_CHECKED,0.56495744
flrt3,sox9b,0.56419337,0.5411968,True,NOT_CHECKED,0.56419337
slbp,elf1,-0.5641301,-1.0169253,True,NOT_CHECKED,0.5641301
runx1t1,pbx1a,0.5640949,0.3712714,True,NOT_CHECKED,0.5640949
tpm4a,nr2f2,0.563946,0.2988848,True,NOT_CHECKED,0.563946
pdcd4b,tfap2a,-0.5634013,-1.0556016,True,NOT_CHECKED,0.5634013
cxcl14,nr2f2,-0.56339955,-0.50592184,True,NOT_CHECKED,0.56339955
sox6,mitfa,0.56320035,2.3496115,True,NOT_CHECKED,0.56320035
ENSDARG00000070174,tfap2e,-0.56235874,-0.67826,True,NOT_CHECKED,0.56235874
tfdp2,tfap2a,-0.5618141,-1.004837,True,NOT_CHECKED,0.5618141
hoxc6b,hoxa9b,0.5613431,0.7349425,True,NOT_CHECKED,0.5613431
calr,fli1a,0.56128997,1.1187792,True,NOT_CHECKED,0.56128997
atp6v1g1,bhlhe40,-0.5607503,-0.4418559,True,NOT_CHECKED,0.5607503
pag1,mitfa,0.5599339,0.8387931,True,NOT_CHECKED,0.5599339
hoxa9b,hoxb10a,0.55989736,0.8911691,True,NOT_CHECKED,0.55989736
hsp70.2,twist1a,-0.5595586,-1.0304683,True,NOT_CHECKED,0.5595586
epha7,sox9b,0.5595399,0.6447058,True,NOT_CHECKED,0.5595399
fhl3a,elf1,0.5590541,0.70044327,True,NOT_CHECKED,0.5590541
bach2b,egr2b,0.5586671,2.4508064,True,NOT_CHECKED,0.5586671
itga5,jun,-0.5578797,-0.8325182,True,NOT_CHECKED,0.5578797
hoxc11b,hoxa9b,0.55719787,0.9802999,True,NOT_CHECKED,0.55719787
pfas,fli1a,-0.55714774,-0.5099284,True,NOT_CHECKED,0.55714774
slc2a15b,bhlhe40,0.55643076,0.38165703,True,NOT_CHECKED,0.55643076
pmela,mitfa,0.55630314,0.69773585,True,NOT_CHECKED,0.55630314
lin28a,hoxa2b,0.5561614,1.0571629,True,NOT_CHECKED,0.5561614
hoxd10a,hoxd12a,0.5561312,0.5999231,True,NOT_CHECKED,0.5561312
atp11a,mitfa,0.55522496,0.46045333,True,NOT_CHECKED,0.55522496
maff,jun,0.55489784,0.65911436,True,NOT_CHECKED,0.55489784
slc15a4,tfec,-0.5547519,-0.5990933,True,NOT_CHECKED,0.5547519
ldhba,sox6,0.55429286,0.7865403,True,NOT_CHECKED,0.55429286
spsb4a,tfap2a,-0.55424386,-0.86357194,True,NOT_CHECKED,0.55424386
zgc:153631,twist1b,0.55423415,0.9731768,True,NOT_CHECKED,0.55423415
hoxa2b,hoxc11b,-0.55415255,-0.65356666,True,NOT_CHECKED,0.55415255
msx3,zic2b,0.5539131,0.63002723,True,NOT_CHECKED,0.5539131
homer3b,mitfa,0.55351543,0.78312534,True,NOT_CHECKED,0.55351543
bin2b,snai1a,-0.55343395,-0.8681511,True,NOT_CHECKED,0.55343395
hoxa11b,hoxb10a,0.5532666,0.7536677,True,NOT_CHECKED,0.5532666
zgc:110626,fli1a,0.552733,0.92564607,True,NOT_CHECKED,0.552733
alx4a,nr4a2b,0.5524045,0.5966641,True,NOT_CHECKED,0.5524045
elovl1b,bhlhe40,0.55201775,0.3401662,True,NOT_CHECKED,0.55201775
hoxa10b,hoxb10a,0.5517753,0.6085743,True,NOT_CHECKED,0.5517753
sept12,jun,0.5512646,1.1099856,True,NOT_CHECKED,0.5512646
csnk1e,tfap2e,0.55120766,0.7006166,True,NOT_CHECKED,0.55120766
krt8,nr2f6b,0.54976124,0.7313111,True,NOT_CHECKED,0.54976124
atp6v0ca,tfeb,0.54970866,0.4980698,True,NOT_CHECKED,0.54970866
srgap3,hoxc3a,0.5496986,0.68279403,True,NOT_CHECKED,0.5496986
meis2a,ebf1b,0.54961216,0.76400226,True,NOT_CHECKED,0.54961216
hoxb5a,hoxc11b,-0.54896516,-0.56354994,True,NOT_CHECKED,0.54896516
pax7b,tfeb,-0.54849267,-0.39247358,True,NOT_CHECKED,0.54849267
mthfd1l,ebf1b,0.5483257,0.77792776,True,NOT_CHECKED,0.5483257
nucks1a,sox9b,0.54825675,0.96551913,True,NOT_CHECKED,0.54825675
hsp70.1,her9,0.5481374,0.8512307,True,NOT_CHECKED,0.5481374
hoxc6b,hoxd11a,-0.5480815,-0.7175797,True,NOT_CHECKED,0.5480815
keap1a,tfeb,0.5480091,0.4339506,True,NOT_CHECKED,0.5480091
fscn1a,zic2b,0.5472883,1.1612006,True,NOT_CHECKED,0.5472883
cdh11,tfap2b,-0.5471717,-0.24845639,True,NOT_CHECKED,0.5471717
wee1,twist1b,0.54667246,0.96166724,True,NOT_CHECKED,0.54667246
galns,tfec,-0.5465105,-0.54440016,True,NOT_CHECKED,0.5465105
cdc42ep4a,sox6,0.54502803,1.1014316,True,NOT_CHECKED,0.54502803
yap1,bhlhe40,-0.5445898,-0.23653013,True,NOT_CHECKED,0.5445898
col11a1b,snai1a,0.5442326,0.36073664,True,NOT_CHECKED,0.5442326
pcbp4,jdp2b,-0.5442325,-0.31681305,True,NOT_CHECKED,0.5442325
yap1,tfec,-0.54405934,-0.23629971,True,NOT_CHECKED,0.54405934
si:ch211-263k4.2,mitfa,-0.5439003,-0.39825246,True,NOT_CHECKED,0.5439003
atp6v1c1b,bhlhe40,0.5437737,0.63854,True,NOT_CHECKED,0.5437737
plpp5,bhlhe40,0.54375637,0.62099296,True,NOT_CHECKED,0.54375637
tcf12,ebf3a,0.5435426,0.6666441,True,NOT_CHECKED,0.5435426
gdf6a,tfap2a,-0.54320484,-0.42653573,True,NOT_CHECKED,0.54320484
si:dkey-106n21.1,bhlhe40,-0.54313135,-0.3323279,True,NOT_CHECKED,0.54313135
pmp22a,rxraa,0.54297143,0.55374604,True,NOT_CHECKED,0.54297143
ctsla,rxraa,0.54288167,0.35102424,True,NOT_CHECKED,0.54288167
zgc:165573,tfap2b,-0.5423129,-0.6331341,True,NOT_CHECKED,0.5423129
slit2,tfap2a,-0.5422432,-0.74234265,True,NOT_CHECKED,0.5422432
nid2a,jun,-0.54210496,-0.45006445,True,NOT_CHECKED,0.54210496
chaf1a,her9,-0.54171926,-0.94501173,True,NOT_CHECKED,0.54171926
alcama,hoxa9a,-0.5413661,-1.0891148,True,NOT_CHECKED,0.5413661
btg1,ebf1b,0.54068273,0.9460912,True,NOT_CHECKED,0.54068273
bmpr1ab,bhlhe40,-0.5404938,-1.1961864,True,NOT_CHECKED,0.5404938
dusp5,nr2f2,-0.5404145,-0.33829686,True,NOT_CHECKED,0.5404145
cthrc1a,alx4a,0.5401355,0.20106538,True,NOT_CHECKED,0.5401355
alcama,nr2f5,0.5401159,1.0865996,True,NOT_CHECKED,0.5401159
cxcl14,tfec,-0.53961825,-0.48456672,True,NOT_CHECKED,0.53961825
tfeb,tfec,-0.53952163,-0.4182258,True,NOT_CHECKED,0.53952163
serpinh1b,nr2f5,0.53929716,0.88841414,True,NOT_CHECKED,0.53929716
foxp4,sox10,-0.53882235,-0.87446994,True,NOT_CHECKED,0.53882235
mllt3,hoxa9b,0.5386355,0.8474321,True,NOT_CHECKED,0.5386355
rgl1,hoxc3a,-0.5385857,-0.47961172,True,NOT_CHECKED,0.5385857
pcdh2g28,bhlhe40,0.53772765,1.5866717,True,NOT_CHECKED,0.53772765
pikfyve,bhlhe40,0.5372865,0.55320084,True,NOT_CHECKED,0.5372865
pax7b,nfe2l2a,-0.5365036,-0.3838948,True,NOT_CHECKED,0.5365036
tfap2b,mitfa,0.5352888,0.814142,True,NOT_CHECKED,0.5352888
col11a1b,twist3,0.5347472,0.3544494,True,NOT_CHECKED,0.5347472
dtnbp1a,sox10,-0.53409916,-0.49249363,True,NOT_CHECKED,0.53409916
mdka,nr2f6b,0.53388995,0.8110123,True,NOT_CHECKED,0.53388995
rab38b,tfap2e,0.5338422,0.46361744,True,NOT_CHECKED,0.5338422
epha7,hoxb1a,0.533793,0.61504,True,NOT_CHECKED,0.533793
sptlc2a,mitfa,0.53332967,0.8818749,True,NOT_CHECKED,0.53332967
sox13,zic2a,-0.53315437,-0.7479457,True,NOT_CHECKED,0.53315437
zcchc24,etv5b,0.5328051,0.72484076,True,NOT_CHECKED,0.5328051
mov10b.1,tfap2c,-0.5318793,-0.8419287,True,NOT_CHECKED,0.5318793
chaf1a,ebf3a,0.53162515,0.9274029,True,NOT_CHECKED,0.53162515
pah,tfap2e,0.5314288,0.37415177,True,NOT_CHECKED,0.5314288
diaph2,msx3,-0.5312079,-0.44321263,True,NOT_CHECKED,0.5312079
meis2a,ebf3a,0.53111935,0.73829585,True,NOT_CHECKED,0.53111935
zfp36l2,sox6,-0.53097886,-0.70808095,True,NOT_CHECKED,0.53097886
col11a1b,fli1a,0.5309179,0.3519112,True,NOT_CHECKED,0.5309179
cad,tfap2a,-0.53081983,-0.9604114,True,NOT_CHECKED,0.53081983
ebf3a,otx2b,-0.5302877,-0.18501104,True,NOT_CHECKED,0.5302877
fhl3a,elk3,-0.5301912,-0.6642807,True,NOT_CHECKED,0.5301912
ctsd,rarga,-0.529458,-0.6444667,True,NOT_CHECKED,0.529458
myo1b,zic2b,-0.5293207,-0.89130944,True,NOT_CHECKED,0.5293207
ebf1b,ebf3a,0.5291473,0.6070677,True,NOT_CHECKED,0.5291473
osbpl10b,jun,-0.5290118,-0.8596534,True,NOT_CHECKED,0.5290118
chaf1a,nfe2,-0.5287659,-0.922415,True,NOT_CHECKED,0.5287659
si:dkey-172h23.2,elk3,-0.5281656,-0.40861797,True,NOT_CHECKED,0.5281656
nrp2b,rarga,0.5277627,0.73952824,True,NOT_CHECKED,0.5277627
ENSDARG00000042329,elf1,0.52644795,0.4435934,True,NOT_CHECKED,0.52644795
entpd1,ebf3a,-0.52582216,-0.35504735,True,NOT_CHECKED,0.52582216
myo6b,rxraa,-0.5253776,-0.66567266,True,NOT_CHECKED,0.5253776
sept12,bhlhe40,-0.52532756,-1.0577608,True,NOT_CHECKED,0.52532756
fosab,fosl2,-0.5250747,-1.4709493,True,NOT_CHECKED,0.5250747
cxxc5b,sox10,-0.52445245,-0.6107845,True,NOT_CHECKED,0.52445245
eva1ba,elf1,-0.52317256,-0.58873135,True,NOT_CHECKED,0.52317256
dennd4a,ebf3a,-0.5224568,-0.4351436,True,NOT_CHECKED,0.5224568
atp6ap1b,mitfa,0.5223345,0.46652332,True,NOT_CHECKED,0.5223345
vcana,hoxd11a,-0.52224034,-0.6875747,True,NOT_CHECKED,0.52224034
hsp70.2,tfap2a,-0.5219678,-0.9612422,True,NOT_CHECKED,0.5219678
ENSDARG00000070174,fosl2,-0.5218577,-0.62941176,True,NOT_CHECKED,0.5218577
ppfia4,bhlhe40,0.52125716,0.50374156,True,NOT_CHECKED,0.52125716
zgc:154093,hoxa9b,0.5208634,0.5001303,True,NOT_CHECKED,0.5208634
sept9a,elf1,0.52072114,0.2687624,True,NOT_CHECKED,0.52072114
tshz3b,tfap2e,-0.52051574,-0.7148455,True,NOT_CHECKED,0.52051574
cst14b.1,mitfa,0.5198222,0.30979607,True,NOT_CHECKED,0.5198222
col11a1b,nr2f5,-0.51978475,-0.34453174,True,NOT_CHECKED,0.51978475
zic2a,zic4,-0.51972246,-0.5252046,True,NOT_CHECKED,0.51972246
hoxb5b,hoxa9a,0.51926166,0.47362834,True,NOT_CHECKED,0.51926166
runx1t1,hic1,0.5192203,0.3417362,True,NOT_CHECKED,0.5192203
fscn1a,ebf3a,0.5191977,1.1015998,True,NOT_CHECKED,0.5191977
hoxa2b,egr2b,-0.5191381,-0.61227065,True,NOT_CHECKED,0.5191381
pcdh9,mitfa,0.51887906,0.36402994,True,NOT_CHECKED,0.51887906
ctsa,tfeb,-0.51815885,-0.53010017,True,NOT_CHECKED,0.51815885
prkcsh,twist1b,-0.5176666,-0.7528379,True,NOT_CHECKED,0.5176666
baz1b,etv5b,0.51747257,1.0502357,True,NOT_CHECKED,0.51747257
tubb4b,ebf3a,0.5173692,0.8620241,True,NOT_CHECKED,0.5173692
srgap3,sox10,-0.51713324,-0.6423438,True,NOT_CHECKED,0.51713324
sema4ba,tead3b,-0.5170184,-0.34472373,True,NOT_CHECKED,0.5170184
sox13,zeb1b,-0.5167542,-0.72493845,True,NOT_CHECKED,0.5167542
ptprfa,nr2f5,-0.51673365,-0.45047352,True,NOT_CHECKED,0.51673365
pgk1,fosl2,0.51670694,0.85155237,True,NOT_CHECKED,0.51670694
plekhg4,klf15,-0.51625305,-0.7982961,True,NOT_CHECKED,0.51625305
elf1,tfec,0.51619065,0.9005867,True,NOT_CHECKED,0.51619065
ptger4a,bhlhe41,-0.51593196,-0.61490154,True,NOT_CHECKED,0.51593196
sema6e,tfap2e,-0.5150784,-0.557257,True,NOT_CHECKED,0.5150784
stard9,tead3b,-0.5148373,-1.0214417,True,NOT_CHECKED,0.5148373
notch2,nr4a2b,0.51457244,0.36033604,True,NOT_CHECKED,0.51457244
atp6v0ca,tfap2b,-0.5143613,-0.46604294,True,NOT_CHECKED,0.5143613
hoxc3a,hoxa9a,0.5143307,0.72192854,True,NOT_CHECKED,0.5143307
hpca,nr2f5,0.51426744,0.35463116,True,NOT_CHECKED,0.51426744
slc2a15a,bhlhe40,-0.5142038,-0.31135288,True,NOT_CHECKED,0.5142038
khdrbs1a,fli1a,0.5138127,1.1892333,True,NOT_CHECKED,0.5138127
fhl3a,erfl3,0.5135539,0.6434358,True,NOT_CHECKED,0.5135539
zeb1b,sox6,0.5133842,1.3609934,True,NOT_CHECKED,0.5133842
rarga,rxraa,0.5130761,0.8565216,True,NOT_CHECKED,0.5130761
cenpe,tead1b,0.51283777,0.5991266,True,NOT_CHECKED,0.51283777
si:ch73-127m5.1,tfap2e,0.5126923,0.66978806,True,NOT_CHECKED,0.5126923
slc2a15b,tfec,-0.51232827,-0.35140702,True,NOT_CHECKED,0.51232827
gpm6bb,tfap2a,-0.51207167,-0.34198195,True,NOT_CHECKED,0.51207167
b4galt5,mitfa,0.5119244,0.6814258,True,NOT_CHECKED,0.5119244
qdpra,tfap2e,0.51165026,0.42848766,True,NOT_CHECKED,0.51165026
slit2,alx4a,-0.5114385,-0.70017034,True,NOT_CHECKED,0.5114385
ek1,nr2f5,-0.5110027,-0.400894,True,NOT_CHECKED,0.5110027
pdlim4,hoxb8a,0.5105578,0.15416187,True,NOT_CHECKED,0.5105578
kif26ab,hoxb1a,-0.5097675,-0.37020874,True,NOT_CHECKED,0.5097675
zic2a,hoxa11b,0.5097006,0.51507705,True,NOT_CHECKED,0.5097006
rhbdf1a,bhlhe40,0.50917006,0.52696544,True,NOT_CHECKED,0.50917006
hspa12a,snai1a,0.5090923,0.39210048,True,NOT_CHECKED,0.5090923
tspan36,tfap2b,0.5086383,0.37637174,True,NOT_CHECKED,0.5086383
mbnl2,tfeb,-0.50848746,-0.46382305,True,NOT_CHECKED,0.50848746
hoxa9a,hoxb9a,0.50839883,0.73908263,True,NOT_CHECKED,0.50839883
cacna1ba,ebf1b,-0.5079677,-0.49965897,True,NOT_CHECKED,0.5079677
stard9,klf15,0.50728124,1.0064504,True,NOT_CHECKED,0.50728124
ebf3a,tfap2b,-0.50706345,-0.1769084,True,NOT_CHECKED,0.50706345
lrrn1,tead1b,0.50647044,0.68138975,True,NOT_CHECKED,0.50647044
erfl3,tfap2a,-0.50627464,-1.2640955,True,NOT_CHECKED,0.50627464
epha7,ebf1b,0.50615346,0.58319354,True,NOT_CHECKED,0.50615346
svild,rxraa,0.5043006,0.7476114,True,NOT_CHECKED,0.5043006
colec12,fli1a,0.50418854,0.37227684,True,NOT_CHECKED,0.50418854
selenoj,tfec,0.5038132,0.6513255,True,NOT_CHECKED,0.5038132
bmp5,nr2f1b,-0.50361097,-0.5058308,True,NOT_CHECKED,0.50361097
sox6,tfap2b,0.50347346,2.1004374,True,NOT_CHECKED,0.50347346
hoxa9a,hoxd11a,0.5033744,0.7317783,True,NOT_CHECKED,0.5033744
tpm4a,alx4a,-0.5033333,-0.26676077,True,NOT_CHECKED,0.5033333
psap,sox10,-0.50325876,-0.728612,True,NOT_CHECKED,0.50325876
hoxd10a,hoxc9a,0.5032529,0.54288095,True,NOT_CHECKED,0.5032529
prkcsh,tfap2a,-0.5031976,-0.7317958,True,NOT_CHECKED,0.5031976
ccny,nr2f5,-0.5031942,-0.36582714,True,NOT_CHECKED,0.5031942
si:ch211-241j12.3,tfec,0.5031127,0.8498219,True,NOT_CHECKED,0.5031127
rad18,ebf3a,0.5029461,1.000528,True,NOT_CHECKED,0.5029461
psd2,rarga,-0.50270545,-0.45678285,True,NOT_CHECKED,0.50270545
fjx1,bhlhe40,0.50009155,0.3951092,True,NOT_CHECKED,0.50009155
epha7,ebf3a,-0.5000757,-0.5761907,True,NOT_CHECKED,0.5000757
gabra5,hnf1bb,0.49990124,0.58983046,True,NOT_CHECKED,0.49990124
zfhx4,bhlhe40,-0.49966085,-0.65403444,True,NOT_CHECKED,0.49966085
cbfb,zeb1b,-0.49794915,-0.41793287,True,NOT_CHECKED,0.49794915
si:ch211-286o17.1,zeb1b,-0.4976461,-0.5014736,True,NOT_CHECKED,0.4976461
rnd3a,erfl3,0.49585658,0.6986876,True,NOT_CHECKED,0.49585658
hsp70.1,alx4a,-0.49583906,-0.7700138,True,NOT_CHECKED,0.49583906
rxraa,fosab,0.4957287,1.3182251,True,NOT_CHECKED,0.4957287
hat1,e2f7,0.4952922,0.7797344,True,NOT_CHECKED,0.4952922
sox6,zeb1b,0.49526018,2.0661724,True,NOT_CHECKED,0.49526018
twist1a,egr4,0.4945299,0.79878485,True,NOT_CHECKED,0.4945299
fgfr4,otx2b,0.49439207,0.33012092,True,NOT_CHECKED,0.49439207
pmp22a,sox6,0.49438912,0.5041997,True,NOT_CHECKED,0.49438912
rdh8a,mitfa,0.49346164,0.56039035,True,NOT_CHECKED,0.49346164
ppiab,klf15,0.49322805,0.5827187,True,NOT_CHECKED,0.49322805
cad,nfe2,0.49311033,0.8921837,True,NOT_CHECKED,0.49311033
pleca,rxraa,0.493095,0.91071033,True,NOT_CHECKED,0.493095
ripor1,tead1b,0.49304384,0.7224165,True,NOT_CHECKED,0.49304384
igfbp5b,nr2f1b,0.49248824,0.603097,True,NOT_CHECKED,0.49248824
ugp2b,tfap2e,0.49248004,0.5539656,True,NOT_CHECKED,0.49248004
hoxa9b,hoxc11b,0.4920277,0.7831433,True,NOT_CHECKED,0.4920277
ankrd10b,ebf3a,0.49181253,0.96774507,True,NOT_CHECKED,0.49181253
cpvl,tfeb,-0.49145317,-0.5656773,True,NOT_CHECKED,0.49145317
vav2,elf1,0.49126905,0.787266,True,NOT_CHECKED,0.49126905
hoxb5b,hoxa9b,0.49047703,0.44737333,True,NOT_CHECKED,0.49047703
dennd4a,fli1a,0.4901952,0.40827355,True,NOT_CHECKED,0.4901952
vav2,bach2b,0.48975015,0.78483194,True,NOT_CHECKED,0.48975015
pdia4,tfap2a,0.48938587,0.6227093,True,NOT_CHECKED,0.48938587
ldlrad2,hoxa9b,0.48906794,0.6258413,True,NOT_CHECKED,0.48906794
gga3a,tfap2e,0.48865196,0.83034855,True,NOT_CHECKED,0.48865196
sox9b,msx3,0.4882154,0.7406026,True,NOT_CHECKED,0.4882154
myo1b,fli1a,0.48802128,0.8217664,True,NOT_CHECKED,0.48802128
krt18a.1,fosl2,-0.48737648,-0.26242724,True,NOT_CHECKED,0.48737648
atp6ap2,mitfa,0.48722875,0.48216808,True,NOT_CHECKED,0.48722875
tcf12,mitfa,0.48703578,0.5973396,True,NOT_CHECKED,0.48703578
hoxa11b,hoxa9b,0.48691955,0.6632889,True,NOT_CHECKED,0.48691955
nrp2a,rarga,-0.48687214,-0.7375016,True,NOT_CHECKED,0.48687214
alx4a,tfap2a,-0.4864982,-0.52547723,True,NOT_CHECKED,0.4864982
crabp2a,hoxb1b,0.48595688,0.64666826,True,NOT_CHECKED,0.48595688
hoxa9a,hoxa9b,0.48585,0.70630234,True,NOT_CHECKED,0.48585
si:ch73-215f7.1,elk3,0.48534787,0.73799354,True,NOT_CHECKED,0.48534787
zfp36l2,rxraa,-0.48512706,-0.6469358,True,NOT_CHECKED,0.48512706
tubb4b,alx4a,0.48467556,0.8075511,True,NOT_CHECKED,0.48467556
dag1,zic4,0.4844892,0.66613686,True,NOT_CHECKED,0.4844892
galt,tfec,-0.48432425,-0.7271694,True,NOT_CHECKED,0.48432425
tspan36,sox10,-0.4842704,-0.35834047,True,NOT_CHECKED,0.4842704
lsp1a,ebf1b,-0.48386088,-0.669495,True,NOT_CHECKED,0.48386088
pdlim1,jun,0.4835252,0.57533735,True,NOT_CHECKED,0.4835252
cbfb,jun,-0.4830045,-0.40538973,True,NOT_CHECKED,0.4830045
nedd4a,tfeb,-0.4828741,-0.38658682,True,NOT_CHECKED,0.4828741
myo5aa,bhlhe40,-0.48242265,-0.4634042,True,NOT_CHECKED,0.48242265
nfatc1,fli1a,-0.4822277,-0.3244735,True,NOT_CHECKED,0.4822277
slbp,nr2f5,0.48090395,0.86689824,True,NOT_CHECKED,0.48090395
gria1a,egr2b,0.48062974,0.48974958,True,NOT_CHECKED,0.48062974
slc3a2a,tfap2e,0.48014367,0.21450208,True,NOT_CHECKED,0.48014367
nrp1a,tfap2a,-0.4801111,-0.54676235,True,NOT_CHECKED,0.4801111
ednrab,nr2f5,0.47981566,0.8121995,True,NOT_CHECKED,0.47981566
pdzrn3b,jun,0.47894126,0.7529693,True,NOT_CHECKED,0.47894126
kif26ab,tfap2a,-0.47889733,-0.34778988,True,NOT_CHECKED,0.47889733
gabarapb,tfeb,0.4788309,0.8919804,True,NOT_CHECKED,0.4788309
mcf2l2,tfap2b,0.478525,0.6027452,True,NOT_CHECKED,0.478525
ap3m2,tfap2b,-0.4785217,-0.4212049,True,NOT_CHECKED,0.4785217
cxcl12b,hoxc11b,-0.47833043,-0.5820665,True,NOT_CHECKED,0.47833043
nrp2b,tead1b,-0.47799012,-0.6697843,True,NOT_CHECKED,0.47799012
pik3cb,mitfa,0.4779591,0.44660154,True,NOT_CHECKED,0.4779591
tfeb,mitfa,0.4776971,0.37030074,True,NOT_CHECKED,0.4776971
tubb4b,e2f7,-0.4772585,-0.79519296,True,NOT_CHECKED,0.4772585
srgap3,tfec,0.47696587,0.592451,True,NOT_CHECKED,0.47696587
got2b,tfeb,0.4768286,0.589337,True,NOT_CHECKED,0.4768286
plekha6,fli1a,0.47631836,0.53216165,True,NOT_CHECKED,0.47631836
ebf3a,tbx15,-0.47588822,-0.16603173,True,NOT_CHECKED,0.47588822
zbtb16a,tfap2e,-0.47574386,-1.2607317,True,NOT_CHECKED,0.47574386
ablim3,mitfa,0.47553056,0.46589202,True,NOT_CHECKED,0.47553056
crhr1,hoxa9b,0.4753283,0.676873,True,NOT_CHECKED,0.4753283
nos1apa,hoxc3a,0.47498012,0.5522189,True,NOT_CHECKED,0.47498012
phactr3a,jun,-0.47491834,-0.56383646,True,NOT_CHECKED,0.47491834
dusp6,zic4,-0.47389123,-0.65415436,True,NOT_CHECKED,0.47389123
smad3a,hoxb5b,-0.47388625,-0.53658944,True,NOT_CHECKED,0.47388625
si:ch211-156j16.1,fli1a,0.4735913,0.47445747,True,NOT_CHECKED,0.4735913
mbnl2,tfap2b,0.47321993,0.43165335,True,NOT_CHECKED,0.47321993
alx4a,nr2f2,0.47305763,0.5109598,True,NOT_CHECKED,0.47305763
pdgfra,rarga,0.4728148,0.8683424,True,NOT_CHECKED,0.4728148
hoxd12a,hoxa9a,0.47256836,0.62844867,True,NOT_CHECKED,0.47256836
dusp2,egr2b,-0.47227472,-0.19454494,True,NOT_CHECKED,0.47227472
rgl1,hoxb9a,-0.47204328,-0.42035553,True,NOT_CHECKED,0.47204328
gpd2,rxraa,0.47203082,0.49432707,True,NOT_CHECKED,0.47203082
lin28a,sox6,0.47202548,0.89723563,True,NOT_CHECKED,0.47202548
nedd4a,tfap2e,0.47187933,0.3777845,True,NOT_CHECKED,0.47187933
pknox2,tead1b,-0.47089848,-1.0077078,True,NOT_CHECKED,0.47089848
tgfbr3,tfec,-0.47056842,-0.55274606,True,NOT_CHECKED,0.47056842
hoxc9a,hoxc11b,0.47011268,0.638393,True,NOT_CHECKED,0.47011268
pepd,mitfa,0.47004357,0.81475914,True,NOT_CHECKED,0.47004357
actb2,alx4a,0.4699853,0.78853256,True,NOT_CHECKED,0.4699853
slit3,jun,-0.46927446,-0.2565242,True,NOT_CHECKED,0.46927446
coro2ba,mitfa,0.4687196,0.64145833,True,NOT_CHECKED,0.4687196
si:ch211-152c2.3,ebf1b,-0.4685497,-0.47116387,True,NOT_CHECKED,0.4685497
hoxb6b,hoxc9a,0.46853772,0.46104082,True,NOT_CHECKED,0.46853772
plppr3a,fosl2,0.46788374,0.8308521,True,NOT_CHECKED,0.46788374
smad3a,hoxc3a,-0.4678344,-0.5297369,True,NOT_CHECKED,0.4678344
afap1l1b,sox10,0.46744052,0.7970623,True,NOT_CHECKED,0.46744052
pax7b,tfec,-0.46688753,-0.33408108,True,NOT_CHECKED,0.46688753
ccn2a,nr4a3,-0.46655843,-0.16072369,True,NOT_CHECKED,0.46655843
tuba8l3,mitfa,-0.465923,-0.3319619,True,NOT_CHECKED,0.465923
caska,ebf1b,-0.46548322,-0.42870513,True,NOT_CHECKED,0.46548322
jun,rxraa,0.46509495,1.6857095,True,NOT_CHECKED,0.46509495
cacna1ba,nr2f5,-0.46236867,-0.4548058,True,NOT_CHECKED,0.46236867
eno3,nfe2l2a,-0.46232307,-0.5311519,True,NOT_CHECKED,0.46232307
mych,fosl2,0.46219072,1.0441275,True,NOT_CHECKED,0.46219072
her9,hoxc3a,-0.46132103,-0.82365566,True,NOT_CHECKED,0.46132103
runx1t1,rxraa,-0.460886,-0.3033422,True,NOT_CHECKED,0.460886
fhod1,tfeb,-0.46051207,-0.47392276,True,NOT_CHECKED,0.46051207
si:dkey-261h17.1,rarga,0.4604556,0.31288767,True,NOT_CHECKED,0.4604556
mitfa,bhlhe40,0.46017918,1.179796,True,NOT_CHECKED,0.46017918
epha4b,snai1a,0.45969233,0.32427752,True,NOT_CHECKED,0.45969233
ppp1r14ab,nr2f1b,0.45953938,0.6362893,True,NOT_CHECKED,0.45953938
zeb1b,ebf3a,-0.45870307,-1.2160324,True,NOT_CHECKED,0.45870307
lin28a,msx1b,-0.45842338,-0.8713804,True,NOT_CHECKED,0.45842338
fhod3b,nr2f6b,-0.45835257,-0.5458439,True,NOT_CHECKED,0.45835257
fstl1a,nr2f6b,-0.45834148,-0.32316884,True,NOT_CHECKED,0.45834148
shroom4,ebf3a,-0.45809814,-0.77200854,True,NOT_CHECKED,0.45809814
dennd4a,rxraa,-0.4580659,-0.38151374,True,NOT_CHECKED,0.4580659
dlx2a,dlx1a,-0.4575128,-0.4248506,True,NOT_CHECKED,0.4575128
ebf3a,jdp2b,-0.45734105,-0.15956084,True,NOT_CHECKED,0.45734105
atp6v0b,mitfa,0.45700032,0.64233917,True,NOT_CHECKED,0.45700032
lamb1a,alx4a,-0.45684943,-0.5128338,True,NOT_CHECKED,0.45684943
sec24d,snai1a,0.4564447,0.5449493,True,NOT_CHECKED,0.4564447
apc,bhlhe40,0.4563077,0.35990396,True,NOT_CHECKED,0.4563077
mdh1aa,nfe2l2a,0.45498258,0.47274968,True,NOT_CHECKED,0.45498258
cacna1ba,zeb1b,-0.45435655,-0.44692475,True,NOT_CHECKED,0.45435655
crlf1a,bach2b,-0.4534827,-0.31051502,True,NOT_CHECKED,0.4534827
cxcl14,jun,0.45336202,0.40711027,True,NOT_CHECKED,0.45336202
fgfr1b,bhlhe40,0.45322227,0.5946867,True,NOT_CHECKED,0.45322227
epas1a,tfap2e,0.45277542,0.3290193,True,NOT_CHECKED,0.45277542
npr1a,fli1a,-0.45263043,-0.32061902,True,NOT_CHECKED,0.45263043
glb1l,klf15,-0.4523759,-0.3701917,True,NOT_CHECKED,0.4523759
grk6,hoxb9a,0.4518598,0.36287016,True,NOT_CHECKED,0.4518598
cited4b,mitfa,0.45184475,0.6557935,True,NOT_CHECKED,0.45184475
rarga,nr2f5,-0.4518003,-0.7542286,True,NOT_CHECKED,0.4518003
pmp22a,tead3b,-0.451621,-0.46058285,True,NOT_CHECKED,0.451621
vcana,hoxa9b,-0.450973,-0.59374505,True,NOT_CHECKED,0.450973
emd,rxraa,0.45065373,0.46101606,True,NOT_CHECKED,0.45065373
ccdc22,rorab,0.45060602,0.3175255,True,NOT_CHECKED,0.45060602
zgc:110626,tfap2a,-0.45059943,-0.75460595,True,NOT_CHECKED,0.45059943
prkcea,zeb1b,-0.45053467,-0.5207407,True,NOT_CHECKED,0.45053467
cthrc1a,jun,-0.45012456,-0.1675588,True,NOT_CHECKED,0.45012456
vav2,fli1a,0.4497572,0.72074264,True,NOT_CHECKED,0.4497572
rnd3a,sox6,0.4492385,0.6330004,True,NOT_CHECKED,0.4492385
asap3,rarga,0.44915557,0.097139046,True,NOT_CHECKED,0.44915557
hoxb7a,hoxa11b,-0.4490022,-0.49303645,True,NOT_CHECKED,0.4490022
bhlhe40,tfap2e,0.4486451,0.454688,True,NOT_CHECKED,0.4486451
mtus1b,egr2b,-0.44859484,-0.41603026,True,NOT_CHECKED,0.44859484
rras2,bach2b,-0.44849315,-0.6066083,True,NOT_CHECKED,0.44849315
her11,otx2b,0.44813582,0.48671857,True,NOT_CHECKED,0.44813582
hoxd10a,hoxd11a,0.4472701,0.48248985,True,NOT_CHECKED,0.4472701
gnav1,rarga,-0.44704112,-0.43875423,True,NOT_CHECKED,0.44704112
glb1l,sox6,-0.4466705,-0.3655228,True,NOT_CHECKED,0.4466705
bmper,zic2b,-0.44661272,-0.48799232,True,NOT_CHECKED,0.44661272
got2b,bhlhe40,0.44645724,0.5517994,True,NOT_CHECKED,0.44645724
smad6b,msx3,0.4462549,0.9646664,True,NOT_CHECKED,0.4462549
hs1bp3,mitfa,0.44551173,0.56933933,True,NOT_CHECKED,0.44551173
sgpl1,nr2f5,-0.44520003,-0.47832066,True,NOT_CHECKED,0.44520003
cpvl,bhlhe41,0.44507942,0.51229966,True,NOT_CHECKED,0.44507942
osbpl10b,zeb1b,-0.44496766,-0.7230803,True,NOT_CHECKED,0.44496766
atp6v1g1,tfec,-0.44487205,-0.35054702,True,NOT_CHECKED,0.44487205
atp6v0ca,tfec,0.4446511,0.4028812,True,NOT_CHECKED,0.4446511
swap70b,nr2f5,-0.44461435,-0.5028593,True,NOT_CHECKED,0.44461435
fhod3b,fli1a,0.44354862,0.5282141,True,NOT_CHECKED,0.44354862
her9,otx2b,0.44283044,0.7906421,True,NOT_CHECKED,0.44283044
pttg1ipb,mitfa,0.44282416,0.2270878,True,NOT_CHECKED,0.44282416
tnfrsf19,tfap2a,-0.4423697,-0.77692425,True,NOT_CHECKED,0.4423697
rxraa,ebf1b,-0.44232136,-1.1762061,True,NOT_CHECKED,0.44232136
alx4a,nr2f5,-0.442229,-0.47766113,True,NOT_CHECKED,0.442229
fosab,jun,0.44199675,1.2382139,True,NOT_CHECKED,0.44199675
sema6e,fli1a,0.4418535,0.47803584,True,NOT_CHECKED,0.4418535
serpinh1b,fosl2,-0.4418435,-0.7278734,True,NOT_CHECKED,0.4418435
aox5,tfeb,-0.441584,-0.21493387,True,NOT_CHECKED,0.441584
adam10a,klf15,-0.4414815,-0.29764006,True,NOT_CHECKED,0.4414815
tle3b,rxraa,0.44077343,0.814179,True,NOT_CHECKED,0.44077343
baz1b,nr2f6b,-0.44072074,-0.89446414,True,NOT_CHECKED,0.44072074
gmps,jun,-0.44064096,-0.7008766,True,NOT_CHECKED,0.44064096
vav2,hoxa4a,-0.43974406,-0.7046965,True,NOT_CHECKED,0.43974406
stxbp1a,bhlhe40,0.43917626,0.4619351,True,NOT_CHECKED,0.43917626
epha7,tead1b,-0.4391583,-0.50600123,True,NOT_CHECKED,0.4391583
vav2,sox10,-0.4387796,-0.70315087,True,NOT_CHECKED,0.4387796
rdh8a,tfec,0.43868974,0.49818975,True,NOT_CHECKED,0.43868974
nrp2b,alx4a,0.43822542,0.614064,True,NOT_CHECKED,0.43822542
pax7b,mitfa,0.4373444,0.31294152,True,NOT_CHECKED,0.4373444
zcchc24,egr2b,0.43718073,0.59475106,True,NOT_CHECKED,0.43718073
nid2a,rxraa,-0.43624616,-0.36217874,True,NOT_CHECKED,0.43624616
atp6v1c1b,tfap2e,-0.43558085,-0.51149184,True,NOT_CHECKED,0.43558085
wnt4,alx4a,-0.43554527,-0.27787217,True,NOT_CHECKED,0.43554527
epha4a,nfe2,0.4354743,0.40529707,True,NOT_CHECKED,0.4354743
stard9,sox9b,-0.43545437,-0.86394525,True,NOT_CHECKED,0.43545437
hnrnpa1b,tead3b,0.43418637,0.8752647,True,NOT_CHECKED,0.43418637
glb1l,bhlhe40,0.43415636,0.3552821,True,NOT_CHECKED,0.43415636
dclk2a,hnf1bb,-0.43373927,-0.5335745,True,NOT_CHECKED,0.43373927
wnt4,sox6,-0.43351522,-0.27657703,True,NOT_CHECKED,0.43351522
hmcn1,hoxa9b,-0.4328368,-0.5235498,True,NOT_CHECKED,0.4328368
tuba8l2,twist1b,-0.43246475,-0.5657786,True,NOT_CHECKED,0.43246475
ctsla,twist1b,-0.4324147,-0.27959692,True,NOT_CHECKED,0.4324147
rxraa,elf1,0.43184927,1.1483591,True,NOT_CHECKED,0.43184927
zeb1b,nr2f6b,-0.4316771,-1.1443859,True,NOT_CHECKED,0.4316771
auts2b,zeb1b,-0.43159565,-0.5553428,True,NOT_CHECKED,0.43159565
lmo4b,hoxa2b,0.4315276,0.7776692,True,NOT_CHECKED,0.4315276
glb1l,sox10,0.43115407,0.35282528,True,NOT_CHECKED,0.43115407
gch2,bhlhe40,-0.4310536,-0.2923693,True,NOT_CHECKED,0.4310536
prdm1a,egr2b,0.43077952,0.22864011,True,NOT_CHECKED,0.43077952
col5a1,rarga,0.43060893,0.571613,True,NOT_CHECKED,0.43060893
slit2,jun,-0.43031868,-0.58911556,True,NOT_CHECKED,0.43031868
kifc1,tead1b,0.4298095,0.6529694,True,NOT_CHECKED,0.4298095
npr1a,hoxa9a,0.42978927,0.30443954,True,NOT_CHECKED,0.42978927
il17rd,hoxc3a,-0.4295213,-0.35713392,True,NOT_CHECKED,0.4295213
amotl2a,nr2f6b,0.4293164,0.76650363,True,NOT_CHECKED,0.4293164
hmgb2a,twist1b,-0.42856824,-0.47714487,True,NOT_CHECKED,0.42856824
zeb1b,ebf1b,-0.42845324,-1.1358395,True,NOT_CHECKED,0.42845324
pag1,bhlhe40,0.4279922,0.6411416,True,NOT_CHECKED,0.4279922
si:dkey-17m8.1,elf1,0.4266714,0.48089206,True,NOT_CHECKED,0.4266714
cenpe,jun,-0.4264328,-0.49818334,True,NOT_CHECKED,0.4264328
snx2,bhlhe41,-0.42625493,-0.5033417,True,NOT_CHECKED,0.42625493
pcdh9,tfeb,0.42614135,0.29896796,True,NOT_CHECKED,0.42614135
eva1ba,mitfa,-0.42598543,-0.4793657,True,NOT_CHECKED,0.42598543
iqsec1b,fli1a,0.42447844,0.39700946,True,NOT_CHECKED,0.42447844
mtus1b,rxraa,-0.42396334,-0.3931868,True,NOT_CHECKED,0.42396334
ahnak,tfap2a,-0.42391938,-0.16003607,True,NOT_CHECKED,0.42391938
man2a1,sox10,-0.42374563,-0.5743239,True,NOT_CHECKED,0.42374563
mef2ca,nr2f6b,-0.4236805,-0.4896156,True,NOT_CHECKED,0.4236805
itga8,hic1,0.42317837,0.26841444,True,NOT_CHECKED,0.42317837
sorbs2b,zic2b,0.4227811,0.41832092,True,NOT_CHECKED,0.4227811
llgl1,ebf3a,0.4226718,0.8492632,True,NOT_CHECKED,0.4226718
myo1b,snai1a,0.42258525,0.71158034,True,NOT_CHECKED,0.42258525
ENSDARG00000042329,nr2f5,-0.4220696,-0.3556426,True,NOT_CHECKED,0.4220696
greb1l,tead3b,-0.42175952,-0.47623727,True,NOT_CHECKED,0.42175952
pleca,hoxb9a,0.4213457,0.77819467,True,NOT_CHECKED,0.4213457
trpm1b,tfec,0.42100468,0.46670866,True,NOT_CHECKED,0.42100468
spsb4a,otx2b,0.4208288,0.6556968,True,NOT_CHECKED,0.4208288
hsp70.2,alx4a,-0.4207957,-0.7749263,True,NOT_CHECKED,0.4207957
rab32a,tfeb,-0.42069152,-0.30064172,True,NOT_CHECKED,0.42069152
tgfbr3,erfl3,0.42044902,0.49387407,True,NOT_CHECKED,0.42044902
dacha,nfe2l2a,-0.4202031,-0.25242093,True,NOT_CHECKED,0.4202031
lfng,ebf3a,-0.420156,-0.413409,True,NOT_CHECKED,0.420156
slc2a15a,mitfa,0.42012715,0.25438902,True,NOT_CHECKED,0.42012715
tmtc2a,fli1a,-0.41989794,-0.5121761,True,NOT_CHECKED,0.41989794
fmnl3,sox9b,-0.41969082,-0.48250118,True,NOT_CHECKED,0.41969082
mef2ca,tfap2a,-0.41965684,-0.48496574,True,NOT_CHECKED,0.41965684
plpp5,tfeb,0.4189502,0.47845897,True,NOT_CHECKED,0.4189502
msna,rxraa,0.418832,0.5495691,True,NOT_CHECKED,0.418832
jdp2b,fosl2,-0.41874388,-0.79290587,True,NOT_CHECKED,0.41874388
pdlim1,nr4a3,0.41656244,0.49565965,True,NOT_CHECKED,0.41656244
elavl3,tfec,-0.4164412,-0.5506182,True,NOT_CHECKED,0.4164412
cbfb,sox6,0.41625568,0.34936684,True,NOT_CHECKED,0.41625568
notch2,egr3,0.41546986,0.29093814,True,NOT_CHECKED,0.41546986
zcchc24,nr4a2b,0.4146722,0.56412995,True,NOT_CHECKED,0.4146722
col5a2a,hoxa11b,0.41454452,0.6459637,True,NOT_CHECKED,0.41454452
cdkn1ca,mitfa,0.41400266,0.45145842,True,NOT_CHECKED,0.41400266
ptprub,tfap2a,-0.41393244,-0.46799126,True,NOT_CHECKED,0.41393244
vash2,tfap2a,-0.4139243,-0.4698569,True,NOT_CHECKED,0.4139243
si:ch211-222l21.1,sox9b,0.41381127,0.631616,True,NOT_CHECKED,0.41381127
hsp70l,zeb1b,0.41379488,0.34252292,True,NOT_CHECKED,0.41379488
pax3a,sox9b,0.41369626,0.71344227,True,NOT_CHECKED,0.41369626
sept12,nr2f6b,-0.4136173,-0.83282924,True,NOT_CHECKED,0.4136173
cgnl1,alx4a,-0.41255754,-0.2554503,True,NOT_CHECKED,0.41255754
ENSDARG00000042329,klf15,-0.41246185,-0.3475469,True,NOT_CHECKED,0.41246185
khdrbs1a,tfap2a,-0.4122275,-0.95411164,True,NOT_CHECKED,0.4122275
pdgfra,rxraa,0.4119383,0.7565405,True,NOT_CHECKED,0.4119383
cgnl1,nr2f5,0.41165426,0.25489104,True,NOT_CHECKED,0.41165426
col12a1a,ebf3a,-0.41164955,-0.5021667,True,NOT_CHECKED,0.41164955
fgfr4,nr4a3,0.411273,0.27461973,True,NOT_CHECKED,0.411273
hmgn7,tfap2a,-0.4111716,-0.9876489,True,NOT_CHECKED,0.4111716
epha4b,hoxc3a,-0.4109427,-0.2898884,True,NOT_CHECKED,0.4109427
epha4a,zic2b,0.4105343,0.38208535,True,NOT_CHECKED,0.4105343
zic5,hoxd11a,0.41047576,0.5633381,True,NOT_CHECKED,0.41047576
cthrc1a,snai1a,0.4100138,0.15262759,True,NOT_CHECKED,0.4100138
pik3cb,bhlhe41,0.40987575,0.38298494,True,NOT_CHECKED,0.40987575
ppiab,egr4,0.40912938,0.48336127,True,NOT_CHECKED,0.40912938
prex2,sox9b,0.408693,0.6791816,True,NOT_CHECKED,0.408693
sema6e,twist1b,0.40855536,0.442011,True,NOT_CHECKED,0.40855536
slit2,sox10,0.40810788,0.5587085,True,NOT_CHECKED,0.40810788
lrmda,sox10,-0.40783688,-0.18368861,True,NOT_CHECKED,0.40783688
hoxb6b,hoxb9a,-0.40736443,-0.40084636,True,NOT_CHECKED,0.40736443
klf6a,nr2f2,0.40630776,0.47248957,True,NOT_CHECKED,0.40630776
tfeb,bhlhe40,0.40593785,0.31467444,True,NOT_CHECKED,0.40593785
si:ch211-263k4.2,nr2f1b,0.40587848,0.2971907,True,NOT_CHECKED,0.40587848
rab32a,mitfa,0.40581372,0.29000947,True,NOT_CHECKED,0.40581372
pgk1,elk3,-0.4056068,-0.6684552,True,NOT_CHECKED,0.4056068
ptprub,fli1a,-0.40482548,-0.45769492,True,NOT_CHECKED,0.40482548
gadd45bb,nr2f5,-0.40446946,-0.20976827,True,NOT_CHECKED,0.40446946
rarga,hoxc9a,-0.4042792,-0.6748977,True,NOT_CHECKED,0.4042792
ctsc,mitfa,0.4036508,0.39555755,True,NOT_CHECKED,0.4036508
gphna,tfap2c,-0.40336496,-0.30394003,True,NOT_CHECKED,0.40336496
trim71,nr2f5,0.40334308,0.76104844,True,NOT_CHECKED,0.40334308
cgnl1,tead3b,-0.40311483,-0.24960351,True,NOT_CHECKED,0.40311483
dnajb2,nr2f6b,0.40299693,0.5972286,True,NOT_CHECKED,0.40299693
hoxb6a,hoxa9a,-0.40276256,-0.399691,True,NOT_CHECKED,0.40276256
hmcn1,hoxc9a,-0.40202323,-0.48627836,True,NOT_CHECKED,0.40202323
zic5,zic4,-0.40163603,-0.5512064,True,NOT_CHECKED,0.40163603
slbp,ebf3a,0.4013379,0.72346896,True,NOT_CHECKED,0.4013379
hexb,mitfa,-0.40106195,-0.47119665,True,NOT_CHECKED,0.40106195
gli3,tfap2b,-0.40099913,-0.9735595,True,NOT_CHECKED,0.40099913
msx1b,bach2b,0.39939612,0.5603787,True,NOT_CHECKED,0.39939612
fscn1a,jun,-0.3988304,-0.8462123,True,NOT_CHECKED,0.3988304
dnajb2,klf15,0.39879736,0.59100497,True,NOT_CHECKED,0.39879736
impdh1b,bhlhe40,0.39863044,0.17884001,True,NOT_CHECKED,0.39863044
hoxd3a,hoxa9a,0.39845714,0.5756272,True,NOT_CHECKED,0.39845714
smad3a,hoxa9b,0.39842668,0.4511453,True,NOT_CHECKED,0.39842668
hoxc11b,hoxc9a,0.3983855,0.7008951,True,NOT_CHECKED,0.3983855
hivep1,rarga,0.3983136,0.36196315,True,NOT_CHECKED,0.3983136
spsb4a,ebf1b,-0.3982675,-0.62054396,True,NOT_CHECKED,0.3982675
ednrba,bhlhe40,0.3979784,0.40779406,True,NOT_CHECKED,0.3979784
greb1l,egr2b,0.3975302,0.44887832,True,NOT_CHECKED,0.3975302
pdgfra,hoxa4a,0.3975298,0.73007864,True,NOT_CHECKED,0.3975298
itga8,nr2f2,-0.39742473,-0.25207937,True,NOT_CHECKED,0.39742473
foxp4,tead3b,-0.39688358,-0.64411354,True,NOT_CHECKED,0.39688358
pfas,bhlhe40,0.39671668,0.3630942,True,NOT_CHECKED,0.39671668
trpm1b,tfap2e,-0.39623544,-0.43925047,True,NOT_CHECKED,0.39623544
slc2a11b,bhlhe40,0.39604434,0.33824712,True,NOT_CHECKED,0.39604434
nrp2b,elk3,-0.39597523,-0.55486083,True,NOT_CHECKED,0.39597523
atox1,bhlhe40,0.3955801,0.31922445,True,NOT_CHECKED,0.3955801
cxxc4,zic2b,0.39528564,0.12392397,True,NOT_CHECKED,0.39528564
naga,tfec,-0.3947113,-0.37812188,True,NOT_CHECKED,0.3947113
ptprub,alx4a,0.39455914,0.44608784,True,NOT_CHECKED,0.39455914
krt8,tead3b,-0.39455438,-0.52484965,True,NOT_CHECKED,0.39455438
ctsz,mitfa,-0.39434886,-0.33168754,True,NOT_CHECKED,0.39434886
nid2a,snai1a,0.3943412,0.32738855,True,NOT_CHECKED,0.3943412
cxxc5b,tead3b,-0.39416042,-0.45904458,True,NOT_CHECKED,0.39416042
gdpd5a,bach2b,-0.39406762,-0.5443849,True,NOT_CHECKED,0.39406762
hsp70.1,tfap2a,-0.39367115,-0.6113521,True,NOT_CHECKED,0.39367115
mbnl2,fli1a,-0.39162707,-0.35722739,True,NOT_CHECKED,0.39162707
adgrl1a,bach2b,-0.391568,-0.4353907,True,NOT_CHECKED,0.391568
eva1ba,bhlhe40,0.3911314,0.44014412,True,NOT_CHECKED,0.3911314
mibp,e2f7,-0.3910291,-0.6067977,True,NOT_CHECKED,0.3910291
slc2a15b,mitfa,0.3907805,0.26803717,True,NOT_CHECKED,0.3907805
gphna,mitfa,0.39035878,0.2941397,True,NOT_CHECKED,0.39035878
mlphb,bhlhe40,-0.3901167,-0.45321494,True,NOT_CHECKED,0.3901167
pdlim1,tfap2a,0.3901041,0.46417737,True,NOT_CHECKED,0.3901041
nrp2a,egr2b,0.38986126,0.590552,True,NOT_CHECKED,0.38986126
hsp70.3,alx4a,0.38977507,0.7419953,True,NOT_CHECKED,0.38977507
mef2ca,rxraa,0.3893159,0.449903,True,NOT_CHECKED,0.3893159
hoxd3a,hoxb10a,0.38897315,0.56192625,True,NOT_CHECKED,0.38897315
kif26ab,zic2b,0.38889027,0.28242397,True,NOT_CHECKED,0.38889027
aopep,hoxa11b,-0.3887831,-0.6661106,True,NOT_CHECKED,0.3887831
kif26ab,zic2a,0.388642,0.2822437,True,NOT_CHECKED,0.388642
col4a6,otx2b,0.38864106,0.30213445,True,NOT_CHECKED,0.38864106
hoxc6b,hoxc11b,0.38857183,0.5087405,True,NOT_CHECKED,0.38857183
sash1b,hnf1bb,0.38804078,0.6118737,True,NOT_CHECKED,0.38804078
pdia4,hoxb5b,0.386527,0.49182856,True,NOT_CHECKED,0.386527
lfng,nr2f5,-0.3863604,-0.3801561,True,NOT_CHECKED,0.3863604
angptl2b,hoxa2b,-0.38505155,-0.56177175,True,NOT_CHECKED,0.38505155
atp6ap1b,tfap2b,-0.38498732,-0.34385157,True,NOT_CHECKED,0.38498732
sept9a,alx4a,0.38412115,0.19825839,True,NOT_CHECKED,0.38412115
pfas,klf15,0.38355532,0.3510483,True,NOT_CHECKED,0.38355532
pdlim1,fosl2,-0.38230214,-0.45489398,True,NOT_CHECKED,0.38230214
lig1,hoxa2b,0.382261,0.7502628,True,NOT_CHECKED,0.382261
tfap2b,bhlhe40,0.38219434,0.58129454,True,NOT_CHECKED,0.38219434
rab1ab,mitfa,0.3819365,0.27265343,True,NOT_CHECKED,0.3819365
gadd45aa,bhlhe40,0.38172346,0.45471668,True,NOT_CHECKED,0.38172346
stard13b,rxraa,-0.38169596,-0.7264144,True,NOT_CHECKED,0.38169596
rab1ab,tfec,-0.38150603,-0.27234614,True,NOT_CHECKED,0.38150603
rxraa,zic4,-0.3806928,-1.0123255,True,NOT_CHECKED,0.3806928
slit3,tead3b,-0.38059533,-0.20804864,True,NOT_CHECKED,0.38059533
atp6ap2,sox6,-0.38001105,-0.376064,True,NOT_CHECKED,0.38001105
man2a1,bhlhe40,0.37970665,0.5146356,True,NOT_CHECKED,0.37970665
sept9a,nr2f5,-0.37964535,-0.19594826,True,NOT_CHECKED,0.37964535
foxp4,sox6,0.37962323,0.6161012,True,NOT_CHECKED,0.37962323
lfng,tfap2a,-0.37961236,-0.3735164,True,NOT_CHECKED,0.37961236
glb1l,rxraa,0.3787089,0.30990794,True,NOT_CHECKED,0.3787089
pcbp4,mitfa,0.37853926,0.22035836,True,NOT_CHECKED,0.37853926
fmnl3,fli1a,0.37841377,0.43504667,True,NOT_CHECKED,0.37841377
rxraa,elk3,0.3768293,1.0020518,True,NOT_CHECKED,0.3768293
sall4,nr4a2b,0.3768065,0.36092675,True,NOT_CHECKED,0.3768065
dlx2a,fli1a,0.37656036,0.34967744,True,NOT_CHECKED,0.37656036
fgfr4,nr2f5,-0.376476,-0.2513847,True,NOT_CHECKED,0.376476
sgcd,snai1a,0.37647203,0.33528617,True,NOT_CHECKED,0.37647203
eva1ba,tfap2a,-0.37645185,-0.42362508,True,NOT_CHECKED,0.37645185
sept12,tfap2b,0.37603563,0.75715756,True,NOT_CHECKED,0.37603563
tle3b,sox6,0.37580857,0.6941786,True,NOT_CHECKED,0.37580857
chst11,rxraa,0.3754428,0.5493952,True,NOT_CHECKED,0.3754428
rxraa,tfec,-0.37536916,-0.99816906,True,NOT_CHECKED,0.37536916
sept9a,etv5b,-0.37506446,-0.1935839,True,NOT_CHECKED,0.37506446
si:dkey-205h13.1,tead1b,-0.37434417,-0.53695863,True,NOT_CHECKED,0.37434417
lsp1a,fli1a,0.37398785,0.517469,True,NOT_CHECKED,0.37398785
ankrd50l,hnf1ba,-0.37369528,-0.45942408,True,NOT_CHECKED,0.37369528
trim71,nfe2l2a,0.37248755,0.7028286,True,NOT_CHECKED,0.37248755
hoxb6a,hoxa9b,0.3723616,0.3695219,True,NOT_CHECKED,0.3723616
gdap2,bhlhe40,0.37235424,0.27205947,True,NOT_CHECKED,0.37235424
adgrl1a,hnf1ba,0.37227026,0.41393322,True,NOT_CHECKED,0.37227026
rem1,tfap2c,0.3721444,0.4438403,True,NOT_CHECKED,0.3721444
ahnak,tead3b,-0.37182614,-0.14037007,True,NOT_CHECKED,0.37182614
dusp6,fosab,-0.37174043,-0.51314646,True,NOT_CHECKED,0.37174043
slc15a4,mitfa,0.37159616,0.40129793,True,NOT_CHECKED,0.37159616
ednrab,sox10,0.37156966,0.628968,True,NOT_CHECKED,0.37156966
rarga,hoxa9b,-0.37145448,-0.62010056,True,NOT_CHECKED,0.37145448
sox13,tfap2a,-0.3714061,-0.5210341,True,NOT_CHECKED,0.3714061
esm1,twist1a,-0.3699075,-0.4271026,True,NOT_CHECKED,0.3699075
ebf1b,zeb1b,-0.36954468,-0.42396256,True,NOT_CHECKED,0.36954468
gdap2,rorab,0.3693256,0.26984662,True,NOT_CHECKED,0.3693256
fzd3a,hnf1ba,0.36858025,0.32260516,True,NOT_CHECKED,0.36858025
crhr1,hoxc9a,0.36796293,0.5239835,True,NOT_CHECKED,0.36796293
dact2,hoxa9b,-0.3676762,-0.46145138,True,NOT_CHECKED,0.3676762
crlf1a,egr2b,-0.3665446,-0.25098556,True,NOT_CHECKED,0.3665446
msna,fli1a,-0.3665266,-0.48093668,True,NOT_CHECKED,0.3665266
fzd3a,nr2f5,0.3661206,0.3204523,True,NOT_CHECKED,0.3661206
itga8,tead3b,-0.3657376,-0.23198079,True,NOT_CHECKED,0.3657376
glb1l,tfec,-0.36559236,-0.2991743,True,NOT_CHECKED,0.36559236
zbtb16a,nr2f6b,-0.365467,-0.96849567,True,NOT_CHECKED,0.365467
si:ch211-152c2.3,tfap2a,-0.36473516,-0.3667701,True,NOT_CHECKED,0.36473516
ednrab,tfec,0.3645334,0.61705744,True,NOT_CHECKED,0.3645334
atp6v1h,sox10,0.36438906,0.36205202,True,NOT_CHECKED,0.36438906
arhgef10,hnf1bb,-0.3643204,-0.6249767,True,NOT_CHECKED,0.3643204
pax3a,alx4a,-0.36429444,-0.62824607,True,NOT_CHECKED,0.36429444
tmem110l,twist1a,-0.3642636,-0.28644392,True,NOT_CHECKED,0.3642636
atp6v0ca,mitfa,0.36385286,0.32967302,True,NOT_CHECKED,0.36385286
tgfbr2b,snai1a,0.3638315,0.51108795,True,NOT_CHECKED,0.3638315
sox6,ebf3a,-0.36366358,-1.5171655,True,NOT_CHECKED,0.36366358
nrip1b,rxraa,-0.3636577,-0.67265636,True,NOT_CHECKED,0.3636577
elavl3,nr2f2,0.36286846,0.47978434,True,NOT_CHECKED,0.36286846
gli2a,tfap2a,0.3623716,0.57513785,True,NOT_CHECKED,0.3623716
sertad4,snai1a,0.36226854,0.3426958,True,NOT_CHECKED,0.36226854
psd2,hoxa2b,0.3619959,0.32892722,True,NOT_CHECKED,0.3619959
nrp2b,tfap2a,-0.361712,-0.5068494,True,NOT_CHECKED,0.361712
greb1l,ebf3a,0.36157182,0.40827528,True,NOT_CHECKED,0.36157182
epha4a,sox6,-0.36136693,-0.33632514,True,NOT_CHECKED,0.36136693
hoxb3a,hoxa9b,0.36082718,0.47234613,True,NOT_CHECKED,0.36082718
sept9a,tfap2e,0.3605536,0.18609433,True,NOT_CHECKED,0.3605536
junba,hoxc3a,-0.36024204,-1.0927483,True,NOT_CHECKED,0.36024204
ctsla,nr2f5,-0.36020392,-0.23290583,True,NOT_CHECKED,0.36020392
zbtb16a,ebf3a,-0.36010057,-0.9542744,True,NOT_CHECKED,0.36010057
si:zfos-943e10.1,mitfa,0.35924277,0.34343532,True,NOT_CHECKED,0.35924277
nid2a,fli1a,0.35896933,0.29802227,True,NOT_CHECKED,0.35896933
ctsla,tfec,0.3581565,0.23158199,True,NOT_CHECKED,0.3581565
hoxa9a,hoxb10a,0.35810164,0.5205887,True,NOT_CHECKED,0.35810164
gadd45bb,sox10,0.3579244,0.1856288,True,NOT_CHECKED,0.3579244
prkcsh,sox9b,-0.35751966,-0.51993763,True,NOT_CHECKED,0.35751966
tuba1b,alx4b,-0.3573667,-0.33840114,True,NOT_CHECKED,0.3573667
lsp1a,nr2f5,0.356705,0.49355558,True,NOT_CHECKED,0.356705
hsp70.2,tead3b,-0.35616183,-0.6558983,True,NOT_CHECKED,0.35616183
cxadr,zic4,-0.35616052,-0.20833585,True,NOT_CHECKED,0.35616052
tshz1,hnf1ba,-0.35576096,-0.4892328,True,NOT_CHECKED,0.35576096
vac14,tfap2e,0.35559538,0.37901083,True,NOT_CHECKED,0.35559538
si:ch211-263k4.2,egr4,-0.3548332,-0.2598145,True,NOT_CHECKED,0.3548332
rab27a,fli1a,0.35468936,0.591601,True,NOT_CHECKED,0.35468936
lrmda,tfec,0.35463157,0.15972507,True,NOT_CHECKED,0.35463157
tle3b,zeb1b,0.35445464,0.65473443,True,NOT_CHECKED,0.35445464
ralgps2,bach2b,-0.3544516,-0.5372303,True,NOT_CHECKED,0.3544516
aox5,bhlhe40,0.35422418,0.17241289,True,NOT_CHECKED,0.35422418
osbpl10b,fli1a,0.35408857,0.5754002,True,NOT_CHECKED,0.35408857
sypl2b,mitfa,0.35375053,0.26380992,True,NOT_CHECKED,0.35375053
arhgef28a,hnf1ba,-0.35372496,-0.34420544,True,NOT_CHECKED,0.35372496
hsp70.2,twist1b,-0.3532467,-0.6505298,True,NOT_CHECKED,0.3532467
sept9a,elk3,-0.35282284,-0.18210422,True,NOT_CHECKED,0.35282284
sept9a,rxraa,-0.35277903,-0.1820816,True,NOT_CHECKED,0.35277903
diaph2,tfap2a,-0.35245147,-0.2940674,True,NOT_CHECKED,0.35245147
tcf12,nr2f6b,-0.35182157,-0.43150207,True,NOT_CHECKED,0.35182157
elf1,fosl2,-0.3501486,-0.61089677,True,NOT_CHECKED,0.3501486
aopep,elf1,-0.34949708,-0.59880096,True,NOT_CHECKED,0.34949708
jcada,snai1a,0.3485933,0.22416297,True,NOT_CHECKED,0.3485933
gfra1a,hoxa9b,0.34805784,0.3674875,True,NOT_CHECKED,0.34805784
her9,rxraa,-0.34776592,-0.6209112,True,NOT_CHECKED,0.34776592
hivep1,fli1a,0.34771147,0.31597903,True,NOT_CHECKED,0.34771147
hoxb1b,hoxa9a,0.34758487,0.33290914,True,NOT_CHECKED,0.34758487
col2a1b,fli1a,-0.34693873,-0.45926413,True,NOT_CHECKED,0.34693873
eya1,twist1b,-0.34687537,-0.23334716,True,NOT_CHECKED,0.34687537
si:dkey-261h17.1,ebf3a,0.34677112,0.23563708,True,NOT_CHECKED,0.34677112
hnf1bb,hoxa2b,-0.3467581,-0.5014288,True,NOT_CHECKED,0.3467581
rarga,alx4b,0.34666142,0.5787114,True,NOT_CHECKED,0.34666142
pcbp4,tfap2a,-0.34605613,-0.20144902,True,NOT_CHECKED,0.34605613
gypc,bhlhe40,-0.34567013,-0.23532563,True,NOT_CHECKED,0.34567013
cxxc5b,bhlhe40,0.34561107,0.40250337,True,NOT_CHECKED,0.34561107
rxraa,sox10,-0.3452423,-0.9180567,True,NOT_CHECKED,0.3452423
cxcl12b,hoxd11a,-0.34462523,-0.4193645,True,NOT_CHECKED,0.34462523
pknox2,ebf3a,0.34450778,0.7372358,True,NOT_CHECKED,0.34450778
ripor1,tfap2a,-0.34437788,-0.50458854,True,NOT_CHECKED,0.34437788
sox13,sox6,-0.34401155,-0.48260313,True,NOT_CHECKED,0.34401155
klf6a,fli1a,0.34336922,0.3992992,True,NOT_CHECKED,0.34336922
pleca,elf1,-0.3428413,-0.63320273,True,NOT_CHECKED,0.3428413
fhl3a,rxraa,-0.34206632,-0.42857763,True,NOT_CHECKED,0.34206632
id2a,mitfa,0.3420078,0.37356332,True,NOT_CHECKED,0.3420078
slc3a2a,tfap2b,-0.34190813,-0.15274596,True,NOT_CHECKED,0.34190813
colec12,alx4b,0.34180334,0.25237677,True,NOT_CHECKED,0.34180334
ENSDARG00000099844,tfap2e,0.34135547,0.4405307,True,NOT_CHECKED,0.34135547
hoxb1b,hnf1ba,-0.34125775,-0.32684916,True,NOT_CHECKED,0.34125775
gna12a,mitfa,-0.34121796,-0.18311661,True,NOT_CHECKED,0.34121796
snx2,tfeb,0.34121284,0.40292,True,NOT_CHECKED,0.34121284
si:ch73-364h19.1,hoxa9b,0.34078974,0.53445446,True,NOT_CHECKED,0.34078974
tmem108,zic2a,-0.3403828,-0.31980565,True,NOT_CHECKED,0.3403828
lrmda,tfap2e,0.33982,0.153054,True,NOT_CHECKED,0.33982
lsp1a,rarga,-0.339198,-0.46933195,True,NOT_CHECKED,0.339198
pfas,mitfa,-0.3378517,-0.30921814,True,NOT_CHECKED,0.3378517
bhlhe41,tfeb,-0.33733192,-0.54054266,True,NOT_CHECKED,0.33733192
dnajb2,zeb1b,-0.33728775,-0.49984968,True,NOT_CHECKED,0.33728775
btg1,nr2f5,0.3366807,0.58912677,True,NOT_CHECKED,0.3366807
sept9a,klf15,-0.3365633,-0.17371209,True,NOT_CHECKED,0.3365633
b4galt5,tfec,0.33622184,0.44754705,True,NOT_CHECKED,0.33622184
crlf1a,hnf1bb,-0.33586273,-0.22997664,True,NOT_CHECKED,0.33586273
cad,sox9b,-0.33575732,-0.6074851,True,NOT_CHECKED,0.33575732
tfec,bhlhe40,0.3356107,1.0021689,True,NOT_CHECKED,0.3356107
mmp2,rxraa,-0.33441943,-0.25095794,True,NOT_CHECKED,0.33441943
slit2,egr3,0.33415428,0.4574644,True,NOT_CHECKED,0.33415428
sorbs1,snai1a,0.33379444,0.3677268,True,NOT_CHECKED,0.33379444
nrp2a,nr2f5,0.33343124,0.5050732,True,NOT_CHECKED,0.33343124
pik3ip1,sox10,0.33330038,0.53425133,True,NOT_CHECKED,0.33330038
her9,nr2f5,0.33324137,0.59497863,True,NOT_CHECKED,0.33324137
klf6a,nfe2,-0.33211342,-0.38621,True,NOT_CHECKED,0.33211342
hivep1,bach2b,-0.3317987,-0.30151847,True,NOT_CHECKED,0.3317987
osbpl10b,tead1b,-0.33141413,-0.5385538,True,NOT_CHECKED,0.33141413
arhgef28a,hoxa9b,0.33139008,0.32247165,True,NOT_CHECKED,0.33139008
apoeb,fosl2,-0.3311815,-0.5192826,True,NOT_CHECKED,0.3311815
pik3cb,tfap2e,-0.3310209,-0.30930355,True,NOT_CHECKED,0.3310209
zgc:153039,klf15,0.33083034,0.5868343,True,NOT_CHECKED,0.33083034
eya1,hoxb1a,-0.33014414,-0.22209188,True,NOT_CHECKED,0.33014414
id2a,otpb,-0.32988164,-0.36031833,True,NOT_CHECKED,0.32988164
actb2,nr4a2b,-0.3294627,-0.5527663,True,NOT_CHECKED,0.3294627
f11r.1,zic2b,0.32917464,0.26760685,True,NOT_CHECKED,0.32917464
junba,fosl2,0.32890728,0.99769837,True,NOT_CHECKED,0.32890728
hexb,egr4,-0.3275091,-0.38478142,True,NOT_CHECKED,0.3275091
gli2a,rxraa,0.32738435,0.5196079,True,NOT_CHECKED,0.32738435
ENSDARG00000053091,fli1a,-0.32722604,-0.25235116,True,NOT_CHECKED,0.32722604
mylk2,jun,-0.32717395,-0.2985588,True,NOT_CHECKED,0.32717395
pik3cb,rarga,-0.32691193,-0.30546415,True,NOT_CHECKED,0.32691193
tyr,tfap2e,0.3263961,0.4007385,True,NOT_CHECKED,0.3263961
bace2,tfeb,-0.32610118,-0.37965092,True,NOT_CHECKED,0.32610118
si:ch73-352p4.8,jdp2b,-0.3256923,-0.38310054,True,NOT_CHECKED,0.3256923
egr2b,sox9b,-0.32562405,-0.34417036,True,NOT_CHECKED,0.32562405
gnpda2,tfeb,-0.32543695,-0.4121148,True,NOT_CHECKED,0.32543695
meis1b,hnf1ba,0.3248959,0.42550865,True,NOT_CHECKED,0.3248959
sox9b,zeb1b,-0.32481343,-0.49272856,True,NOT_CHECKED,0.32481343
pdgfba,hoxc9a,-0.3244201,-0.40793142,True,NOT_CHECKED,0.3244201
adgrl1a,nr2f5,0.3237464,0.35997877,True,NOT_CHECKED,0.3237464
nrp2a,zeb1b,0.32352528,0.49006793,True,NOT_CHECKED,0.32352528
sorbs1,elk3,0.32283545,0.35565376,True,NOT_CHECKED,0.32283545
dennd4a,tead3b,-0.32280928,-0.26886123,True,NOT_CHECKED,0.32280928
ENSDARG00000042329,fosl2,0.32253993,0.27177727,True,NOT_CHECKED,0.32253993
CABZ01080568.1,jdp2b,0.32220027,0.67631066,True,NOT_CHECKED,0.32220027
si:ch211-137a8.4,tfap2a,-0.3221508,-0.53545225,True,NOT_CHECKED,0.3221508
aopep,hoxa9b,0.32156166,0.5509386,True,NOT_CHECKED,0.32156166
ctsd,mitfa,0.32121977,0.390995,True,NOT_CHECKED,0.32121977
tspan36,mitfa,0.3210604,0.23757169,True,NOT_CHECKED,0.3210604
pitpnm3,erfl3,-0.32096902,-0.5191614,True,NOT_CHECKED,0.32096902
si:dkey-261h17.1,hoxa9b,-0.32042655,-0.21773548,True,NOT_CHECKED,0.32042655
lfng,tfap2c,-0.31980166,-0.31466618,True,NOT_CHECKED,0.31980166
sept12,zeb1b,-0.31964117,-0.6436058,True,NOT_CHECKED,0.31964117
ptprub,nr2f5,0.31953043,0.3612605,True,NOT_CHECKED,0.31953043
dtnbp1a,mitfa,0.3193249,0.29444996,True,NOT_CHECKED,0.3193249
pgk1,klf15,-0.31854662,-0.5249768,True,NOT_CHECKED,0.31854662
myo10l1,zeb1b,-0.3181538,-0.3141957,True,NOT_CHECKED,0.3181538
gli3,tead1b,0.31791735,0.77185065,True,NOT_CHECKED,0.31791735
got2b,klf15,0.31788632,0.392892,True,NOT_CHECKED,0.31788632
atp11a,bhlhe40,0.3178241,0.26357454,True,NOT_CHECKED,0.3178241
plpp3,tfap2a,0.31780896,0.43696985,True,NOT_CHECKED,0.31780896
serpinh1b,mitfa,-0.31685498,-0.52197284,True,NOT_CHECKED,0.31685498
npl,tfap2e,0.31606895,0.34614345,True,NOT_CHECKED,0.31606895
pepd,tfeb,0.3158334,0.54745597,True,NOT_CHECKED,0.3158334
pim3,fosl2,0.3150877,0.45658386,True,NOT_CHECKED,0.3150877
nagpa,tfap2b,0.31469655,0.34438512,True,NOT_CHECKED,0.31469655
si:dkey-1h24.2,egr2b,0.31463805,0.41259003,True,NOT_CHECKED,0.31463805
lsp1a,tfap2a,0.31455734,0.43523785,True,NOT_CHECKED,0.31455734
rrm2,tead3b,0.3138367,0.5834509,True,NOT_CHECKED,0.3138367
rab1ab,tfeb,-0.3137295,-0.22396244,True,NOT_CHECKED,0.3137295
top2a,fli1a,-0.3131913,-0.3119123,True,NOT_CHECKED,0.3131913
si:ch211-199g17.2,hoxa9b,0.31281915,0.36756673,True,NOT_CHECKED,0.31281915
psd2,dlx1a,-0.31250224,-0.28395486,True,NOT_CHECKED,0.31250224
msna,sox9b,0.3117831,0.40910515,True,NOT_CHECKED,0.3117831
fosl2,rarga,-0.31108606,-1.4113271,True,NOT_CHECKED,0.31108606
efna3b,nr2f5,-0.3108986,-0.34277287,True,NOT_CHECKED,0.3108986
si:zfos-943e10.1,tfec,0.3108021,0.29712614,True,NOT_CHECKED,0.3108021
ppat,mitfa,0.30992717,0.37035897,True,NOT_CHECKED,0.30992717
mllt3,hoxd11a,0.3097229,0.48728523,True,NOT_CHECKED,0.3097229
lmo4b,zeb1b,0.30908436,0.5570104,True,NOT_CHECKED,0.30908436
suco,elk3,0.3090426,0.4363654,True,NOT_CHECKED,0.3090426
ptprub,otx2b,0.30898485,0.3493377,True,NOT_CHECKED,0.30898485
hsp70.2,elf1,-0.3081629,-0.56750464,True,NOT_CHECKED,0.3081629
her9,zic2a,0.30809137,0.5500751,True,NOT_CHECKED,0.30809137
erbb3b,elf1,-0.30785546,-0.2822824,True,NOT_CHECKED,0.30785546
arvcfb,nr2f6b,0.3074422,0.4257237,True,NOT_CHECKED,0.3074422
plxna4,tfec,-0.3069092,-0.35954762,True,NOT_CHECKED,0.3069092
nrp2b,fli1a,-0.30684772,-0.42997077,True,NOT_CHECKED,0.30684772
mocs1,mitfa,0.3067771,0.24189276,True,NOT_CHECKED,0.3067771
paics,tfap2e,0.30670467,0.35257334,True,NOT_CHECKED,0.30670467
hnrnpabb,tfap2a,-0.30626887,-0.4324368,True,NOT_CHECKED,0.30626887
nedd4a,rorab,0.30540562,0.24450634,True,NOT_CHECKED,0.30540562
lmo4b,ebf1b,-0.3052959,-0.5501832,True,NOT_CHECKED,0.3052959
zic2b,nr2f5,-0.3051587,-0.5851231,True,NOT_CHECKED,0.3051587
cpvl,tfap2b,-0.30478328,-0.35081464,True,NOT_CHECKED,0.30478328
phc2a,hoxa9b,-0.30457374,-0.43093807,True,NOT_CHECKED,0.30457374
mllt3,hoxa11b,0.3041064,0.47844884,True,NOT_CHECKED,0.3041064
pttg1ipb,tfap2b,0.30344626,0.15561244,True,NOT_CHECKED,0.30344626
myo1b,sox9b,-0.30341977,-0.51092064,True,NOT_CHECKED,0.30341977
neto1l,hoxa9a,0.30311015,0.41081905,True,NOT_CHECKED,0.30311015
col12a1a,hoxb8a,0.3025228,0.36904418,True,NOT_CHECKED,0.3025228
tjp1b,alx4a,-0.30224466,-0.6109273,True,NOT_CHECKED,0.30224466
vash2,sox10,0.30223292,0.34307292,True,NOT_CHECKED,0.30223292
her9,msx3,-0.301615,-0.538512,True,NOT_CHECKED,0.301615
pttg1ipb,nr2f5,-0.30127433,-0.15449864,True,NOT_CHECKED,0.30127433
fhod3b,ebf3a,-0.3011151,-0.35859257,True,NOT_CHECKED,0.3011151
sypl2b,tfeb,-0.3009109,-0.2244047,True,NOT_CHECKED,0.3009109
tnc,ebf3a,-0.30089232,-0.1974668,True,NOT_CHECKED,0.30089232
rarga,snai1a,0.30071294,0.5020057,True,NOT_CHECKED,0.30071294
btg1,sox6,0.30033386,0.5255267,True,NOT_CHECKED,0.30033386
gfra4b,nr2f2,-0.299377,-0.30666912,True,NOT_CHECKED,0.299377
tubb2b,zeb1b,0.29927567,0.51050735,True,NOT_CHECKED,0.29927567
tubb4b,ebf1b,0.29920882,0.49853224,True,NOT_CHECKED,0.29920882
si:dkey-172h23.2,mitfa,0.29866728,0.23106547,True,NOT_CHECKED,0.29866728
snai1b,tfap2a,-0.29815865,-0.31740454,True,NOT_CHECKED,0.29815865
hat1,fli1a,0.2978817,0.46895266,True,NOT_CHECKED,0.2978817
lrwd1,ebf1b,-0.2964407,-0.49334303,True,NOT_CHECKED,0.2964407
ENSDARG00000099844,tfec,0.29628834,0.38237005,True,NOT_CHECKED,0.29628834
zgc:154093,hoxb9a,0.29601255,0.28422967,True,NOT_CHECKED,0.29601255
rab32a,tfap2e,0.29588866,0.21145298,True,NOT_CHECKED,0.29588866
sept9a,ebf1b,-0.29545033,-0.15249225,True,NOT_CHECKED,0.29545033
fabp3,tfap2a,0.2948515,0.5604134,True,NOT_CHECKED,0.2948515
kctd1,ebf3a,-0.29473343,-0.42212355,True,NOT_CHECKED,0.29473343
vav2,jun,0.29446268,0.47188085,True,NOT_CHECKED,0.29446268
scinlb,fli1a,-0.29437107,-0.52638257,True,NOT_CHECKED,0.29437107
pim1,mitfa,0.29434544,0.04434317,True,NOT_CHECKED,0.29434544
osbpl1a,rorab,0.29364428,0.37641245,True,NOT_CHECKED,0.29364428
slc39a14,ebf1b,0.29346314,0.14784735,True,NOT_CHECKED,0.29346314
pmp22a,tfap2a,-0.29340342,-0.29922566,True,NOT_CHECKED,0.29340342
arhgef10,elk3,0.29320976,0.5029893,True,NOT_CHECKED,0.29320976
tmem108,zic2b,0.2930836,0.27536583,True,NOT_CHECKED,0.2930836
smim29,bhlhe40,0.29276422,0.53645456,True,NOT_CHECKED,0.29276422
bmper,rxraa,-0.2927453,-0.31986874,True,NOT_CHECKED,0.2927453
atic,tfap2e,0.2925634,0.39096865,True,NOT_CHECKED,0.2925634
zeb1b,bach2b,-0.29245427,-0.775303,True,NOT_CHECKED,0.29245427
her9,hnf1bb,0.2919014,0.5211691,True,NOT_CHECKED,0.2919014
twist1a,rxraa,0.29171363,0.47118774,True,NOT_CHECKED,0.29171363
tuba1c,nr2f6b,0.2915593,0.43411615,True,NOT_CHECKED,0.2915593
glula,bhlhe40,-0.29141313,-0.24391386,True,NOT_CHECKED,0.29141313
si:ch73-281n10.2,zic2b,0.29077137,0.73200965,True,NOT_CHECKED,0.29077137
si:ch211-51c14.1,elk3,0.29029793,0.43207073,True,NOT_CHECKED,0.29029793
msx1b,jun,-0.28919905,-0.40576503,True,NOT_CHECKED,0.28919905
phactr2,tfec,0.28875452,0.36890537,True,NOT_CHECKED,0.28875452
stard13b,nr2f5,-0.28848934,-0.5490307,True,NOT_CHECKED,0.28848934
tyrp1a,bhlhe40,0.2879418,0.30655178,True,NOT_CHECKED,0.2879418
stm,sox9b,0.2874379,0.34174067,True,NOT_CHECKED,0.2874379
sox6,sox10,-0.28734267,-1.1987629,True,NOT_CHECKED,0.28734267
rarga,hoxa11b,-0.28733832,-0.4796783,True,NOT_CHECKED,0.28733832
cbx6a,sox9b,-0.287092,-0.44900003,True,NOT_CHECKED,0.287092
hoxb3a,hnf1ba,0.28702137,0.37572956,True,NOT_CHECKED,0.28702137
celf2,elf1,-0.2865519,-0.2948155,True,NOT_CHECKED,0.2865519
zgc:110626,jdp2b,-0.28630248,-0.47946253,True,NOT_CHECKED,0.28630248
coro1ca,jun,0.28627658,0.37074763,True,NOT_CHECKED,0.28627658
abi3a,nr2f5,-0.28581658,-0.4148641,True,NOT_CHECKED,0.28581658
dhrs3b,hnf1ba,0.28539062,0.4339554,True,NOT_CHECKED,0.28539062
aldob,zic4,-0.2837945,-0.6549457,True,NOT_CHECKED,0.2837945
tshz1,fosl2,-0.2828808,-0.38901,True,NOT_CHECKED,0.2828808
sypl2b,bhlhe40,-0.28267476,-0.21080507,True,NOT_CHECKED,0.28267476
kcnk10a,ebf1b,-0.28215113,-0.3107029,True,NOT_CHECKED,0.28215113
stx8,tfec,0.28187302,0.47772855,True,NOT_CHECKED,0.28187302
elf1,hoxb8a,0.28035808,0.48913473,True,NOT_CHECKED,0.28035808
hoxd12a,hoxb10a,0.27967966,0.37193415,True,NOT_CHECKED,0.27967966
snx8a,tfap2b,0.27945015,0.4108952,True,NOT_CHECKED,0.27945015
itga5,tfeb,0.27929556,0.41678992,True,NOT_CHECKED,0.27929556
glb1l,elf1,0.27902356,0.22833268,True,NOT_CHECKED,0.27902356
rras2,pknox2,0.27890697,0.3772349,True,NOT_CHECKED,0.27890697
erfl3,egr4,0.27875343,0.6960075,True,NOT_CHECKED,0.27875343
klf6a,egr3,0.27859727,0.32397684,True,NOT_CHECKED,0.27859727
lrmda,tfap2b,-0.2781494,-0.12527771,True,NOT_CHECKED,0.2781494
abcb6b,tfec,0.27794206,0.451539,True,NOT_CHECKED,0.27794206
rarga,hoxa9a,-0.27780497,-0.46376345,True,NOT_CHECKED,0.27780497
marcksl1b,jun,0.2773187,0.8401666,True,NOT_CHECKED,0.2773187
celf5a,nr4a3,-0.2769491,-0.32466096,True,NOT_CHECKED,0.2769491
amotl2a,tead3b,-0.27683762,-0.49426726,True,NOT_CHECKED,0.27683762
vash2,sox9b,-0.27676287,-0.31416118,True,NOT_CHECKED,0.27676287
pik3cb,sox10,-0.27651215,-0.25837097,True,NOT_CHECKED,0.27651215
nxn,tfap2a,-0.27651164,-0.41986993,True,NOT_CHECKED,0.27651164
paics,bhlhe40,0.2763714,0.31770363,True,NOT_CHECKED,0.2763714
zfhx3,fli1a,0.27496818,0.3394415,True,NOT_CHECKED,0.27496818
sgcd,fli1a,0.27485296,0.24478419,True,NOT_CHECKED,0.27485296
dusp6,snai1a,-0.27402723,-0.37826422,True,NOT_CHECKED,0.27402723
mllt3,hoxc9a,0.27381453,0.43079078,True,NOT_CHECKED,0.27381453
tubb4b,nr2f5,-0.2725916,-0.45418343,True,NOT_CHECKED,0.2725916
pdgfra,nr2f6b,-0.27255318,-0.5005543,True,NOT_CHECKED,0.27255318
hivep1,tead1b,0.27136847,0.24660316,True,NOT_CHECKED,0.27136847
serinc5,tfap2b,-0.27100062,-0.18056063,True,NOT_CHECKED,0.27100062
lmo4a,rxraa,-0.27092803,-0.45046207,True,NOT_CHECKED,0.27092803
plpp3,nr2f2,0.27068752,0.37218046,True,NOT_CHECKED,0.27068752
epha4a,msx3,0.27012557,0.25140655,True,NOT_CHECKED,0.27012557
col1a2,rarga,0.27004978,0.18713875,True,NOT_CHECKED,0.27004978
bach2b,erfl3,-0.26927432,-1.1812745,True,NOT_CHECKED,0.26927432
glb1l,mitfa,-0.26920357,-0.22029671,True,NOT_CHECKED,0.26920357
stard13b,nr2f6b,-0.2690854,-0.51210266,True,NOT_CHECKED,0.2690854
si:dkey-261h17.1,alx4a,0.268935,0.18274607,True,NOT_CHECKED,0.268935
man2b1,sox10,-0.26877847,-0.19825193,True,NOT_CHECKED,0.26877847
meis1b,sox19a,-0.26875085,-0.35197678,True,NOT_CHECKED,0.26875085
tle3b,tead1b,-0.26801842,-0.4950729,True,NOT_CHECKED,0.26801842
zeb1b,msx1b,-0.26789114,-0.7101856,True,NOT_CHECKED,0.26789114
ctsd,tfeb,-0.26786256,-0.32604757,True,NOT_CHECKED,0.26786256
lamb1a,sox10,0.2674219,0.30019298,True,NOT_CHECKED,0.2674219
cacna1ia,hoxc9a,0.26730934,0.24523546,True,NOT_CHECKED,0.26730934
ebf3a,fli1a,0.26724672,0.093239196,True,NOT_CHECKED,0.26724672
dlg1,ebf3a,0.26710767,0.28945643,True,NOT_CHECKED,0.26710767
zbtb16a,tfap2b,0.26647177,0.706156,True,NOT_CHECKED,0.26647177
serinc5,tfeb,0.26556885,0.1769416,True,NOT_CHECKED,0.26556885
prkcea,tfap2e,0.26549625,0.30686805,True,NOT_CHECKED,0.26549625
emc2,nr2f5,0.26512882,0.5462515,True,NOT_CHECKED,0.26512882
vat1,snai1a,-0.26499847,-0.16362564,True,NOT_CHECKED,0.26499847
neto1l,hoxc9a,0.26388085,0.3576498,True,NOT_CHECKED,0.26388085
sall4,snai1a,-0.26366967,-0.25255784,True,NOT_CHECKED,0.26366967
actb2,egr4,0.26364446,0.44233772,True,NOT_CHECKED,0.26364446
bhlhe41,bhlhe40,0.2633034,0.42191893,True,NOT_CHECKED,0.2633034
ebf3a,hoxa2b,-0.2630694,-0.09178177,True,NOT_CHECKED,0.2630694
slit3,hnf1ba,0.26242763,0.14345345,True,NOT_CHECKED,0.26242763
junba,jdp2b,0.2621627,0.79523706,True,NOT_CHECKED,0.2621627
ptmaa,tfec,-0.26178387,-0.5474571,True,NOT_CHECKED,0.26178387
ebf3a,rxraa,-0.26172638,-0.09131322,True,NOT_CHECKED,0.26172638
dact2,hoxb1b,0.26141238,0.32808515,True,NOT_CHECKED,0.26141238
tnk2b,twist1a,0.26121798,0.35553932,True,NOT_CHECKED,0.26121798
shroom4,elf1,-0.26094532,-0.43975735,True,NOT_CHECKED,0.26094532
rnd3a,nr2f2,-0.26066574,-0.36729157,True,NOT_CHECKED,0.26066574
si:ch73-127m5.1,bhlhe40,0.25982028,0.3394327,True,NOT_CHECKED,0.25982028
trim71,bach2b,0.2594266,0.4894994,True,NOT_CHECKED,0.2594266
nxn,hnf1bb,0.25939408,0.39387774,True,NOT_CHECKED,0.25939408
mbnl2,mitfa,0.25880852,0.23607534,True,NOT_CHECKED,0.25880852
aox5,mitfa,0.25840542,0.12577465,True,NOT_CHECKED,0.25840542
zfhx4,tfap2e,-0.2583805,-0.33820888,True,NOT_CHECKED,0.2583805
atp1b3a,ebf1b,0.2583386,0.19142981,True,NOT_CHECKED,0.2583386
epha4b,zeb1b,0.25813678,0.1820956,True,NOT_CHECKED,0.25813678
hoxa10b,hoxc9a,0.25805783,0.28462195,True,NOT_CHECKED,0.25805783
hspa5,ebf3a,0.25758946,0.48847073,True,NOT_CHECKED,0.25758946
pdzrn3b,klf15,0.25749815,0.40482667,True,NOT_CHECKED,0.25749815
btg1,sox10,-0.25679034,-0.4493339,True,NOT_CHECKED,0.25679034
cxcl12b,hoxa11b,-0.2556891,-0.31114072,True,NOT_CHECKED,0.2556891
pcbp4,tfeb,0.2555727,0.14877607,True,NOT_CHECKED,0.2555727
nr2f6b,fli1a,-0.2554503,-0.55159074,True,NOT_CHECKED,0.2554503
tln2a,nr2f5,-0.25515917,-0.5447245,True,NOT_CHECKED,0.25515917
plpp3,fli1a,-0.25508258,-0.35072452,True,NOT_CHECKED,0.25508258
si:ch211-108d22.2,tfap2a,-0.2550141,-0.2877136,True,NOT_CHECKED,0.2550141
pknox2,rxraa,-0.2548689,-0.54541135,True,NOT_CHECKED,0.2548689
ptprub,bach2b,0.25475803,0.28802896,True,NOT_CHECKED,0.25475803
sptbn1,mitfa,0.25470236,0.4035375,True,NOT_CHECKED,0.25470236
dusp2,msx3,-0.2538935,-0.10458679,True,NOT_CHECKED,0.2538935
hivep1,ebf3a,-0.25373375,-0.2305778,True,NOT_CHECKED,0.25373375
atp2b4,rxraa,0.25239474,0.06418228,True,NOT_CHECKED,0.25239474
tubb2b,e2f7,0.25237617,0.43050572,True,NOT_CHECKED,0.25237617
krt18a.1,nr2f6b,-0.2520819,-0.13573319,True,NOT_CHECKED,0.2520819
meis1b,rxraa,-0.25205603,-0.33011198,True,NOT_CHECKED,0.25205603
vav2,fosab,0.2517453,0.40342563,True,NOT_CHECKED,0.2517453
gmps,tfeb,0.2513434,0.3997829,True,NOT_CHECKED,0.2513434
scpep1,tfap2e,-0.25118673,-0.38023773,True,NOT_CHECKED,0.25118673
tjp1a,tead1b,-0.2508386,-0.3975755,True,NOT_CHECKED,0.2508386
pax3a,tfap2a,-0.25048655,-0.431978,True,NOT_CHECKED,0.25048655
egr3,nr2f1b,0.25035495,0.30792636,True,NOT_CHECKED,0.25035495
tead1b,msx3,0.2497622,0.5043356,True,NOT_CHECKED,0.2497622
b4galt5,tfap2e,-0.24932611,-0.3318796,True,NOT_CHECKED,0.24932611
sept9a,tfap2b,0.249285,0.1286647,True,NOT_CHECKED,0.249285
fgfr3,hnf1ba,-0.2490582,-0.2775953,True,NOT_CHECKED,0.2490582
ctsd,nr2f6b,0.24854207,0.3025303,True,NOT_CHECKED,0.24854207
ccdc22,tfec,0.2484522,0.17507514,True,NOT_CHECKED,0.2484522
tuba8l3,twist1a,0.247625,0.17642844,True,NOT_CHECKED,0.247625
dusp5,nr2f5,-0.24725215,-0.15477864,True,NOT_CHECKED,0.24725215
nid2a,rarga,0.2471011,0.2051474,True,NOT_CHECKED,0.2471011
diaph2,tead3b,0.24704885,0.20612489,True,NOT_CHECKED,0.24704885
cdh11,fli1a,0.24687275,0.11209848,True,NOT_CHECKED,0.24687275
ddit3,sox10,-0.24680975,-0.45938846,True,NOT_CHECKED,0.24680975
col5a2a,hoxb9a,0.24529925,0.3822374,True,NOT_CHECKED,0.24529925
tead3b,rxraa,0.24525326,0.97580904,True,NOT_CHECKED,0.24525326
nrp2b,rxraa,0.24474171,0.34294465,True,NOT_CHECKED,0.24474171
mki67,sox10,-0.24414407,-0.39648837,True,NOT_CHECKED,0.24414407
hoxb7a,hoxa9a,-0.24385026,-0.26776496,True,NOT_CHECKED,0.24385026
zgc:152830,mitfa,0.24353895,0.40035653,True,NOT_CHECKED,0.24353895
fgfr4,tfap2a,-0.24352553,-0.16260955,True,NOT_CHECKED,0.24352553
hoxb7a,hoxd12a,-0.24350502,-0.26738587,True,NOT_CHECKED,0.24350502
gphna,bhlhe41,-0.24317057,-0.18323176,True,NOT_CHECKED,0.24317057
si:dkey-172h23.2,bhlhe40,0.2430566,0.18804197,True,NOT_CHECKED,0.2430566
osbpl10b,egr2b,0.24269207,0.39437887,True,NOT_CHECKED,0.24269207
zfhx4,hoxc3a,-0.24239594,-0.3172858,True,NOT_CHECKED,0.24239594
prkcsh,ebf3a,0.24236718,0.35247242,True,NOT_CHECKED,0.24236718
hoxb1b,hoxc11b,-0.24222565,-0.23199838,True,NOT_CHECKED,0.24222565
dnajb2,sox10,-0.24158299,-0.35801825,True,NOT_CHECKED,0.24158299
sox6,hoxc3a,0.2415652,1.0077841,True,NOT_CHECKED,0.2415652
emc2,hoxa4a,-0.24115832,-0.49686444,True,NOT_CHECKED,0.24115832
lmo4b,ebf3a,-0.24114273,-0.43457073,True,NOT_CHECKED,0.24114273
sash1b,elf1,0.24112631,0.38021478,True,NOT_CHECKED,0.24112631
cdh7a,sox6,-0.24105638,-0.18728244,True,NOT_CHECKED,0.24105638
fosl2,ebf3a,-0.24014167,-1.0894685,True,NOT_CHECKED,0.24014167
pdlim1,fli1a,0.23999107,0.28556076,True,NOT_CHECKED,0.23999107
ebf3a,sox6,-0.23962422,-0.08360203,True,NOT_CHECKED,0.23962422
her9,zic2b,-0.23949574,-0.42760253,True,NOT_CHECKED,0.23949574
zgc:158423,tfap2e,0.23929714,0.25548673,True,NOT_CHECKED,0.23929714
col4a6,zeb1b,0.239242,0.18598975,True,NOT_CHECKED,0.239242
tle3b,tfap2a,-0.23917437,-0.4417933,True,NOT_CHECKED,0.23917437
klf6a,rxraa,-0.23858821,-0.2774509,True,NOT_CHECKED,0.23858821
her9,sox10,-0.23801039,-0.42495054,True,NOT_CHECKED,0.23801039
CABZ01080568.1,her9,0.23792821,0.49942043,True,NOT_CHECKED,0.23792821
sgpl1,tfeb,0.23792376,0.2556241,True,NOT_CHECKED,0.23792376
mov10b.1,tfap2b,0.23628886,0.3740292,True,NOT_CHECKED,0.23628886
ccny,tfap2a,-0.23627768,-0.1717762,True,NOT_CHECKED,0.23627768
tead1b,tead3b,0.2354872,0.47551054,True,NOT_CHECKED,0.2354872
mtus1b,sox6,0.23538572,0.2182985,True,NOT_CHECKED,0.23538572
man2a1,tfap2c,-0.23511554,-0.31866398,True,NOT_CHECKED,0.23511554
sept9a,nr2f6b,-0.23506793,-0.12132679,True,NOT_CHECKED,0.23506793
cbfb,rxraa,-0.23453996,-0.19685133,True,NOT_CHECKED,0.23453996
pdgfra,sox9b,0.23413318,0.42999452,True,NOT_CHECKED,0.23413318
sema6e,hnf1ba,0.23363912,0.2527713,True,NOT_CHECKED,0.23363912
bend3,tfap2e,0.23363614,0.2692609,True,NOT_CHECKED,0.23363614
si:ch211-198m17.1,tead3b,-0.2335351,-0.16012095,True,NOT_CHECKED,0.2335351
her9,ebf1b,0.23269449,0.41545936,True,NOT_CHECKED,0.23269449
itga5,tfec,-0.2326289,-0.34714973,True,NOT_CHECKED,0.2326289
atox1,mitfa,0.23257229,0.18768072,True,NOT_CHECKED,0.23257229
krt18a.1,snai1a,0.23198372,0.12491134,True,NOT_CHECKED,0.23198372
arhgef10,rxraa,0.2313354,0.39684638,True,NOT_CHECKED,0.2313354
sema4ba,tfap2a,-0.23118308,-0.15414208,True,NOT_CHECKED,0.23118308
bloc1s1,tfec,0.2298675,0.1933079,True,NOT_CHECKED,0.2298675
meis1b,ebf3a,-0.22932379,-0.3003401,True,NOT_CHECKED,0.22932379
mfap2,tfap2c,0.22926651,0.18497759,True,NOT_CHECKED,0.22926651
hoxc6b,hoxa9a,0.22904344,0.29987678,True,NOT_CHECKED,0.22904344
plpp3,twist1a,0.22824946,0.31383047,True,NOT_CHECKED,0.22824946
fli1a,e2f7,-0.22772925,-0.49831042,True,NOT_CHECKED,0.22772925
cpvl,mitfa,0.22739074,0.26173353,True,NOT_CHECKED,0.22739074
cpvl,rorab,-0.22644329,-0.26064298,True,NOT_CHECKED,0.22644329
tcf12,ebf1b,-0.22640565,-0.27768198,True,NOT_CHECKED,0.22640565
si:dkey-205h13.1,zic2b,-0.22609846,-0.32431525,True,NOT_CHECKED,0.22609846
bend3,klf15,-0.22606428,-0.2605345,True,NOT_CHECKED,0.22606428
si:ch73-364h19.1,hoxb9a,0.22578844,0.35410002,True,NOT_CHECKED,0.22578844
si:dkeyp-72e1.9,bhlhe40,-0.22491364,-0.27632147,True,NOT_CHECKED,0.22491364
cpeb4b,tfeb,-0.22481264,-0.31614417,True,NOT_CHECKED,0.22481264
bhlhe40,mitfa,0.22465186,0.22767775,True,NOT_CHECKED,0.22465186
nrp2a,nr4a2b,-0.22463524,-0.3402718,True,NOT_CHECKED,0.22463524
plxdc2,tfec,0.2243355,0.23816197,True,NOT_CHECKED,0.2243355
hoxb6b,hoxa9b,0.22400688,0.22042263,True,NOT_CHECKED,0.22400688
pik3cb,tfap2a,-0.22378403,-0.20910218,True,NOT_CHECKED,0.22378403
zgc:153039,mitfa,0.22377746,0.39694148,True,NOT_CHECKED,0.22377746
alcama,mitfa,-0.22341348,-0.44946092,True,NOT_CHECKED,0.22341348
tubb4b,tead3b,0.22337446,0.37217945,True,NOT_CHECKED,0.22337446
alx4a,rxraa,-0.2233653,-0.2412617,True,NOT_CHECKED,0.2233653
elf1,tfeb,0.22263739,0.38843068,True,NOT_CHECKED,0.22263739
gli2a,sox6,-0.22129348,-0.35122582,True,NOT_CHECKED,0.22129348
mdkb,fosl2,-0.22128227,-0.33338672,True,NOT_CHECKED,0.22128227
si:ch211-286o17.1,tfap2a,0.2212504,0.2229521,True,NOT_CHECKED,0.2212504
kif26ab,hoxd12a,0.22082457,0.16036955,True,NOT_CHECKED,0.22082457
si:ch73-364h19.1,tfap2a,0.22046232,0.34574714,True,NOT_CHECKED,0.22046232
celf2,tfap2a,-0.22022857,-0.22657953,True,NOT_CHECKED,0.22022857
got2b,tfec,0.22017302,0.27212313,True,NOT_CHECKED,0.22017302
serinc5,sox9b,0.21988446,0.14650327,True,NOT_CHECKED,0.21988446
foxp4,ebf3a,0.21947373,0.3561901,True,NOT_CHECKED,0.21947373
stard13b,sox6,-0.21930228,-0.41735923,True,NOT_CHECKED,0.21930228
snx8a,bhlhe40,0.21907733,0.32212478,True,NOT_CHECKED,0.21907733
ptmaa,ebf3a,-0.21907102,-0.45813358,True,NOT_CHECKED,0.21907102
plppr3a,bhlhe40,-0.21902658,-0.38894,True,NOT_CHECKED,0.21902658
col11a1b,rxraa,-0.21816461,-0.14460723,True,NOT_CHECKED,0.21816461
adam10a,tfap2b,0.21815112,0.14707415,True,NOT_CHECKED,0.21815112
her9,msx1b,-0.21727353,-0.38792637,True,NOT_CHECKED,0.21727353
mthfd1l,nr2f5,0.2172687,0.30824628,True,NOT_CHECKED,0.2172687
prkcea,alx4b,-0.21648777,-0.25022265,True,NOT_CHECKED,0.21648777
prkcea,mitfa,0.21622504,0.24991898,True,NOT_CHECKED,0.21622504
bin2b,rxraa,-0.21571192,-0.33837923,True,NOT_CHECKED,0.21571192
serpine1,snai1a,0.215612,0.12768678,True,NOT_CHECKED,0.215612
rnd3a,tfap2a,-0.21522716,-0.30326623,True,NOT_CHECKED,0.21522716
twist1b,ebf1b,0.21507636,0.39593476,True,NOT_CHECKED,0.21507636
metrn,nr2f2,0.2148115,0.17854144,True,NOT_CHECKED,0.2148115
mdka,tead3b,0.2143305,0.3255815,True,NOT_CHECKED,0.2143305
erfl3,klf15,-0.21402155,-0.5343813,True,NOT_CHECKED,0.21402155
plxnb1a,ebf3a,-0.21395774,-0.1925743,True,NOT_CHECKED,0.21395774
sertad4,fli1a,-0.2135682,-0.20202947,True,NOT_CHECKED,0.2135682
ppp1r14ab,bach2b,-0.21325202,-0.2952739,True,NOT_CHECKED,0.21325202
epha4a,nr2f5,0.21318796,0.1984146,True,NOT_CHECKED,0.21318796
hoxa10b,hoxd12a,-0.21284609,-0.23475617,True,NOT_CHECKED,0.21284609
slc3a2a,bhlhe40,0.2127774,0.095057376,True,NOT_CHECKED,0.2127774
mef2ca,ebf3a,0.21271577,0.24581955,True,NOT_CHECKED,0.21271577
dact2,hoxb10a,0.2126967,0.26694462,True,NOT_CHECKED,0.2126967
lmx1ba,zic4,-0.21196769,-0.27299783,True,NOT_CHECKED,0.21196769
chrd,hnf1bb,-0.21177486,-0.3272389,True,NOT_CHECKED,0.21177486
mycn,sox9b,0.21148735,0.30529118,True,NOT_CHECKED,0.21148735
dennd4a,nr4a2b,-0.21127191,-0.17596406,True,NOT_CHECKED,0.21127191
tpm4a,hoxa2b,0.21125595,0.11196319,True,NOT_CHECKED,0.21125595
crlf1a,fosl2,0.2103231,0.14401539,True,NOT_CHECKED,0.2103231
kif26ab,hoxb9a,0.20984341,0.1523947,True,NOT_CHECKED,0.20984341
hsp70.3,fli1a,0.20955516,0.39891964,True,NOT_CHECKED,0.20955516
crhr1,hoxb10a,0.20780444,0.29591593,True,NOT_CHECKED,0.20780444
boc,tfec,-0.20779637,-0.33302101,True,NOT_CHECKED,0.20779637
bach2b,zeb1b,0.20740567,0.90986407,True,NOT_CHECKED,0.20740567
mocs1,tfap2e,0.20688309,0.16312665,True,NOT_CHECKED,0.20688309
fgfr3,zic2b,0.20649086,0.23015058,True,NOT_CHECKED,0.20649086
rgs2,tfap2e,0.20627992,0.18152721,True,NOT_CHECKED,0.20627992
six1b,rarga,-0.20577577,-0.24603756,True,NOT_CHECKED,0.20577577
si:ch211-137a8.4,sox10,0.20533866,0.34129682,True,NOT_CHECKED,0.20533866
glb1l,tfap2a,-0.20500582,-0.16776192,True,NOT_CHECKED,0.20500582
atp6v0ca,tead3b,-0.2048839,-0.18563738,True,NOT_CHECKED,0.2048839
efnb2a,her9,0.20434333,0.15306254,True,NOT_CHECKED,0.20434333
gga3a,tfec,0.20358412,0.34594312,True,NOT_CHECKED,0.20358412
zfhx4,hoxb9a,-0.2032783,-0.2660825,True,NOT_CHECKED,0.2032783
egr3,jun,0.20252061,0.24909206,True,NOT_CHECKED,0.20252061
hoxb3a,hoxc9a,0.20217161,0.2646557,True,NOT_CHECKED,0.20217161
foxp4,rxraa,-0.20190662,-0.32767993,True,NOT_CHECKED,0.20190662
jun,rarga,-0.2018911,-0.7317425,True,NOT_CHECKED,0.2018911
gnpda2,tfec,-0.20166762,-0.25538036,True,NOT_CHECKED,0.20166762
ptgdsb.1,hoxb1a,-0.20126829,-0.30573,True,NOT_CHECKED,0.20126829
id1,fosl2,-0.2012067,-0.3016072,True,NOT_CHECKED,0.2012067
epha4b,fli1a,-0.20053107,-0.14145923,True,NOT_CHECKED,0.20053107
atp6v1ab,tfec,-0.20041503,-0.23648468,True,NOT_CHECKED,0.20041503
cpeb4b,bhlhe40,-0.19999298,-0.28124136,True,NOT_CHECKED,0.19999298
phlda3,rxraa,-0.19981879,-0.25173187,True,NOT_CHECKED,0.19981879
sox6,hoxa9a,-0.19877185,-0.82925487,True,NOT_CHECKED,0.19877185
hhip,nr2f2,-0.19864531,-0.267948,True,NOT_CHECKED,0.19864531
cx30.3,rorab,-0.1978205,-0.20542657,True,NOT_CHECKED,0.1978205
rras2,tead1b,0.19734034,0.26691216,True,NOT_CHECKED,0.19734034
kirrel3l,hnf1ba,-0.1969298,-0.318174,True,NOT_CHECKED,0.1969298
anln,fli1a,0.19672325,0.1804998,True,NOT_CHECKED,0.19672325
eya1,sox6,0.19661401,0.13226457,True,NOT_CHECKED,0.19661401
rasd1,mitfa,0.19661081,0.26775518,True,NOT_CHECKED,0.19661081
mdka,tfap2c,0.19650875,0.29850912,True,NOT_CHECKED,0.19650875
sox6,tfec,0.19642301,0.8194557,True,NOT_CHECKED,0.19642301
emc2,tfap2a,-0.19636403,-0.40457365,True,NOT_CHECKED,0.19636403
hexb,elf1,-0.1961539,-0.2304558,True,NOT_CHECKED,0.1961539
mdh1aa,bhlhe40,0.19609775,0.2037554,True,NOT_CHECKED,0.19609775
arvcfb,nr2f2,0.1960821,0.27152032,True,NOT_CHECKED,0.1960821
fscn1a,fli1a,0.1958054,0.41544712,True,NOT_CHECKED,0.1958054
sox6,tfap2e,0.1957977,0.81684697,True,NOT_CHECKED,0.1957977
tspan10,bhlhe40,0.19552787,0.3424044,True,NOT_CHECKED,0.19552787
hoxb3a,hnf1bb,-0.19509605,-0.25539336,True,NOT_CHECKED,0.19509605
zcchc24,ebf3a,0.19505495,0.2653574,True,NOT_CHECKED,0.19505495
gli2a,otx2b,-0.19480781,-0.3091891,True,NOT_CHECKED,0.19480781
plekhg4,zic2a,-0.19465545,-0.30100098,True,NOT_CHECKED,0.19465545
bhlhe40,tfap2b,0.19313091,0.19573222,True,NOT_CHECKED,0.19313091
gdf6a,hnf1ba,0.19312574,0.15164633,True,NOT_CHECKED,0.19312574
dlgap5,jun,0.19272564,0.27995214,True,NOT_CHECKED,0.19272564
oc90,sox9b,-0.19228284,-0.12722655,True,NOT_CHECKED,0.19228284
fstl1a,rarga,0.19224147,0.13554622,True,NOT_CHECKED,0.19224147
dusp5,twist1b,-0.19215037,-0.1202852,True,NOT_CHECKED,0.19215037
mitfa,tfeb,-0.19207974,-0.49244928,True,NOT_CHECKED,0.19207974
itga1,bhlhe40,0.19197991,0.1447883,True,NOT_CHECKED,0.19197991
fmn2a,bhlhe40,-0.1918128,-0.21322484,True,NOT_CHECKED,0.1918128
ENSDARG00000070174,fli1a,0.19102728,0.23039772,True,NOT_CHECKED,0.19102728
alcama,tfap2a,-0.19099507,-0.38424188,True,NOT_CHECKED,0.19099507
thsd7aa,zeb1b,-0.19039942,-0.20502642,True,NOT_CHECKED,0.19039942
sox6,tfeb,0.19033524,0.79405826,True,NOT_CHECKED,0.19033524
adam10a,tfap2e,0.19009456,0.12815884,True,NOT_CHECKED,0.19009456
slmapb,nr2f5,-0.19007935,-0.2521337,True,NOT_CHECKED,0.19007935
hoxb9a,hoxa11b,0.18982388,0.3165487,True,NOT_CHECKED,0.18982388
col4a6,mitfa,0.18972015,0.14749084,True,NOT_CHECKED,0.18972015
hoxb9a,hoxd11a,-0.18960431,-0.31618255,True,NOT_CHECKED,0.18960431
ebf1b,hnf1ba,-0.18938483,-0.21727298,True,NOT_CHECKED,0.18938483
pcdh2g28,sox10,-0.18829165,-0.5555917,True,NOT_CHECKED,0.18829165
si:dkey-1h24.2,hoxa4a,0.18811049,0.24667236,True,NOT_CHECKED,0.18811049
hivep1,elk3,0.18785262,0.17070904,True,NOT_CHECKED,0.18785262
alx4a,fli1a,-0.1876287,-0.20266183,True,NOT_CHECKED,0.1876287
hoxa9b,hoxa9a,-0.18762462,-0.29863554,True,NOT_CHECKED,0.18762462
pcdh2g28,etv5b,0.18705946,0.5519559,True,NOT_CHECKED,0.18705946
ankmy1,rxraa,0.18555571,0.099214345,True,NOT_CHECKED,0.18555571
sox9b,tfap2a,-0.18435638,-0.27966103,True,NOT_CHECKED,0.18435638
celf2,bhlhe40,-0.18422171,-0.18953432,True,NOT_CHECKED,0.18422171
tfap2a,sox6,0.18402846,0.9230568,True,NOT_CHECKED,0.18402846
pcdh9,tfec,0.18402547,0.12910673,True,NOT_CHECKED,0.18402547
zbtb16a,tfec,-0.18392356,-0.4874015,True,NOT_CHECKED,0.18392356
hps4,sox10,0.18386544,0.2619295,True,NOT_CHECKED,0.18386544
atg4da,tfec,-0.18325321,-0.26236326,True,NOT_CHECKED,0.18325321
hspb8,tfap2b,0.18222435,0.14285341,True,NOT_CHECKED,0.18222435
tcf12,fli1a,0.18164667,0.222786,True,NOT_CHECKED,0.18164667
pdcd4b,nr2f5,0.18128325,0.33965647,True,NOT_CHECKED,0.18128325
zgc:92242,tfap2a,-0.18101776,-0.4029852,True,NOT_CHECKED,0.18101776
tes,tfap2a,0.18092819,0.23274173,True,NOT_CHECKED,0.18092819
id2a,tfeb,0.18084502,0.19753079,True,NOT_CHECKED,0.18084502
rxraa,mitfa,0.18028446,0.47940636,True,NOT_CHECKED,0.18028446
sox10,mitfa,0.18023027,1.0090489,True,NOT_CHECKED,0.18023027
hmgn7,msx3,0.17929107,0.43066353,True,NOT_CHECKED,0.17929107
hoxc6b,hoxc9a,0.17889187,0.23421547,True,NOT_CHECKED,0.17889187
ednraa,fli1a,-0.17876512,-0.12616764,True,NOT_CHECKED,0.17876512
tdrkh,sox10,-0.17852163,-0.28710732,True,NOT_CHECKED,0.17852163
mdh1aa,mitfa,0.1782547,0.18521556,True,NOT_CHECKED,0.1782547
CABZ01061591.1,snai1a,-0.1782139,-0.102144204,True,NOT_CHECKED,0.1782139
rrm2,jun,0.1782081,0.33130503,True,NOT_CHECKED,0.1782081
pcdh2g28,jdp2b,-0.17797981,-0.5251646,True,NOT_CHECKED,0.17797981
hspa5,fli1a,-0.17483966,-0.33155105,True,NOT_CHECKED,0.17483966
phc2a,hoxa9a,-0.1741495,-0.24640222,True,NOT_CHECKED,0.1741495
hpcal4,hnf1ba,-0.17381252,-0.1773327,True,NOT_CHECKED,0.17381252
nid2a,ebf3a,-0.17368151,-0.14419326,True,NOT_CHECKED,0.17368151
zgc:92242,sox10,0.17300893,0.3851558,True,NOT_CHECKED,0.17300893
mthfd1l,alx4a,0.17240298,0.2445938,True,NOT_CHECKED,0.17240298
sept12,elf1,0.17216685,0.34666246,True,NOT_CHECKED,0.17216685
zic2b,zic2a,0.17190768,0.32962248,True,NOT_CHECKED,0.17190768
slc31a2,tfec,0.17180307,0.2588609,True,NOT_CHECKED,0.17180307
pdlim4,tead3b,-0.171795,-0.051873144,True,NOT_CHECKED,0.171795
hoxb3a,egr2b,0.17176583,0.22485258,True,NOT_CHECKED,0.17176583
nedd4a,tfap2b,-0.17163765,-0.13741232,True,NOT_CHECKED,0.17163765
hpcal4,bach2b,0.1715015,0.17497487,True,NOT_CHECKED,0.1715015
ptpn4a,hoxb9a,-0.17140189,-0.28414857,True,NOT_CHECKED,0.17140189
slc15a2,tfap2e,0.17118728,0.110836424,True,NOT_CHECKED,0.17118728
pmp22a,nr2f5,0.17115952,0.17455597,True,NOT_CHECKED,0.17115952
pi4k2a,tfec,0.17092475,0.17898859,True,NOT_CHECKED,0.17092475
tpm4a,rxraa,0.17085561,0.09055147,True,NOT_CHECKED,0.17085561
cdx4,hoxc9a,-0.17083366,-0.17883077,True,NOT_CHECKED,0.17083366
plxnb1a,nr4a3,-0.17018202,-0.15317363,True,NOT_CHECKED,0.17018202
galns,rorab,-0.16980268,-0.16914698,True,NOT_CHECKED,0.16980268
hspa5,elk3,0.16973945,0.32187945,True,NOT_CHECKED,0.16973945
mocs1,tfec,0.169711,0.13381657,True,NOT_CHECKED,0.169711
kirrel3l,zic2b,-0.16934659,-0.27360857,True,NOT_CHECKED,0.16934659
arpp21,mitfa,0.16933888,0.13017794,True,NOT_CHECKED,0.16933888
epha4a,zic2a,0.16893668,0.15722981,True,NOT_CHECKED,0.16893668
epcam,sox9b,0.16887003,0.17332076,True,NOT_CHECKED,0.16887003
adgrl1a,tfap2a,-0.16879287,-0.18768348,True,NOT_CHECKED,0.16879287
smad3a,hoxb9a,0.1682207,0.19047916,True,NOT_CHECKED,0.1682207
sept12,sox10,-0.16819659,-0.33866823,True,NOT_CHECKED,0.16819659
hoxa9a,hoxd12a,-0.16764799,-0.24371754,True,NOT_CHECKED,0.16764799
ppiab,bach2b,-0.16676562,-0.19702335,True,NOT_CHECKED,0.16676562
hoxa9b,hoxb9a,0.16658682,0.26515043,True,NOT_CHECKED,0.16658682
epas1a,mitfa,0.16589937,0.12055446,True,NOT_CHECKED,0.16589937
epha4a,junba,-0.16576858,-0.15428124,True,NOT_CHECKED,0.16576858
id1,nr2f5,0.16570298,0.24838741,True,NOT_CHECKED,0.16570298
sox6,tfap2a,0.16567458,0.69117653,True,NOT_CHECKED,0.16567458
id2a,bhlhe40,-0.16557705,-0.1808541,True,NOT_CHECKED,0.16557705
fabp3,zic2b,0.165251,0.3140865,True,NOT_CHECKED,0.165251
hnrnpa1b,zeb1b,0.1650246,0.3326687,True,NOT_CHECKED,0.1650246
thsd7aa,sox6,-0.164597,-0.1772418,True,NOT_CHECKED,0.164597
foxp1a,tead3b,0.1645413,0.1586615,True,NOT_CHECKED,0.1645413
marcksl1b,nr4a2b,0.16453098,0.49846423,True,NOT_CHECKED,0.16453098
kcnab1a,tfap2a,0.16450281,0.18876883,True,NOT_CHECKED,0.16450281
itga5,zeb1b,0.16373023,0.24433297,True,NOT_CHECKED,0.16373023
celf2,tfap2b,0.1627302,0.16742302,True,NOT_CHECKED,0.1627302
dipk1ab,mitfa,0.16257903,0.26195362,True,NOT_CHECKED,0.16257903
marcksl1b,rxraa,0.16225764,0.4915769,True,NOT_CHECKED,0.16225764
fmnl3,tead1b,-0.16192324,-0.18615647,True,NOT_CHECKED,0.16192324
egr3,nr2f2,-0.160207,-0.19704807,True,NOT_CHECKED,0.160207
hsp70.1,nr2f5,0.16017307,0.24874096,True,NOT_CHECKED,0.16017307
magixa,hoxb1a,0.1599444,0.18485919,True,NOT_CHECKED,0.1599444
hoxc3a,hnf1ba,0.15943745,0.22379075,True,NOT_CHECKED,0.15943745
rhbdf1a,tfeb,0.1590559,0.16461486,True,NOT_CHECKED,0.1590559
jmjd1cb,otx2b,-0.15885137,-0.24349289,True,NOT_CHECKED,0.15885137
iqsec1b,elk3,-0.15815133,-0.147917,True,NOT_CHECKED,0.15815133
zbtb16a,mitfa,0.15785702,0.41832456,True,NOT_CHECKED,0.15785702
il17rd,fli1a,-0.15725513,-0.13075288,True,NOT_CHECKED,0.15725513
alx4a,tead3b,0.15685125,0.16941842,True,NOT_CHECKED,0.15685125
marcksl1b,zic4,0.1563495,0.47367755,True,NOT_CHECKED,0.1563495
foxp4,tfap2a,-0.15625066,-0.25358358,True,NOT_CHECKED,0.15625066
zeb1b,tfap2a,-0.1561639,-0.4139941,True,NOT_CHECKED,0.1561639
pdgfra,bach2b,0.15429059,0.28336054,True,NOT_CHECKED,0.15429059
tuba1c,msx1b,0.15378565,0.22897859,True,NOT_CHECKED,0.15378565
cxxc5b,tfap2e,0.15323791,0.17846297,True,NOT_CHECKED,0.15323791
msna,sox6,0.1520312,0.19948724,True,NOT_CHECKED,0.1520312
kirrel3l,msx3,0.15179992,0.24525891,True,NOT_CHECKED,0.15179992
plekhn1,fli1a,-0.15170938,-0.16435885,True,NOT_CHECKED,0.15170938
nrp2b,msx1b,0.15144353,0.21221045,True,NOT_CHECKED,0.15144353
erbb3b,tfec,0.15119772,0.13863797,True,NOT_CHECKED,0.15119772
rnd3a,tfap2b,0.15108025,0.21287991,True,NOT_CHECKED,0.15108025
plp2,tfap2b,0.15082915,0.14184974,True,NOT_CHECKED,0.15082915
alcama,sox6,0.15078926,0.30335626,True,NOT_CHECKED,0.15078926
hoxc3a,tfap2b,-0.15058348,-0.21136306,True,NOT_CHECKED,0.15058348
pcdh2g28,elk3,0.15005295,0.44276085,True,NOT_CHECKED,0.15005295
hoxb9a,hoxd12a,0.14988177,0.24994157,True,NOT_CHECKED,0.14988177
slit3,nr2f6b,0.14955077,0.08175044,True,NOT_CHECKED,0.14955077
apc,elf1,0.14954814,0.11795324,True,NOT_CHECKED,0.14954814
si:ch211-199g17.2,hoxa11b,-0.14949015,-0.17565297,True,NOT_CHECKED,0.14949015
hoxc3a,hoxa9b,0.14944007,0.20975815,True,NOT_CHECKED,0.14944007
yjefn3,tfap2e,0.14923713,0.23949908,True,NOT_CHECKED,0.14923713
sept12,elk3,-0.14908765,-0.30019188,True,NOT_CHECKED,0.14908765
vasna,tead1b,0.14831185,0.13027568,True,NOT_CHECKED,0.14831185
slc15a2,tfap2c,0.14826266,0.09599372,True,NOT_CHECKED,0.14826266
cnn3a,tfap2a,-0.14821412,-0.14098215,True,NOT_CHECKED,0.14821412
dlx2a,ebf3a,0.14804266,0.13747379,True,NOT_CHECKED,0.14804266
epha4l,ebf3a,-0.14730015,-0.22517549,True,NOT_CHECKED,0.14730015
tmem108,nr4a3,0.14663209,0.13776773,True,NOT_CHECKED,0.14663209
bach2b,nr4a2b,-0.14623564,-0.6415185,True,NOT_CHECKED,0.14623564
kif26ab,hoxc9a,0.14599465,0.10602578,True,NOT_CHECKED,0.14599465
si:ch211-152c2.3,her9,-0.14584225,-0.14665595,True,NOT_CHECKED,0.14584225
tle3b,fosl2,-0.14580221,-0.26932,True,NOT_CHECKED,0.14580221
vash2,fosl2,-0.14484927,-0.1644224,True,NOT_CHECKED,0.14484927
ppat,bhlhe40,0.14473477,0.17295618,True,NOT_CHECKED,0.14473477
apoeb,hoxb1a,0.14411981,0.22597551,True,NOT_CHECKED,0.14411981
yap1,fli1a,0.14407337,0.06257497,True,NOT_CHECKED,0.14407337
serinc5,ebf3a,-0.14378472,-0.095800005,True,NOT_CHECKED,0.14378472
arvcfb,nr4a2b,-0.142875,-0.19784297,True,NOT_CHECKED,0.142875
tshz3b,hoxb8a,-0.14269361,-0.19596694,True,NOT_CHECKED,0.14269361
ephb3a,ebf3a,-0.14224435,-0.12152551,True,NOT_CHECKED,0.14224435
arpp21,tfap2b,-0.14212713,-0.10925911,True,NOT_CHECKED,0.14212713
dclk2a,mitfa,0.1420668,0.17476681,True,NOT_CHECKED,0.1420668
pdgfra,tfap2a,-0.14138135,-0.25965226,True,NOT_CHECKED,0.14138135
sema6e,mitfa,-0.14051864,-0.15202539,True,NOT_CHECKED,0.14051864
smad3a,hoxc9a,0.1403064,0.15887132,True,NOT_CHECKED,0.1403064
elk3,fli1a,0.14009193,0.2257786,True,NOT_CHECKED,0.14009193
rgl1,pknox2,0.13962182,0.12433354,True,NOT_CHECKED,0.13962182
tpm4a,jdp2b,-0.13958631,-0.07397912,True,NOT_CHECKED,0.13958631
rab7b,tfec,-0.13946947,-0.092389375,True,NOT_CHECKED,0.13946947
vcana,hoxa9a,-0.1387937,-0.18273394,True,NOT_CHECKED,0.1387937
actb2,tfap2c,0.13835849,0.23213527,True,NOT_CHECKED,0.13835849
fgfr3,nr2f5,-0.13829534,-0.15414123,True,NOT_CHECKED,0.13829534
grem2b,rxraa,0.13818963,0.08555383,True,NOT_CHECKED,0.13818963
tuba8l4,e2f7,-0.13816021,-0.0967909,True,NOT_CHECKED,0.13816021
lig1,ebf3a,-0.13793088,-0.27071664,True,NOT_CHECKED,0.13793088
cax1,mitfa,-0.13763742,-0.17454262,True,NOT_CHECKED,0.13763742
gadd45bb,jun,0.13741241,0.07126561,True,NOT_CHECKED,0.13741241
f11r.1,otx2b,0.13739572,0.11169767,True,NOT_CHECKED,0.13739572
ddit3,tfec,-0.13735236,-0.25565478,True,NOT_CHECKED,0.13735236
myo1b,pbx1a,0.13717248,0.23098117,True,NOT_CHECKED,0.13717248
sema4ba,elf1,0.13690054,0.091278896,True,NOT_CHECKED,0.13690054
ephb3a,sox6,-0.13678358,-0.11686015,True,NOT_CHECKED,0.13678358
ptpn4a,zeb1b,0.13611683,0.2256533,True,NOT_CHECKED,0.13611683
pleca,hoxa2b,0.13594468,0.25107986,True,NOT_CHECKED,0.13594468
ssr2,rxraa,0.1358709,0.11113754,True,NOT_CHECKED,0.1358709
ctsd,fli1a,0.13577463,0.16526754,True,NOT_CHECKED,0.13577463
ENSDARG00000024966,tfap2b,0.13542965,0.23981121,True,NOT_CHECKED,0.13542965
hoxd10a,hoxb9a,0.13535741,0.14601597,True,NOT_CHECKED,0.13535741
pik3cb,bhlhe40,-0.13532506,-0.12644677,True,NOT_CHECKED,0.13532506
lratd1,sox10,0.13513249,0.20828022,True,NOT_CHECKED,0.13513249
lin28a,tfec,-0.13499032,-0.25659233,True,NOT_CHECKED,0.13499032
lin28a,bach2b,-0.13438997,-0.25545117,True,NOT_CHECKED,0.13438997
arvcfb,tead3b,-0.1338474,-0.1853422,True,NOT_CHECKED,0.1338474
sox10,her9,-0.13384081,-0.74932986,True,NOT_CHECKED,0.13384081
rxraa,bach2b,-0.13370682,-0.35554868,True,NOT_CHECKED,0.13370682
arhgef28a,hoxa11b,-0.13264643,-0.12907663,True,NOT_CHECKED,0.13264643
adam10a,bhlhe40,0.13258024,0.08938356,True,NOT_CHECKED,0.13258024
serinc5,zic2b,0.13247705,0.088266,True,NOT_CHECKED,0.13247705
agtrap,bhlhe40,0.13193858,0.12443157,True,NOT_CHECKED,0.13193858
tpm4a,hoxc3a,0.1318333,0.069870114,True,NOT_CHECKED,0.1318333
stard9,elk3,0.13172022,0.26133403,True,NOT_CHECKED,0.13172022
mbnl2,tfap2e,-0.13110979,-0.11959339,True,NOT_CHECKED,0.13110979
si:ch73-364h19.1,bach2b,-0.13104466,-0.205515,True,NOT_CHECKED,0.13104466
qdpra,tfec,0.12997845,0.10885201,True,NOT_CHECKED,0.12997845
sema6dl,fosl2,0.12995397,0.120025724,True,NOT_CHECKED,0.12995397
pcdh10b,ebf3a,-0.12960505,-0.1568067,True,NOT_CHECKED,0.12960505
slc15a2,klf15,-0.12937535,-0.08376499,True,NOT_CHECKED,0.12937535
zgc:153039,tfec,-0.12907572,-0.22895743,True,NOT_CHECKED,0.12907572
alx4a,rarga,0.12901242,0.13934912,True,NOT_CHECKED,0.12901242
itga5,ebf1b,0.12862462,0.19194521,True,NOT_CHECKED,0.12862462
notch2,fli1a,-0.12852645,-0.09000231,True,NOT_CHECKED,0.12852645
col11a1b,tead1b,0.12837797,0.08509347,True,NOT_CHECKED,0.12837797
zic2b,tfap2a,0.12832427,0.24605393,True,NOT_CHECKED,0.12832427
cdkn1ca,jun,0.12817916,0.13977583,True,NOT_CHECKED,0.12817916
foxp4,msx1b,-0.12777665,-0.20737231,True,NOT_CHECKED,0.12777665
pcdh2g28,rxraa,-0.12752937,-0.3763006,True,NOT_CHECKED,0.12752937
hoxa9a,hoxc9a,0.12743583,0.1852593,True,NOT_CHECKED,0.12743583
pcdh2g28,tfec,0.1273525,0.3757787,True,NOT_CHECKED,0.1273525
mycn,nr2f5,0.1269684,0.18328439,True,NOT_CHECKED,0.1269684
aopep,hoxa9a,-0.12694116,-0.21749106,True,NOT_CHECKED,0.12694116
zgc:174888,bach2b,0.126592,0.18002562,True,NOT_CHECKED,0.126592
dusp6,rarga,-0.1265524,-0.17469157,True,NOT_CHECKED,0.1265524
cdx4,hoxa9b,0.12622038,0.13212904,True,NOT_CHECKED,0.12622038
mych,jun,0.12616341,0.28501368,True,NOT_CHECKED,0.12616341
btg1,tfap2a,0.12601279,0.22049823,True,NOT_CHECKED,0.12601279
eya1,rarga,0.12592767,0.08471304,True,NOT_CHECKED,0.12592767
qdpra,bhlhe40,0.12576379,0.1053224,True,NOT_CHECKED,0.12576379
ptgdsb.1,tfap2a,-0.1254344,-0.19053702,True,NOT_CHECKED,0.1254344
si:dkey-1h24.2,hnf1bb,0.12515366,0.16411604,True,NOT_CHECKED,0.12515366
cnn3a,jun,0.124881566,0.118788086,True,NOT_CHECKED,0.124881566
scinlb,tfap2c,-0.124856494,-0.22326341,True,NOT_CHECKED,0.124856494
zfhx4,zeb1b,0.12458442,0.16307561,True,NOT_CHECKED,0.12458442
hspb8,elf1,-0.124479204,-0.09758454,True,NOT_CHECKED,0.124479204
pgk1,bhlhe41,-0.1242972,-0.20484644,True,NOT_CHECKED,0.1242972
vav2,elk3,0.124269105,0.19914311,True,NOT_CHECKED,0.124269105
colec12,alx4a,-0.12425667,-0.09174719,True,NOT_CHECKED,0.12425667
cthrc1a,fli1a,-0.1242047,-0.04623518,True,NOT_CHECKED,0.1242047
slc39a1,tfap2e,-0.12416654,-0.11082737,True,NOT_CHECKED,0.12416654
col7a1l,msx3,0.12265408,0.09978955,True,NOT_CHECKED,0.12265408
arvcfb,rarga,-0.12251057,-0.16964377,True,NOT_CHECKED,0.12251057
cacna1ia,hoxb9a,0.12141692,0.11139055,True,NOT_CHECKED,0.12141692
col4a6,nfe2,0.12055104,0.093717895,True,NOT_CHECKED,0.12055104
egr4,nr2f2,-0.12040304,-0.10365038,True,NOT_CHECKED,0.12040304
fgfr3,otx2b,0.12014615,0.1339125,True,NOT_CHECKED,0.12014615
tnc,alx4b,-0.11993227,-0.07870803,True,NOT_CHECKED,0.11993227
fmnl3,sox6,0.119916946,0.13786356,True,NOT_CHECKED,0.119916946
fmnl3,erfl3,-0.11932216,-0.13717976,True,NOT_CHECKED,0.11932216
zgc:174888,fli1a,0.119189635,0.16949877,True,NOT_CHECKED,0.119189635
rgl1,tfap2a,-0.11829764,-0.1053443,True,NOT_CHECKED,0.11829764
cdh7a,alx4a,-0.11814411,-0.09178898,True,NOT_CHECKED,0.11814411
metrn,tead3b,0.117374286,0.09755611,True,NOT_CHECKED,0.117374286
marcksl1b,bach2b,-0.11735609,-0.35554287,True,NOT_CHECKED,0.11735609
pgk1,tfeb,0.11733122,0.19336624,True,NOT_CHECKED,0.11733122
elf1,sox10,-0.11709298,-0.20428962,True,NOT_CHECKED,0.11709298
zgc:174888,rxraa,0.11679286,0.16609034,True,NOT_CHECKED,0.11679286
zfhx4,tfap2a,0.11661478,0.1526437,True,NOT_CHECKED,0.11661478
pik3cb,rxraa,0.11570249,0.108111575,True,NOT_CHECKED,0.11570249
greb1l,zeb1b,0.115515254,0.13043611,True,NOT_CHECKED,0.115515254
gphna,tfap2e,0.115217865,0.08681795,True,NOT_CHECKED,0.115217865
pcdh2g28,bach2b,-0.11478211,-0.33868727,True,NOT_CHECKED,0.11478211
cgnl1,ebf1b,-0.1146523,-0.07099123,True,NOT_CHECKED,0.1146523
actb2,fosab,0.113542855,0.19050008,True,NOT_CHECKED,0.113542855
thbs1b,tead3b,-0.11341825,-0.070071295,True,NOT_CHECKED,0.11341825
col11a1b,alx4a,0.11313932,0.074992746,True,NOT_CHECKED,0.11313932
khdrbs1a,nr2f5,0.112888195,0.26128274,True,NOT_CHECKED,0.112888195
sox6,bach2b,0.112750866,0.4703845,True,NOT_CHECKED,0.112750866
tle2a,ebf1b,-0.11230267,-0.10619682,True,NOT_CHECKED,0.11230267
gpr143,tfec,0.11170809,0.12248402,True,NOT_CHECKED,0.11170809
trim71,mitfa,-0.111093156,-0.20961626,True,NOT_CHECKED,0.111093156
dag1,msx1b,0.1109818,0.15259176,True,NOT_CHECKED,0.1109818
rxraa,tead3b,-0.11026765,-0.29322,True,NOT_CHECKED,0.11026765
cnksr2b,rorab,0.11026574,0.1659839,True,NOT_CHECKED,0.11026574
tfap2e,nfe2l2a,0.10995047,0.10428748,True,NOT_CHECKED,0.10995047
klf6a,nr4a2b,0.10983943,0.12773073,True,NOT_CHECKED,0.10983943
her9,sox9b,0.1096658,0.19580045,True,NOT_CHECKED,0.1096658
hoxa10b,hoxb9a,0.10899249,0.12021202,True,NOT_CHECKED,0.10899249
caska,ebf3a,-0.108566,-0.09998814,True,NOT_CHECKED,0.108566
ednrab,tead1b,0.10851195,0.18368168,True,NOT_CHECKED,0.10851195
hmgn2,mitfa,-0.10815162,-0.25268498,True,NOT_CHECKED,0.10815162
slc12a9,elf1,0.10744502,0.16871871,True,NOT_CHECKED,0.10744502
sox13,nr2f5,-0.10701992,-0.15013494,True,NOT_CHECKED,0.10701992
snx3,mitfa,0.10666851,0.12340533,True,NOT_CHECKED,0.10666851
apc,mitfa,0.106614724,0.08409032,True,NOT_CHECKED,0.106614724
pttg1ipb,elf1,0.10642234,0.054575197,True,NOT_CHECKED,0.10642234
sgpl1,tfap2a,-0.106229916,-0.11413288,True,NOT_CHECKED,0.106229916
six1b,fli1a,-0.10619874,-0.12697743,True,NOT_CHECKED,0.10619874
zgc:158423,mitfa,0.105976544,0.113146365,True,NOT_CHECKED,0.105976544
pik3cb,tfeb,-0.105785124,-0.09884486,True,NOT_CHECKED,0.105785124
si:dkey-261h17.1,hic1,0.10572338,0.0718409,True,NOT_CHECKED,0.10572338
atp6v1g1,mitfa,0.10553202,0.08315634,True,NOT_CHECKED,0.10553202
ccn2a,zeb1b,0.10507897,0.036198422,True,NOT_CHECKED,0.10507897
sorbs1,bach2b,0.104974605,0.11564595,True,NOT_CHECKED,0.104974605
tnc,fli1a,-0.10484499,-0.068806686,True,NOT_CHECKED,0.10484499
gfra1a,mitfa,-0.104214564,-0.11003214,True,NOT_CHECKED,0.104214564
atp6v0b,tfec,0.10420513,0.14646606,True,NOT_CHECKED,0.10420513
cenpe,sox10,0.104092,0.12160627,True,NOT_CHECKED,0.104092
mmp2,jdp2b,0.10344301,0.0776266,True,NOT_CHECKED,0.10344301
mef2ca,elk3,0.10341775,0.11951209,True,NOT_CHECKED,0.10341775
itga8,fli1a,0.102040835,0.064722665,True,NOT_CHECKED,0.102040835
pdgfra,msx1b,-0.10086427,-0.18524109,True,NOT_CHECKED,0.10086427
ccn2a,zic4,0.10065493,0.034674395,True,NOT_CHECKED,0.10065493
snx2,tfec,0.10055829,0.11874392,True,NOT_CHECKED,0.10055829
celf2,sox10,0.10014478,0.10303277,True,NOT_CHECKED,0.10014478
her9,nfe2,0.099799834,0.17818546,True,NOT_CHECKED,0.099799834
pmp22a,fli1a,0.0997839,0.10176399,True,NOT_CHECKED,0.0997839
gria1a,hoxa2b,0.09916102,0.10104258,True,NOT_CHECKED,0.09916102
atp6v0e1,tfec,0.09822795,0.03647308,True,NOT_CHECKED,0.09822795
zgc:110626,zic2b,0.0981917,0.16443883,True,NOT_CHECKED,0.0981917
hsp70.3,tfap2a,-0.098006666,-0.18657038,True,NOT_CHECKED,0.098006666
lrmda,mitfa,-0.097833596,-0.044063978,True,NOT_CHECKED,0.097833596
pcdh9,fosab,-0.097341865,-0.068292126,True,NOT_CHECKED,0.097341865
tubb2b,snai1a,-0.09635278,-0.1643595,True,NOT_CHECKED,0.09635278
marcksl1b,sox10,0.096332096,0.2918484,True,NOT_CHECKED,0.096332096
tubb4b,sox6,-0.09621911,-0.16031723,True,NOT_CHECKED,0.09621911
si:dkey-261h17.1,elk3,0.09619691,0.0653675,True,NOT_CHECKED,0.09619691
emc2,elf1,0.09572558,0.19722576,True,NOT_CHECKED,0.09572558
snai1b,ebf1b,-0.09564566,-0.10181951,True,NOT_CHECKED,0.09564566
myo1b,rxraa,-0.0953925,-0.16062894,True,NOT_CHECKED,0.0953925
actb1,ebf3a,-0.095039636,-0.20306918,True,NOT_CHECKED,0.095039636
sgms1,ebf3a,-0.09502401,-0.090259306,True,NOT_CHECKED,0.09502401
irx7,sox9b,0.09481296,0.10668687,True,NOT_CHECKED,0.09481296
pdgfra,fli1a,0.094592206,0.17372221,True,NOT_CHECKED,0.094592206
gpm6bb,sox10,0.09452854,0.06312994,True,NOT_CHECKED,0.09452854
fmnl3,zeb1b,0.09436766,0.10849061,True,NOT_CHECKED,0.09436766
cdh7a,zeb1b,0.094271444,0.07324173,True,NOT_CHECKED,0.094271444
actb2,hoxc3a,0.09422826,0.1580944,True,NOT_CHECKED,0.09422826
nusap1,hnf1ba,-0.093934946,-0.121840894,True,NOT_CHECKED,0.093934946
hmgn2,jdp2b,0.093733154,0.21899773,True,NOT_CHECKED,0.093733154
tpm4a,elk3,-0.093631774,-0.049623746,True,NOT_CHECKED,0.093631774
ripor1,hoxa4a,-0.09359448,-0.13713628,True,NOT_CHECKED,0.09359448
gdf6a,zic2a,-0.093150124,-0.07314341,True,NOT_CHECKED,0.093150124
ccny,mitfa,0.09313772,0.06771204,True,NOT_CHECKED,0.09313772
apoeb,nr2f5,0.092981145,0.14579163,True,NOT_CHECKED,0.092981145
tiparp,rarga,0.09271097,0.15153891,True,NOT_CHECKED,0.09271097
klf6a,fosl2,-0.09244374,-0.10750153,True,NOT_CHECKED,0.09244374
emp2,tead3b,-0.09228181,-0.05220888,True,NOT_CHECKED,0.09228181
grem2b,fli1a,0.09201043,0.056964077,True,NOT_CHECKED,0.09201043
ripor1,sox6,0.09167446,0.13432305,True,NOT_CHECKED,0.09167446
ivns1abpa,klf15,0.09158802,0.09595799,True,NOT_CHECKED,0.09158802
zgc:152830,tfap2e,-0.09131815,-0.15011899,True,NOT_CHECKED,0.09131815
actb2,sox19a,-0.09129073,-0.15316588,True,NOT_CHECKED,0.09129073
ppiab,jdp2b,0.090886906,0.107377306,True,NOT_CHECKED,0.090886906
pdlim1,bhlhe40,-0.09081018,-0.10805328,True,NOT_CHECKED,0.09081018
plxna4,nr2f2,-0.08939292,-0.104724824,True,NOT_CHECKED,0.08939292
sema4ba,sox10,-0.08832955,-0.05889402,True,NOT_CHECKED,0.08832955
si:dkey-172h23.2,tfeb,-0.08823157,-0.068260804,True,NOT_CHECKED,0.08823157
mllt3,hoxc11b,0.08801755,0.1384775,True,NOT_CHECKED,0.08801755
hoxa10b,hoxa9a,-0.08799568,-0.09705383,True,NOT_CHECKED,0.08799568
tcf12,tfec,0.087509,0.10732803,True,NOT_CHECKED,0.087509
cdh7a,msx1b,-0.08718359,-0.06773501,True,NOT_CHECKED,0.08718359
cryl1,bhlhe40,-0.087173216,-0.09116868,True,NOT_CHECKED,0.087173216
rc3h2,bhlhe40,0.08712004,0.10117978,True,NOT_CHECKED,0.08712004
jdp2b,nr2f2,-0.086933665,-0.16461186,True,NOT_CHECKED,0.086933665
pnp4a,rorab,0.086886816,0.084204294,True,NOT_CHECKED,0.086886816
eva1ba,elk3,-0.08603785,-0.09681926,True,NOT_CHECKED,0.08603785
id1,zic2b,-0.08578588,-0.12859233,True,NOT_CHECKED,0.08578588
hoxb1b,hoxa11b,-0.08565511,-0.082038574,True,NOT_CHECKED,0.08565511
fgfr1b,tead3b,-0.08541684,-0.11207802,True,NOT_CHECKED,0.08541684
atp6v1c1b,bhlhe41,-0.08538446,-0.10026486,True,NOT_CHECKED,0.08538446
lfng,zeb1b,-0.085244924,-0.083876036,True,NOT_CHECKED,0.085244924
wnt4,twist1b,-0.08401997,-0.05360364,True,NOT_CHECKED,0.08401997
atic,bhlhe40,-0.083899684,-0.11211977,True,NOT_CHECKED,0.083899684
cdh7a,nr2f5,0.08366375,0.06500036,True,NOT_CHECKED,0.08366375
rrbp1b,tead1b,-0.082924254,-0.06617726,True,NOT_CHECKED,0.082924254
itga8,rxraa,-0.08241905,-0.052276924,True,NOT_CHECKED,0.08241905
il17rd,hoxb9a,-0.082311966,-0.0684399,True,NOT_CHECKED,0.082311966
gria1a,sox10,0.0820501,0.08360698,True,NOT_CHECKED,0.0820501
fscn1a,tfap2a,-0.08162632,-0.1731894,True,NOT_CHECKED,0.08162632
emc2,otx2b,-0.08122889,-0.16735789,True,NOT_CHECKED,0.08122889
hoxa2b,hnf1bb,0.081028044,0.09556434,True,NOT_CHECKED,0.081028044
bin2b,rarga,0.08064218,0.12650037,True,NOT_CHECKED,0.08064218
vcana,hoxa11b,0.08011454,0.105477735,True,NOT_CHECKED,0.08011454
mbnl2,snai1a,-0.07996967,-0.072945304,True,NOT_CHECKED,0.07996967
id2a,hoxc3a,-0.0798621,-0.08723062,True,NOT_CHECKED,0.0798621
zeb1b,jun,-0.07959813,-0.21101648,True,NOT_CHECKED,0.07959813
dlg1,tfap2b,0.07930449,0.085939854,True,NOT_CHECKED,0.07930449
col11a1b,twist1a,-0.079125,-0.052446853,True,NOT_CHECKED,0.079125
smad3a,hoxa9a,-0.07910353,-0.08957028,True,NOT_CHECKED,0.07910353
sfrp5,rxraa,-0.07908136,-0.08520946,True,NOT_CHECKED,0.07908136
mob3c,bhlhe40,0.07860273,0.07406986,True,NOT_CHECKED,0.07860273
prkd3,tfap2e,0.07849789,0.07385479,True,NOT_CHECKED,0.07849789
myo1b,mitfa,0.07828576,0.13182336,True,NOT_CHECKED,0.07828576
alcama,ebf3a,0.078180216,0.15728216,True,NOT_CHECKED,0.078180216
pepd,rorab,-0.07788705,-0.13500704,True,NOT_CHECKED,0.07788705
her9,tfap2a,0.0777579,0.13883117,True,NOT_CHECKED,0.0777579
six1a,hic1,0.07741427,0.03932449,True,NOT_CHECKED,0.07741427
pi4k2a,tfap2e,-0.07722022,-0.08086329,True,NOT_CHECKED,0.07722022
cited4b,sox10,0.07713346,0.11194912,True,NOT_CHECKED,0.07713346
zic2a,hnf1ba,-0.07694936,-0.07776104,True,NOT_CHECKED,0.07694936
atp6v0a2b,tfeb,-0.07691988,-0.1056438,True,NOT_CHECKED,0.07691988
ivns1abpa,bhlhe40,-0.0768974,-0.08056642,True,NOT_CHECKED,0.0768974
cxcl12b,hoxd12a,-0.0764931,-0.09308224,True,NOT_CHECKED,0.0764931
nfatc1,rxraa,-0.07641586,-0.051417455,True,NOT_CHECKED,0.07641586
marcksl1b,tfap2a,0.07630897,0.23118621,True,NOT_CHECKED,0.07630897
flrt3,ebf3a,-0.07558935,-0.07250833,True,NOT_CHECKED,0.07558935
twist1b,tfap2a,-0.074564956,-0.13726689,True,NOT_CHECKED,0.074564956
tln2a,zeb1b,-0.0745156,-0.15907905,True,NOT_CHECKED,0.0745156
rrbp1b,fli1a,0.074302725,0.05929689,True,NOT_CHECKED,0.074302725
fgfr4,hoxa4a,0.07391623,0.04935616,True,NOT_CHECKED,0.07391623
ccny,elk3,-0.07318318,-0.05320489,True,NOT_CHECKED,0.07318318
hoxb6a,hoxd11a,-0.07314642,-0.072588585,True,NOT_CHECKED,0.07314642
khdrbs1a,zeb1b,-0.07291084,-0.16875409,True,NOT_CHECKED,0.07291084
zgc:110626,snai1a,-0.0722405,-0.12097909,True,NOT_CHECKED,0.0722405
twist1b,nr2f5,-0.07215908,-0.13283789,True,NOT_CHECKED,0.07215908
actb2,zeb1b,-0.07104366,-0.11919572,True,NOT_CHECKED,0.07104366
si:ch211-198m17.1,rarga,0.071025334,0.048697796,True,NOT_CHECKED,0.071025334
fosab,nr2f5,0.06997986,0.19604225,True,NOT_CHECKED,0.06997986
tfap2e,rorab,-0.06970957,-0.06611919,True,NOT_CHECKED,0.06970957
lrmda,tfeb,0.06964142,0.031366304,True,NOT_CHECKED,0.06964142
tubb4b,nr4a2b,-0.06899141,-0.1149513,True,NOT_CHECKED,0.06899141
sema6dl,tead1b,0.068974316,0.06370481,True,NOT_CHECKED,0.068974316
shroom4,nr2f5,0.06895032,0.116198316,True,NOT_CHECKED,0.06895032
fmnl3,jun,0.06888355,0.07919258,True,NOT_CHECKED,0.06888355
epha7,rxraa,0.068077035,0.07843883,True,NOT_CHECKED,0.068077035
arvcfb,sox10,-0.0675103,-0.09348338,True,NOT_CHECKED,0.0675103
zeb1b,nr2f5,-0.06720177,-0.17815344,True,NOT_CHECKED,0.06720177
crhr1,hoxb9a,0.066705175,0.09498894,True,NOT_CHECKED,0.066705175
racgap1,hnf1bb,-0.06652176,-0.122316726,True,NOT_CHECKED,0.06652176
dtnbp1a,tfap2e,-0.0661493,-0.060996365,True,NOT_CHECKED,0.0661493
ralgps2,elk3,0.06611711,0.10021147,True,NOT_CHECKED,0.06611711
CABZ01080568.1,hnf1ba,-0.06606231,-0.13866732,True,NOT_CHECKED,0.06606231
src,elk3,0.06599958,0.053084724,True,NOT_CHECKED,0.06599958
snai1b,msx1b,-0.06569757,-0.0699383,True,NOT_CHECKED,0.06569757
celf2,nr2f5,0.06560338,0.06749526,True,NOT_CHECKED,0.06560338
ctsd,tfec,-0.06529068,-0.0794731,True,NOT_CHECKED,0.06529068
scamp3,nfe2l2a,-0.06442499,-0.062493,True,NOT_CHECKED,0.06442499
pcdh10b,egr2b,-0.06420747,-0.077683404,True,NOT_CHECKED,0.06420747
bace2,tfec,-0.06382708,-0.07430826,True,NOT_CHECKED,0.06382708
col5a2a,hoxa9a,0.06334527,0.09870773,True,NOT_CHECKED,0.06334527
f11r.1,sox9b,-0.06321788,-0.051393803,True,NOT_CHECKED,0.06321788
mllt3,hoxa9a,0.06282569,0.09884329,True,NOT_CHECKED,0.06282569
tpm4a,tead3b,0.062760964,0.03326258,True,NOT_CHECKED,0.062760964
fabp3,egr4,-0.06262703,-0.11903289,True,NOT_CHECKED,0.06262703
bmpr1aa,fli1a,-0.06246744,-0.12744425,True,NOT_CHECKED,0.06246744
cenpf,tead1b,0.062196605,0.07596469,True,NOT_CHECKED,0.062196605
hsp70.2,fli1a,-0.06217237,-0.114494994,True,NOT_CHECKED,0.06217237
bmper,zic2a,-0.062023498,-0.0677701,True,NOT_CHECKED,0.062023498
dut,snai1a,-0.062012803,-0.12472762,True,NOT_CHECKED,0.062012803
lamb1a,nr4a3,-0.061746195,-0.06931285,True,NOT_CHECKED,0.061746195
rarga,hoxc11b,-0.061715472,-0.10302689,True,NOT_CHECKED,0.061715472
crhr1,hoxc11b,-0.061382238,-0.08740902,True,NOT_CHECKED,0.061382238
cbfb,ebf1b,0.061276726,0.051430065,True,NOT_CHECKED,0.061276726
pcdh10b,sox10,0.06124261,0.07409628,True,NOT_CHECKED,0.06124261
zcchc24,bach2b,0.060733728,0.082623616,True,NOT_CHECKED,0.060733728
pmp22a,zeb1b,-0.06063264,-0.061835818,True,NOT_CHECKED,0.06063264
gli3,sox10,0.06055846,0.14702591,True,NOT_CHECKED,0.06055846
gadd45ba,fosl2,-0.06051836,-0.066928685,True,NOT_CHECKED,0.06051836
col4a6,bhlhe40,0.060496204,0.047030512,True,NOT_CHECKED,0.060496204
myo6b,snai1a,0.06013791,0.07619694,True,NOT_CHECKED,0.06013791
lipf,bhlhe40,-0.06005943,-0.05993338,True,NOT_CHECKED,0.06005943
tead1b,hoxc3a,0.05985896,0.12087098,True,NOT_CHECKED,0.05985896
mycn,rarga,-0.05953249,-0.08593773,True,NOT_CHECKED,0.05953249
cd164,bhlhe40,0.059244946,0.08408447,True,NOT_CHECKED,0.059244946
marcksl1b,ebf3a,-0.058995377,-0.17873281,True,NOT_CHECKED,0.058995377
pbx1a,nr2f2,-0.058498573,-0.05042281,True,NOT_CHECKED,0.058498573
paics,mitfa,0.05834394,0.06706946,True,NOT_CHECKED,0.05834394
pcdh10b,hnf1bb,-0.05787766,-0.07002509,True,NOT_CHECKED,0.05787766
rnd3a,tead3b,-0.057819784,-0.08147108,True,NOT_CHECKED,0.057819784
lsp1a,rxraa,-0.05755194,-0.07963185,True,NOT_CHECKED,0.05755194
aatkb,bhlhe40,-0.057076827,-0.07899358,True,NOT_CHECKED,0.057076827
egr4,jun,0.05621598,0.048394192,True,NOT_CHECKED,0.05621598
foxp4,fli1a,-0.055380706,-0.0898789,True,NOT_CHECKED,0.055380706
sept9a,mitfa,0.055171557,0.028475972,True,NOT_CHECKED,0.055171557
hnrnpabb,pbx1a,-0.054461118,-0.07689645,True,NOT_CHECKED,0.054461118
mtus1b,fli1a,-0.052622005,-0.048802044,True,NOT_CHECKED,0.052622005
gria1a,sox6,-0.052580837,-0.053578548,True,NOT_CHECKED,0.052580837
slc3a2a,tfec,-0.052377295,-0.023399329,True,NOT_CHECKED,0.052377295
sema6e,msx1b,-0.05232988,-0.05661505,True,NOT_CHECKED,0.05232988
prmt1,nr2f6b,-0.052268796,-0.100055814,True,NOT_CHECKED,0.052268796
eya1,zeb1b,-0.052229103,-0.035135135,True,NOT_CHECKED,0.052229103
dusp6,nr2f2,0.051639155,0.07128213,True,NOT_CHECKED,0.051639155
stom,fli1a,0.05160029,0.08519371,True,NOT_CHECKED,0.05160029
si:ch211-263k4.2,ebf1b,-0.051579498,-0.03776733,True,NOT_CHECKED,0.051579498
shroom4,tfec,0.051505268,0.0867991,True,NOT_CHECKED,0.051505268
tnc,alx4a,-0.05124827,-0.033632733,True,NOT_CHECKED,0.05124827
bhlhe40,tfec,-0.050925575,-0.0516115,True,NOT_CHECKED,0.050925575
slmapb,tfap2a,-0.05056227,-0.06706911,True,NOT_CHECKED,0.05056227
gphna,tfeb,-0.049962845,-0.037647564,True,NOT_CHECKED,0.049962845
lin28a,tfap2b,-0.049188994,-0.09349944,True,NOT_CHECKED,0.049188994
ap3m2,bhlhe40,0.04912379,0.043239795,True,NOT_CHECKED,0.04912379
osbpl10b,hnf1bb,-0.048879683,-0.07943035,True,NOT_CHECKED,0.048879683
mdka,nr2f5,-0.04865386,-0.07390827,True,NOT_CHECKED,0.04865386
ppiab,ebf3a,0.0484323,0.057219792,True,NOT_CHECKED,0.0484323
atp6v1e1b,nfe2l2a,-0.047881443,-0.04909853,True,NOT_CHECKED,0.047881443
pag1,tfec,0.047714498,0.071477346,True,NOT_CHECKED,0.047714498
si:ch211-11k18.4,tfec,0.04733609,0.07308658,True,NOT_CHECKED,0.04733609
zic2a,hoxb9a,0.046931926,0.047426973,True,NOT_CHECKED,0.046931926
pcbp4,tfap2e,-0.04681612,-0.027252983,True,NOT_CHECKED,0.04681612
rarga,fosl2,0.04670214,0.07796385,True,NOT_CHECKED,0.04670214
cdh11,sox6,0.04667875,0.021195604,True,NOT_CHECKED,0.04667875
srgap3,tfeb,0.04614943,0.05732333,True,NOT_CHECKED,0.04614943
pmp22a,fosl2,0.04557542,0.04647981,True,NOT_CHECKED,0.04557542
ckbb,tfeb,-0.04506711,-0.07001875,True,NOT_CHECKED,0.04506711
cenpf,sox9b,-0.044979185,-0.054935955,True,NOT_CHECKED,0.044979185
slc2a3b,sox10,0.04458876,0.061924472,True,NOT_CHECKED,0.04458876
cad,rxraa,-0.044509657,-0.08053125,True,NOT_CHECKED,0.044509657
pmp22a,tead1b,0.044492796,0.0453757,True,NOT_CHECKED,0.044492796
mdkb,zic4,0.044457734,0.0669806,True,NOT_CHECKED,0.044457734
stard13b,mitfa,0.04375464,0.08327047,True,NOT_CHECKED,0.04375464
ckbb,rorab,0.04366497,0.067840315,True,NOT_CHECKED,0.04366497
inka1a,nr2f5,-0.043374006,-0.050775807,True,NOT_CHECKED,0.043374006
kcnab1a,rxraa,0.042153172,0.04837124,True,NOT_CHECKED,0.042153172
rras2,jun,0.042000968,0.0568083,True,NOT_CHECKED,0.042000968
celf2,tfeb,-0.041816108,-0.043022003,True,NOT_CHECKED,0.041816108
col12a1a,hnf1ba,-0.040908437,-0.049903747,True,NOT_CHECKED,0.040908437
aatkb,mitfa,0.040725376,0.05636339,True,NOT_CHECKED,0.040725376
foxp4,sox9b,0.040602807,0.06589544,True,NOT_CHECKED,0.040602807
msx1b,msx3,0.039900586,0.055983108,True,NOT_CHECKED,0.039900586
efnb2a,erfl3,0.03962378,0.029680029,True,NOT_CHECKED,0.03962378
btg1,elk3,-0.03961841,-0.06932463,True,NOT_CHECKED,0.03961841
tpm4a,fli1a,0.0391344,0.020740777,True,NOT_CHECKED,0.0391344
six4a,hic1,0.03850164,0.042013258,True,NOT_CHECKED,0.03850164
col4a6,nr2f5,-0.03847536,-0.02991123,True,NOT_CHECKED,0.03847536
ccn2a,nr2f2,-0.03826816,-0.013182914,True,NOT_CHECKED,0.03826816
akr1b1.1,bhlhe40,-0.037968792,-0.04206553,True,NOT_CHECKED,0.037968792
cbfb,ebf3a,-0.0377474,-0.03168171,True,NOT_CHECKED,0.0377474
ednrab,hoxa2b,-0.037421618,-0.063344784,True,NOT_CHECKED,0.037421618
tspan36,tfap2e,-0.03679116,-0.027223967,True,NOT_CHECKED,0.03679116
tnfrsf19,zeb1b,-0.036731567,-0.064510845,True,NOT_CHECKED,0.036731567
jmjd1cb,erfl3,-0.03668447,-0.056231227,True,NOT_CHECKED,0.03668447
ebf3a,nr4a2b,0.035829384,0.012500445,True,NOT_CHECKED,0.035829384
fscn1a,tead1b,-0.035803977,-0.075966544,True,NOT_CHECKED,0.035803977
runx1t1,fli1a,0.035254337,0.023203412,True,NOT_CHECKED,0.035254337
hoxb6b,hoxa9a,0.034994308,0.03443438,True,NOT_CHECKED,0.034994308
vcana,hoxb9a,-0.034777187,-0.045787185,True,NOT_CHECKED,0.034777187
col11a1b,ebf3a,-0.03436022,-0.02277517,True,NOT_CHECKED,0.03436022
efnb2a,jdp2b,0.03373122,0.02526623,True,NOT_CHECKED,0.03373122
pcdh9,jdp2b,-0.03368487,-0.02363229,True,NOT_CHECKED,0.03368487
ldhba,mitfa,-0.033654556,-0.04775574,True,NOT_CHECKED,0.033654556
hoxb6a,hoxd12a,-0.033449173,-0.03319408,True,NOT_CHECKED,0.033449173
cdx4,hoxa11b,0.033034857,0.034581292,True,NOT_CHECKED,0.033034857
zcchc24,elk3,0.032908343,0.044769295,True,NOT_CHECKED,0.032908343
ppfibp1a,fli1a,0.032569442,0.04846682,True,NOT_CHECKED,0.032569442
nr2f5,zeb1b,0.031781536,0.16814615,True,NOT_CHECKED,0.031781536
serinc5,ebf1b,-0.031043459,-0.020683447,True,NOT_CHECKED,0.031043459
pdgfra,zeb1b,-0.031023297,-0.05697547,True,NOT_CHECKED,0.031023297
mdkb,msx1b,0.030711802,0.046270795,True,NOT_CHECKED,0.030711802
tyr,mitfa,0.0305801,0.03754525,True,NOT_CHECKED,0.0305801
serpinh1b,sox6,-0.030236067,-0.049809553,True,NOT_CHECKED,0.030236067
rarga,fli1a,-0.029772785,-0.049702242,True,NOT_CHECKED,0.029772785
meis1b,bach2b,-0.029032301,-0.038022935,True,NOT_CHECKED,0.029032301
plekhg4,tead1b,0.028637785,0.044283383,True,NOT_CHECKED,0.028637785
mef2ca,nr2f5,-0.028080907,-0.032450985,True,NOT_CHECKED,0.028080907
jun,nr4a3,-0.027729621,-0.10050439,True,NOT_CHECKED,0.027729621
fscn1a,rxraa,-0.027525254,-0.058401287,True,NOT_CHECKED,0.027525254
plxnb1a,hoxa9b,0.027205959,0.024486931,True,NOT_CHECKED,0.027205959
pcdh9,jun,0.027107574,0.019017858,True,NOT_CHECKED,0.027107574
stat3,mitfa,-0.027095076,-0.048838448,True,NOT_CHECKED,0.027095076
sox6,elk3,-0.026916241,-0.11229168,True,NOT_CHECKED,0.026916241
ptprfa,nr4a3,0.026193324,0.022834588,True,NOT_CHECKED,0.026193324
plppr3a,etv5b,-0.025886748,-0.045968816,True,NOT_CHECKED,0.025886748
rab38b,mitfa,-0.025499688,-0.022145309,True,NOT_CHECKED,0.025499688
zgc:153039,tfap2e,0.024390666,0.04326471,True,NOT_CHECKED,0.024390666
jun,fosl2,0.024387445,0.08839087,True,NOT_CHECKED,0.024387445
gdap2,sox10,0.024374966,0.017809493,True,NOT_CHECKED,0.024374966
her9,alx4a,-0.02435397,-0.04348227,True,NOT_CHECKED,0.02435397
pah,rorab,0.024113126,0.016976815,True,NOT_CHECKED,0.024113126
itga5,sox6,-0.02159937,-0.03223252,True,NOT_CHECKED,0.02159937
coro1ca,fosab,0.021207837,0.02746559,True,NOT_CHECKED,0.021207837
neto1l,ebf3a,0.020875242,0.02829317,True,NOT_CHECKED,0.020875242
hoxa11b,hoxb9a,0.020462576,0.02787442,True,NOT_CHECKED,0.020462576
snai1b,zeb1b,-0.019920737,-0.021206604,True,NOT_CHECKED,0.019920737
iqgap1,snai1a,-0.01976912,-0.016921742,True,NOT_CHECKED,0.01976912
pvalb7,hoxc9a,-0.019464904,-0.028180793,True,NOT_CHECKED,0.019464904
plecb,alx4a,-0.0192849,-0.018858856,True,NOT_CHECKED,0.0192849
smim29,mitfa,0.017333457,0.031761434,True,NOT_CHECKED,0.017333457
gli2a,tead3b,-0.017183563,-0.02727288,True,NOT_CHECKED,0.017183563
cnn3a,tead3b,0.017087126,0.016253376,True,NOT_CHECKED,0.017087126
bmpr1ab,bach2b,0.01686745,0.037329964,True,NOT_CHECKED,0.01686745
mitfa,klf15,-0.016793678,-0.043055214,True,NOT_CHECKED,0.016793678
got2b,elk3,0.016622704,0.020544853,True,NOT_CHECKED,0.016622704
epha4a,sox10,0.0165201,0.015375299,True,NOT_CHECKED,0.0165201
sept12,msx1b,0.01649198,0.033207033,True,NOT_CHECKED,0.01649198
ctsz,bhlhe40,-0.016345259,-0.013748027,True,NOT_CHECKED,0.016345259
hoxb3a,hoxb9a,0.016005654,0.020952435,True,NOT_CHECKED,0.016005654
jun,nr2f6b,0.015928708,0.05773267,True,NOT_CHECKED,0.015928708
marcksl1b,fosl2,-0.01584084,-0.047991518,True,NOT_CHECKED,0.01584084
tle3b,msx1b,-0.015563738,-0.028748713,True,NOT_CHECKED,0.015563738
hnrnpa1b,hoxa2b,0.015489108,0.03122408,True,NOT_CHECKED,0.015489108
srgap3,hoxa9a,-0.015470961,-0.019216858,True,NOT_CHECKED,0.015470961
zgc:154093,hoxb8a,-0.01506957,-0.01446972,True,NOT_CHECKED,0.01506957
slc36a1,tfap2e,-0.014927813,-0.022066223,True,NOT_CHECKED,0.014927813
ppiab,tfap2a,-0.014602284,-0.017251702,True,NOT_CHECKED,0.014602284
msx3,zic2a,-0.014153089,-0.016097888,True,NOT_CHECKED,0.014153089
bend3,tfec,-0.013689162,-0.015776481,True,NOT_CHECKED,0.013689162
artnb,hoxa4a,-0.013588431,-0.013808656,True,NOT_CHECKED,0.013588431
rarga,ebf3a,-0.013440467,-0.022437315,True,NOT_CHECKED,0.013440467
dusp5,tead3b,-0.013407728,-0.008393172,True,NOT_CHECKED,0.013407728
bmpr1ab,ebf3a,0.013262795,0.029352374,True,NOT_CHECKED,0.013262795
hoxa9b,hoxc9a,0.012576326,0.0200173,True,NOT_CHECKED,0.012576326
pcdh10b,hoxa4a,0.012212614,0.01477581,True,NOT_CHECKED,0.012212614
bhlhe40,sox19a,-0.012146832,-0.012310441,True,NOT_CHECKED,0.012146832
egfra,nr2f6b,-0.011231234,-0.007376952,True,NOT_CHECKED,0.011231234
crlf1a,tfec,0.010642773,0.0072874683,True,NOT_CHECKED,0.010642773
atp6v0e1,rxraa,0.010613785,0.003941011,True,NOT_CHECKED,0.010613785
hoxd10a,hoxa9a,-0.0105567975,-0.01138808,True,NOT_CHECKED,0.0105567975
lsp1a,nr2f6b,-0.009418846,-0.013032405,True,NOT_CHECKED,0.009418846
f3b,tfap2a,0.009247364,0.013172962,True,NOT_CHECKED,0.009247364
si:ch211-199g17.2,hnf1ba,-0.009203432,-0.010814158,True,NOT_CHECKED,0.009203432
sox6,nr2f5,-0.009019124,-0.037626818,True,NOT_CHECKED,0.009019124
gdf6a,msx3,-0.008863673,-0.0069599394,True,NOT_CHECKED,0.008863673
zfhx4,mitfa,0.008844888,0.0115775755,True,NOT_CHECKED,0.008844888
rgs2,mitfa,-0.008800737,-0.0077446853,True,NOT_CHECKED,0.008800737
tle3b,hoxa9b,-0.008639757,-0.015959011,True,NOT_CHECKED,0.008639757
stard9,mitfa,-0.00836018,-0.016586669,True,NOT_CHECKED,0.00836018
cdkn1ca,fli1a,0.008359468,0.009115768,True,NOT_CHECKED,0.008359468
snx3,tfap2b,0.008295204,0.009596762,True,NOT_CHECKED,0.008295204
hoxd12a,hoxb9a,-0.00761675,-0.010129193,True,NOT_CHECKED,0.00761675
psap,tfec,0.00695237,0.010065558,True,NOT_CHECKED,0.00695237
marcksl1b,tfap2c,-0.006796214,-0.020589858,True,NOT_CHECKED,0.006796214
pknox2,sox6,-0.0067486567,-0.014441911,True,NOT_CHECKED,0.0067486567
hoxb5a,hoxd12a,0.0064787823,0.006650909,True,NOT_CHECKED,0.0064787823
shroom4,bach2b,-0.006079332,-0.010245176,True,NOT_CHECKED,0.006079332
ctsla,mitfa,-0.005899369,-0.003814499,True,NOT_CHECKED,0.005899369
slc36a1,bhlhe41,-0.0058550765,-0.008654947,True,NOT_CHECKED,0.0058550765
dact2,hoxb8a,0.005342648,0.0067052813,True,NOT_CHECKED,0.005342648
alx4a,fosl2,-0.004606083,-0.00497513,True,NOT_CHECKED,0.004606083
si:dkey-261h17.1,tbx15,-0.0036526269,-0.0024820243,True,NOT_CHECKED,0.0036526269
cryl1,rorab,-0.0036036489,-0.003768817,True,NOT_CHECKED,0.0036036489
pax7b,tfap2c,-0.002724439,-0.0019494706,True,NOT_CHECKED,0.002724439
wnt4,msx3,0.0025523887,0.0016283906,True,NOT_CHECKED,0.0025523887
pcdh9,bhlhe41,0.0020573963,0.0014434075,True,NOT_CHECKED,0.0020573963
itga8,ebf3a,0.001957131,0.001241373,True,NOT_CHECKED,0.001957131
tuba8l3,snai1a,0.0019267049,0.0013727432,True,NOT_CHECKED,0.0019267049
pepd,tfap2e,0.0013145143,0.0022785391,True,NOT_CHECKED,0.0013145143
